ID,ArthropodSightingFK,OriginalGroup,SuggestedGroups,SupportingIdentifications,DisputingIdentifications,ExpertIdentification,INaturalistObservationURL,LastUpdated
1,74338,leafhopper,truebugs,0,3,truebugs,https://www.inaturalist.org/observations/34754384,"2026-06-29 09:42:05"
2,74196,grasshopper,truebugs,0,3,truebugs,https://www.inaturalist.org/observations/33992925,"2022-06-13 08:48:06"
3,73747,grasshopper,truebugs,0,3,truebugs,https://www.inaturalist.org/observations/33328178,"2022-06-13 08:51:07"
4,73516,caterpillar,beetle,0,6,beetle,https://www.inaturalist.org/observations/32914719,"2022-06-13 08:51:07"
5,73521,beetle,truebugs,0,3,truebugs,https://www.inaturalist.org/observations/32891626,"2022-06-13 08:54:06"
6,73392,beetle,truebugs,0,3,truebugs,https://www.inaturalist.org/observations/32835053,"2022-06-13 08:54:06"
7,73183,beetle,leafhopper,0,2,leafhopper,https://www.inaturalist.org/observations/32424665,"2022-06-13 08:57:07"
8,73112,fly,Neuroptera,0,3,Neuroptera,https://www.inaturalist.org/observations/32172150,"2022-06-13 08:57:07"
9,73066,leafhopper,Neuroptera,0,3,Neuroptera,https://www.inaturalist.org/observations/32077799,"2022-06-13 08:57:07"
10,72914,leafhopper,moths,0,4,moths,https://www.inaturalist.org/observations/31790153,"2022-06-13 09:00:07"
11,72498,truebugs,Blattodea,0,1,,https://www.inaturalist.org/observations/31454799,"2022-06-13 09:03:07"
12,72477,truebugs,beetle,0,3,beetle,https://www.inaturalist.org/observations/31454292,"2022-06-13 09:03:07"
13,72396,beetle,truebugs,0,5,truebugs,https://www.inaturalist.org/observations/30898016,"2022-06-13 09:06:07"
14,72219,caterpillar,"bee (sawfly)",0,3,"bee (sawfly)",https://www.inaturalist.org/observations/30714319,"2022-06-13 09:09:06"
15,71333,spider,caterpillar,0,3,caterpillar,https://www.inaturalist.org/observations/29934607,"2022-06-13 09:15:06"
16,71282,beetle,"truebugs, leafhopper",0,3,truebugs,https://www.inaturalist.org/observations/29926049,"2022-06-13 09:15:06"
17,71277,beetle,truebugs,0,3,truebugs,https://www.inaturalist.org/observations/29925156,"2022-06-13 09:15:06"
18,71264,beetle,truebugs,0,3,truebugs,https://www.inaturalist.org/observations/29923196,"2022-06-13 09:15:06"
19,71255,grasshopper,leafhopper,0,4,leafhopper,https://www.inaturalist.org/observations/29922659,"2022-06-13 09:15:06"
20,71252,grasshopper,leafhopper,0,4,leafhopper,https://www.inaturalist.org/observations/29922481,"2022-06-13 09:15:06"
21,71243,beetle,truebugs,0,3,truebugs,https://www.inaturalist.org/observations/29922090,"2022-06-13 09:15:06"
22,71166,grasshopper,truebugs,0,3,truebugs,https://www.inaturalist.org/observations/29917036,"2022-06-13 09:15:06"
23,71116,fly,Psocodea,0,3,Psocodea,https://www.inaturalist.org/observations/29911358,"2022-06-13 09:15:06"
24,71093,caterpillar,"bee (sawfly)",0,3,"bee (sawfly)",https://www.inaturalist.org/observations/29852955,"2022-06-13 09:18:06"
25,70823,bee,"bee (sawfly)",0,2,"bee (sawfly)",https://www.inaturalist.org/observations/29588984,"2022-06-13 09:18:06"
26,70119,beetle,truebugs,0,3,truebugs,https://www.inaturalist.org/observations/29451100,"2022-06-13 09:21:07"
27,69521,beetle,truebugs,0,4,truebugs,https://www.inaturalist.org/observations/29159197,"2022-06-13 09:24:07"
28,69409,caterpillar,"bee (sawfly)",0,4,"bee (sawfly)",https://www.inaturalist.org/observations/29157808,"2022-06-13 09:27:06"
29,69269,caterpillar,"bee (sawfly)",2,1,caterpillar,https://www.inaturalist.org/observations/29156166,"2022-06-13 09:27:06"
30,69155,caterpillar,"bee (sawfly)",0,4,"bee (sawfly)",https://www.inaturalist.org/observations/29154601,"2022-06-13 09:30:06"
31,68076,grasshopper,truebugs,0,3,truebugs,https://www.inaturalist.org/observations/28843674,"2022-06-13 09:36:06"
32,67429,truebugs,beetle,0,5,beetle,https://www.inaturalist.org/observations/28587475,"2022-06-13 09:39:06"
33,67427,caterpillar,spider,0,2,spider,https://www.inaturalist.org/observations/28587373,"2022-06-13 09:39:06"
34,67053,beetle,truebugs,0,5,truebugs,https://www.inaturalist.org/observations/28518416,"2022-06-13 09:42:06"
35,66475,fly,beetle,0,3,beetle,https://www.inaturalist.org/observations/28441407,"2022-06-13 09:45:07"
36,66425,fly,Trichoptera,0,4,Trichoptera,https://www.inaturalist.org/observations/28438132,"2022-06-13 09:45:07"
37,66163,moths,Trichoptera,0,4,Trichoptera,https://www.inaturalist.org/observations/28240259,"2022-06-13 09:48:06"
38,66160,beetle,truebugs,0,3,truebugs,https://www.inaturalist.org/observations/28239808,"2022-06-13 09:48:06"
39,65834,caterpillar,"bee (sawfly)",0,1,,https://www.inaturalist.org/observations/28120783,"2022-06-13 09:51:05"
40,65749,leafhopper,grasshopper,0,5,grasshopper,https://www.inaturalist.org/observations/28118666,"2022-06-13 09:51:05"
41,65495,moths,Trichoptera,0,3,Trichoptera,https://www.inaturalist.org/observations/28073765,"2022-06-13 09:54:06"
42,65487,beetle,truebugs,0,4,truebugs,https://www.inaturalist.org/observations/28067710,"2022-06-13 09:54:06"
43,64837,leafhopper,beetle,0,3,beetle,https://www.inaturalist.org/observations/27826716,"2022-06-06 09:30:10"
44,64445,leafhopper,beetle,0,6,beetle,https://www.inaturalist.org/observations/27771219,"2022-06-06 09:33:09"
45,64253,caterpillar,"bee (sawfly)",0,3,"bee (sawfly)",https://www.inaturalist.org/observations/27755596,"2022-06-06 09:33:09"
46,64245,leafhopper,grasshopper,0,5,grasshopper,https://www.inaturalist.org/observations/27755088,"2022-06-06 09:33:09"
47,64057,truebugs,grasshopper,0,3,grasshopper,https://www.inaturalist.org/observations/27711827,"2022-06-06 09:36:08"
48,64043,truebugs,grasshopper,0,3,grasshopper,https://www.inaturalist.org/observations/27710456,"2022-06-06 09:36:08"
49,63896,caterpillar,"bee (sawfly)",1,1,moths,https://www.inaturalist.org/observations/27697174,"2022-06-06 09:39:09"
50,63528,beetle,truebugs,0,4,truebugs,https://www.inaturalist.org/observations/27647130,"2022-06-06 09:39:09"
51,63523,fly,Ephemeroptera,0,3,Ephemeroptera,https://www.inaturalist.org/observations/27646762,"2022-06-06 09:39:09"
52,63507,beetle,truebugs,0,3,truebugs,https://www.inaturalist.org/observations/27644543,"2022-06-06 09:42:07"
53,63327,caterpillar,"bee (sawfly)",0,3,"bee (sawfly)",https://www.inaturalist.org/observations/27634821,"2022-06-06 09:42:07"
54,63242,caterpillar,"bee (sawfly)",0,3,"bee (sawfly)",https://www.inaturalist.org/observations/27631100,"2022-06-06 09:42:07"
55,63241,caterpillar,"bee (sawfly)",0,3,"bee (sawfly)",https://www.inaturalist.org/observations/27630921,"2022-06-06 09:42:07"
56,63005,truebugs,grasshopper,0,3,grasshopper,https://www.inaturalist.org/observations/27565442,"2022-06-06 09:45:09"
57,62775,truebugs,leafhopper,0,1,,https://www.inaturalist.org/observations/27390026,"2022-06-06 09:48:08"
58,62209,caterpillar,"bee (sawfly)",0,3,"bee (sawfly)",https://www.inaturalist.org/observations/27288270,"2022-06-06 09:54:07"
59,62067,fly,Odonata,0,4,Odonata,https://www.inaturalist.org/observations/27270858,"2022-06-06 09:57:07"
60,61714,bee,fly,0,5,fly,https://www.inaturalist.org/observations/27224624,"2022-06-06 09:57:07"
61,61684,caterpillar,"bee (sawfly)",0,4,"bee (sawfly)",https://www.inaturalist.org/observations/27222484,"2022-06-06 09:57:07"
62,61151,spider,daddylonglegs,0,4,daddylonglegs,https://www.inaturalist.org/observations/27159387,"2022-05-30 09:33:08"
63,61126,truebugs,leafhopper,0,3,leafhopper,https://www.inaturalist.org/observations/27159224,"2026-06-29 09:45:06"
64,61170,spider,daddylonglegs,0,3,daddylonglegs,https://www.inaturalist.org/observations/27158738,"2022-05-30 09:36:07"
65,61121,spider,daddylonglegs,0,3,daddylonglegs,https://www.inaturalist.org/observations/27157415,"2022-05-30 09:36:07"
66,61118,spider,daddylonglegs,0,3,daddylonglegs,https://www.inaturalist.org/observations/27156837,"2022-05-30 09:36:07"
67,60979,ant,truebugs,0,3,truebugs,https://www.inaturalist.org/observations/27149121,"2022-05-30 09:36:07"
68,60698,truebugs,leafhopper,0,2,leafhopper,https://www.inaturalist.org/observations/26972226,"2022-05-30 09:39:06"
69,60691,spider,daddylonglegs,0,3,daddylonglegs,https://www.inaturalist.org/observations/26971634,"2022-05-30 09:39:06"
70,60420,fly,bee,0,4,bee,https://www.inaturalist.org/observations/26947686,"2022-05-30 09:42:08"
71,60408,bee,fly,0,3,fly,https://www.inaturalist.org/observations/26947454,"2022-05-30 09:42:08"
72,60144,truebugs,Psocodea,0,3,Psocodea,https://www.inaturalist.org/observations/26870008,"2022-05-30 09:45:07"
73,60017,caterpillar,"bee (sawfly)",0,2,"bee (sawfly)",https://www.inaturalist.org/observations/26860596,"2022-05-30 09:48:08"
74,60860,beetle,Blattodea,0,3,Blattodea,https://www.inaturalist.org/observations/26817748,"2022-05-30 09:48:08"
75,62442,fly,Odonata,0,3,Odonata,https://www.inaturalist.org/observations/26803917,"2022-05-30 09:51:08"
76,59386,bee,fly,0,5,fly,https://www.inaturalist.org/observations/26801705,"2022-05-30 09:51:08"
77,59060,fly,Ephemeroptera,0,3,Ephemeroptera,https://www.inaturalist.org/observations/26684762,"2022-05-30 09:54:07"
78,58538,caterpillar,"bee (sawfly)",0,4,"bee (sawfly)",https://www.inaturalist.org/observations/26513144,"2022-05-23 09:24:07"
79,57962,truebugs,beetle,0,4,beetle,https://www.inaturalist.org/observations/26415436,"2022-05-23 09:24:07"
80,57957,truebugs,fly,0,3,fly,https://www.inaturalist.org/observations/26414835,"2022-05-23 09:24:07"
81,57953,fly,leafhopper,0,4,leafhopper,https://www.inaturalist.org/observations/26414567,"2022-05-23 09:27:08"
82,57885,caterpillar,beetle,0,3,beetle,https://www.inaturalist.org/observations/26395883,"2022-05-23 09:27:08"
83,57584,moths,leafhopper,0,6,leafhopper,https://www.inaturalist.org/observations/26344769,"2022-05-23 09:27:08"
84,57481,caterpillar,beetle,0,2,beetle,https://www.inaturalist.org/observations/26332910,"2022-05-23 09:30:09"
85,57312,caterpillar,fly,0,5,fly,https://www.inaturalist.org/observations/26321254,"2022-05-23 09:30:09"
86,56889,beetle,truebugs,0,3,truebugs,https://www.inaturalist.org/observations/26077427,"2022-05-23 09:33:08"
87,56875,fly,Ephemeroptera,0,3,Ephemeroptera,https://www.inaturalist.org/observations/26075027,"2022-05-23 09:33:08"
88,56839,caterpillar,beetle,0,4,beetle,https://www.inaturalist.org/observations/26071881,"2026-06-29 09:48:05"
89,56831,caterpillar,"bee (sawfly)",0,3,"bee (sawfly)",https://www.inaturalist.org/observations/26069086,"2022-05-23 09:33:08"
90,56828,caterpillar,"bee (sawfly)",0,4,"bee (sawfly)",https://www.inaturalist.org/observations/26065961,"2022-05-23 09:33:08"
91,56643,bee,"bee (sawfly)",0,2,"bee (sawfly)",https://www.inaturalist.org/observations/26017701,"2022-05-23 09:33:08"
92,56576,fly,bee,0,3,bee,https://www.inaturalist.org/observations/26012404,"2022-05-23 09:33:08"
93,56063,aphid,leafhopper,0,3,leafhopper,https://www.inaturalist.org/observations/25874792,"2022-05-23 09:39:07"
94,56053,fly,bee,0,3,bee,https://www.inaturalist.org/observations/25873972,"2022-05-23 09:39:08"
95,55381,bee,"bee (sawfly)",0,3,"bee (sawfly)",https://www.inaturalist.org/observations/25591155,"2022-05-23 09:42:07"
96,55354,truebugs,beetle,0,5,beetle,https://www.inaturalist.org/observations/25573559,"2022-05-23 09:42:07"
97,55337,fly,truebugs,0,3,truebugs,https://www.inaturalist.org/observations/25564851,"2022-05-23 09:42:07"
98,55326,caterpillar,beetle,0,5,beetle,https://www.inaturalist.org/observations/25564040,"2026-06-29 09:48:05"
99,55013,aphid,Trombidiformes,0,3,Trombidiformes,https://www.inaturalist.org/observations/25499260,"2022-05-23 09:42:07"
100,54794,grasshopper,truebugs,0,4,truebugs,https://www.inaturalist.org/observations/25438778,"2022-05-23 09:45:08"
101,54758,caterpillar,"bee (sawfly)",0,4,"bee (sawfly)",https://www.inaturalist.org/observations/25403960,"2026-06-29 09:48:05"
102,54335,caterpillar,"bee (sawfly)",0,4,"bee (sawfly)",https://www.inaturalist.org/observations/25209451,"2022-05-23 09:45:08"
103,53675,caterpillar,"bee (sawfly)",0,3,"bee (sawfly)",https://www.inaturalist.org/observations/24960119,"2022-05-23 09:48:07"
104,43838,truebugs,beetle,0,5,beetle,https://www.inaturalist.org/observations/22889249,"2022-05-23 09:51:07"
105,43835,truebugs,beetle,0,3,beetle,https://www.inaturalist.org/observations/22884528,"2022-05-23 09:51:07"
106,43797,bee,fly,0,3,fly,https://www.inaturalist.org/observations/22660516,"2022-05-23 09:51:07"
107,43798,bee,fly,0,6,fly,https://www.inaturalist.org/observations/22660509,"2026-06-29 09:48:05"
108,43793,bee,ant,0,2,ant,https://www.inaturalist.org/observations/22660120,"2022-05-23 09:51:07"
109,43786,grasshopper,truebugs,0,3,truebugs,https://www.inaturalist.org/observations/22627374,"2022-05-23 09:51:07"
110,43599,fly,bee,0,5,bee,https://www.inaturalist.org/observations/22560138,"2022-05-23 09:54:07"
111,43514,caterpillar,"bee (sawfly)",0,4,"bee (sawfly)",https://www.inaturalist.org/observations/22529599,"2022-05-23 09:54:07"
112,43504,truebugs,beetle,0,1,,https://www.inaturalist.org/observations/22527651,"2022-05-23 09:54:07"
113,43458,grasshopper,truebugs,0,3,truebugs,https://www.inaturalist.org/observations/22522951,"2022-05-23 09:57:07"
114,43315,ant,bee,0,1,,https://www.inaturalist.org/observations/21910926,"2022-05-23 09:57:07"
115,43308,aphid,beetle,0,4,beetle,https://www.inaturalist.org/observations/21876540,"2022-05-23 09:57:07"
116,5160,truebugs,grasshopper,0,4,grasshopper,https://www.inaturalist.org/observations/17848523,"2026-06-29 09:51:04"
117,430,aphid,leafhopper,0,4,leafhopper,https://www.inaturalist.org/observations/17848379,"2022-05-16 09:39:08"
118,407,aphid,fly,0,3,fly,https://www.inaturalist.org/observations/17848350,"2022-05-16 09:39:08"
119,404,truebugs,beetle,0,3,beetle,https://www.inaturalist.org/observations/17848349,"2022-05-16 09:39:08"
120,358,leafhopper,Psocodea,0,3,Psocodea,https://www.inaturalist.org/observations/17848329,"2022-05-16 09:39:08"
121,283,aphid,beetle,0,3,beetle,https://www.inaturalist.org/observations/17848309,"2022-05-16 09:39:08"
122,250,ant,beetle,0,3,beetle,https://www.inaturalist.org/observations/17848294,"2022-05-16 09:39:08"
123,226,aphid,truebugs,0,5,truebugs,https://www.inaturalist.org/observations/17848287,"2022-05-16 09:42:06"
124,218,truebugs,beetle,0,4,beetle,https://www.inaturalist.org/observations/17848276,"2022-05-16 09:42:06"
125,214,fly,"truebugs, aphid",0,2,,https://www.inaturalist.org/observations/17848268,"2022-05-16 09:42:06"
126,212,fly,Psocodea,0,3,Psocodea,https://www.inaturalist.org/observations/17848264,"2022-05-16 09:42:06"
127,205,truebugs,fly,0,7,fly,https://www.inaturalist.org/observations/17848254,"2026-06-29 09:51:04"
128,196,fly,Psocodea,0,2,Psocodea,https://www.inaturalist.org/observations/17848238,"2022-05-16 09:42:06"
129,41779,fly,Psocodea,0,2,Psocodea,https://www.inaturalist.org/observations/17704562,"2022-05-16 09:45:07"
130,41647,aphid,beetle,0,4,beetle,https://www.inaturalist.org/observations/17704481,"2022-05-16 09:48:07"
131,41589,ant,bee,0,2,bee,https://www.inaturalist.org/observations/17704460,"2022-05-16 09:48:07"
132,41478,moths,Neuroptera,0,3,Neuroptera,https://www.inaturalist.org/observations/17704418,"2022-05-16 09:48:07"
133,41477,fly,bee,0,3,bee,https://www.inaturalist.org/observations/17704416,"2022-05-16 09:48:07"
134,41470,leafhopper,truebugs,0,5,truebugs,https://www.inaturalist.org/observations/17704415,"2026-06-29 09:51:04"
135,41460,grasshopper,truebugs,0,4,truebugs,https://www.inaturalist.org/observations/17704407,"2026-06-29 09:51:04"
136,41440,beetle,leafhopper,0,3,leafhopper,https://www.inaturalist.org/observations/17704394,"2022-05-16 09:48:07"
137,13965,aphid,Blattodea,0,4,Blattodea,https://www.inaturalist.org/observations/17704230,"2022-05-16 09:54:08"
138,13655,aphid,truebugs,0,3,truebugs,https://www.inaturalist.org/observations/17704195,"2022-05-16 09:54:08"
139,13626,daddylonglegs,truebugs,0,4,truebugs,https://www.inaturalist.org/observations/17704189,"2022-05-16 09:54:08"
140,13441,caterpillar,"bee (sawfly)",0,3,"bee (sawfly)",https://www.inaturalist.org/observations/17704168,"2022-05-16 09:54:08"
141,13177,grasshopper,Blattodea,0,3,Blattodea,https://www.inaturalist.org/observations/17704112,"2022-05-16 09:54:08"
142,12486,aphid,Blattodea,0,3,Blattodea,https://www.inaturalist.org/observations/17704089,"2022-05-16 09:57:07"
143,13450,bee,"bee (sawfly)",0,1,,https://www.inaturalist.org/observations/17704081,"2022-05-16 09:57:07"
144,11559,aphid,leafhopper,0,3,leafhopper,https://www.inaturalist.org/observations/17704054,"2022-05-16 09:57:07"
145,11360,bee,aphid,0,3,aphid,https://www.inaturalist.org/observations/17703990,"2022-05-16 09:57:07"
146,10253,truebugs,leafhopper,0,5,leafhopper,https://www.inaturalist.org/observations/17703897,"2021-09-27 09:57:16"
147,9930,leafhopper,Psocodea,0,3,Psocodea,https://www.inaturalist.org/observations/17703842,"2021-09-27 09:57:16"
148,9926,fly,Psocodea,0,4,Psocodea,https://www.inaturalist.org/observations/17703836,"2021-09-27 09:57:16"
149,9922,fly,truebugs,0,4,truebugs,https://www.inaturalist.org/observations/17703831,"2026-06-29 09:51:04"
150,9246,fly,leafhopper,0,4,leafhopper,https://www.inaturalist.org/observations/17703796,"2026-06-29 09:51:04"
151,8981,fly,Ephemeroptera,0,3,Ephemeroptera,https://www.inaturalist.org/observations/17703758,"2021-09-20 09:57:11"
152,8865,fly,bee,0,1,,https://www.inaturalist.org/observations/17703707,"2021-09-13 09:57:10"
153,8421,leafhopper,beetle,0,2,beetle,https://www.inaturalist.org/observations/17703686,"2021-09-13 09:57:10"
154,7460,beetle,Blattodea,0,3,Blattodea,https://www.inaturalist.org/observations/17703582,"2021-09-13 09:57:10"
155,6608,fly,Ephemeroptera,0,3,Ephemeroptera,https://www.inaturalist.org/observations/17703528,"2021-09-06 09:57:33"
156,6189,aphid,truebugs,0,3,truebugs,https://www.inaturalist.org/observations/17703494,"2021-09-06 09:57:33"
157,6161,leafhopper,truebugs,0,3,truebugs,https://www.inaturalist.org/observations/17703490,"2021-09-06 09:57:33"
158,5695,aphid,Psocodea,0,3,Psocodea,https://www.inaturalist.org/observations/17703451,"2021-09-06 09:57:33"
159,5201,beetle,truebugs,0,3,truebugs,https://www.inaturalist.org/observations/17703438,"2021-08-30 09:54:09"
160,4979,beetle,leafhopper,0,3,leafhopper,https://www.inaturalist.org/observations/17703431,"2021-08-30 09:54:09"
161,4648,caterpillar,"bee (sawfly)",0,3,"bee (sawfly)",https://www.inaturalist.org/observations/17703421,"2021-08-30 09:57:15"
162,3843,truebugs,leafhopper,0,3,leafhopper,https://www.inaturalist.org/observations/17703344,"2021-08-30 09:57:15"
163,3643,beetle,truebugs,0,3,truebugs,https://www.inaturalist.org/observations/17703316,"2021-08-30 09:57:15"
164,2302,truebugs,beetle,0,4,beetle,https://www.inaturalist.org/observations/17703138,"2021-08-23 09:57:14"
165,3316,fly,ant,0,1,,https://www.inaturalist.org/observations/17703135,"2021-08-23 09:57:14"
166,1555,fly,Psocodea,0,2,Psocodea,https://www.inaturalist.org/observations/17703101,"2021-08-23 09:57:14"
167,508,fly,Plecoptera,0,2,Plecoptera,https://www.inaturalist.org/observations/17703012,"2021-08-16 09:54:15"
168,498,truebugs,fly,0,3,fly,https://www.inaturalist.org/observations/17702983,"2021-08-16 09:54:15"
169,184,bee,fly,0,2,fly,https://www.inaturalist.org/observations/17702884,"2021-08-16 09:57:09"
170,166,fly,Psocodea,0,2,Psocodea,https://www.inaturalist.org/observations/17702858,"2021-08-16 09:57:09"
172,141,ant,spider,0,3,spider,https://www.inaturalist.org/observations/17702815,"2021-08-16 09:57:09"
174,74543,unidentified,truebugs,0,1,truebugs,https://www.inaturalist.org/observations/36480014,"2026-06-29 09:42:05"
176,74535,unidentified,fly,0,0,fly,https://www.inaturalist.org/observations/36479851,"2022-06-13 08:48:06"
178,74482,unidentified,Neuroptera,0,0,Neuroptera,https://www.inaturalist.org/observations/35921561,"2022-06-13 08:48:06"
183,74313,unidentified,spider,0,0,spider,https://www.inaturalist.org/observations/34508489,"2022-06-13 08:48:06"
189,74172,other,Testudines,0,2,Testudines,https://www.inaturalist.org/observations/33810594,"2020-08-10 01:54:17"
208,73597,unidentified,aphid,0,0,aphid,https://www.inaturalist.org/observations/33070192,"2022-06-13 08:51:07"
213,73510,other,Trichoptera,0,1,Trichoptera,https://www.inaturalist.org/observations/32906002,"2022-06-13 08:54:06"
235,73108,other,Blattodea,0,0,Blattodea,https://www.inaturalist.org/observations/32171610,"2022-06-13 08:57:07"
256,72911,unidentified,Blattodea,0,1,Blattodea,https://www.inaturalist.org/observations/31789842,"2022-06-13 09:00:07"
258,72870,unidentified,Blattodea,0,0,Blattodea,https://www.inaturalist.org/observations/31676115,"2022-06-13 09:00:07"
263,72756,unidentified,truebugs,0,0,truebugs,https://www.inaturalist.org/observations/31551370,"2022-06-13 09:00:07"
276,72470,unidentified,truebugs,0,0,truebugs,https://www.inaturalist.org/observations/31453940,"2022-06-13 09:03:07"
277,72467,unidentified,Blattodea,0,0,Blattodea,https://www.inaturalist.org/observations/31453876,"2022-06-13 09:03:07"
284,72394,other,truebugs,0,0,truebugs,https://www.inaturalist.org/observations/30897847,"2022-06-13 09:06:07"
285,72391,other,truebugs,0,0,truebugs,https://www.inaturalist.org/observations/30897678,"2022-06-13 09:06:07"
286,72374,other,truebugs,0,1,truebugs,https://www.inaturalist.org/observations/30896336,"2022-06-13 09:06:07"
297,72276,other,truebugs,0,0,truebugs,https://www.inaturalist.org/observations/30757066,"2022-06-13 09:09:06"
301,72151,unidentified,truebugs,0,1,truebugs,https://www.inaturalist.org/observations/30616059,"2022-06-13 09:09:06"
303,72077,unidentified,truebugs,0,1,truebugs,https://www.inaturalist.org/observations/30502079,"2026-06-29 09:42:05"
304,72074,unidentified,truebugs,0,1,truebugs,https://www.inaturalist.org/observations/30501920,"2022-06-13 09:09:06"
305,72068,unidentified,beetle,0,2,beetle,https://www.inaturalist.org/observations/30501531,"2026-06-29 09:42:05"
307,72050,other,truebugs,0,0,truebugs,https://www.inaturalist.org/observations/30493972,"2022-06-13 09:09:06"
309,72000,unidentified,spider,0,0,spider,https://www.inaturalist.org/observations/30386714,"2022-06-13 09:09:06"
316,71720,unidentified,grasshopper,0,1,grasshopper,https://www.inaturalist.org/observations/30203300,"2022-06-13 09:12:06"
322,71406,unidentified,leafhopper,0,1,leafhopper,https://www.inaturalist.org/observations/29993187,"2022-06-13 09:12:06"
325,71356,other,Psocodea,0,0,Psocodea,https://www.inaturalist.org/observations/29990905,"2022-06-13 09:12:06"
326,71297,unidentified,moths,0,0,moths,https://www.inaturalist.org/observations/29926908,"2022-06-13 09:15:06"
330,71190,other,bee,0,0,bee,https://www.inaturalist.org/observations/29918638,"2021-10-04 07:24:08"
334,71030,unidentified,leafhopper,0,0,leafhopper,https://www.inaturalist.org/observations/29808285,"2022-06-13 09:18:06"
337,70813,unidentified,moths,0,0,moths,https://www.inaturalist.org/observations/29588821,"2022-06-13 09:18:06"
356,70324,unidentified,leafhopper,0,1,leafhopper,https://www.inaturalist.org/observations/29468066,"2022-06-13 09:21:07"
361,70229,unidentified,truebugs,0,0,truebugs,https://www.inaturalist.org/observations/29463496,"2022-06-13 09:21:07"
363,70218,unidentified,leafhopper,0,1,leafhopper,https://www.inaturalist.org/observations/29462830,"2022-06-13 09:21:07"
366,70047,unidentified,Isopoda,0,3,Isopoda,https://www.inaturalist.org/observations/29440541,"2022-06-13 09:24:07"
367,70032,unidentified,Blattodea,0,0,Blattodea,https://www.inaturalist.org/observations/29440188,"2022-06-13 09:24:07"
393,69354,unidentified,truebugs,0,1,truebugs,https://www.inaturalist.org/observations/29156750,"2026-06-29 09:45:06"
401,69118,unidentified,fly,0,0,fly,https://www.inaturalist.org/observations/29154468,"2022-06-13 09:30:06"
402,69126,unidentified,leafhopper,0,0,leafhopper,https://www.inaturalist.org/observations/29154211,"2022-06-13 09:30:06"
410,69067,unidentified,truebugs,0,1,truebugs,https://www.inaturalist.org/observations/29153110,"2026-06-29 09:45:06"
411,69036,unidentified,Neuroptera,0,1,Neuroptera,https://www.inaturalist.org/observations/29152974,"2022-06-13 09:30:06"
412,68978,unidentified,truebugs,0,1,truebugs,https://www.inaturalist.org/observations/29152842,"2022-06-13 09:30:06"
417,68737,unidentified,"beetle, truebugs",0,2,beetle,https://www.inaturalist.org/observations/29150594,"2026-06-29 09:45:06"
431,68298,unidentified,"truebugs, leafhopper",0,1,,https://www.inaturalist.org/observations/28887473,"2022-06-13 09:33:07"
438,68017,unidentified,truebugs,0,0,truebugs,https://www.inaturalist.org/observations/28730753,"2022-06-13 09:36:06"
445,67789,unidentified,beetle,0,1,beetle,https://www.inaturalist.org/observations/28673862,"2022-06-13 09:36:06"
449,67684,unidentified,caterpillar,0,0,caterpillar,https://www.inaturalist.org/observations/28670172,"2022-06-13 09:39:06"
460,67393,unidentified,leafhopper,0,0,leafhopper,https://www.inaturalist.org/observations/28580161,"2022-06-13 09:39:06"
461,67385,unidentified,leafhopper,0,0,leafhopper,https://www.inaturalist.org/observations/28578909,"2022-06-13 09:42:06"
463,67338,unidentified,truebugs,0,0,truebugs,https://www.inaturalist.org/observations/28572025,"2022-06-13 09:42:06"
495,66457,unidentified,leafhopper,0,1,leafhopper,https://www.inaturalist.org/observations/28438958,"2022-06-13 09:45:07"
498,66204,unidentified,leafhopper,0,0,leafhopper,https://www.inaturalist.org/observations/28252697,"2022-06-13 09:48:06"
508,65872,unidentified,leafhopper,0,1,leafhopper,https://www.inaturalist.org/observations/28132720,"2022-06-13 09:51:05"
510,65850,unidentified,grasshopper,0,1,grasshopper,https://www.inaturalist.org/observations/28130045,"2022-06-13 09:51:05"
511,65784,other,Neuroptera,0,0,Neuroptera,https://www.inaturalist.org/observations/28119643,"2022-06-13 09:51:05"
515,65561,unidentified,truebugs,0,1,truebugs,https://www.inaturalist.org/observations/28108289,"2022-06-13 09:54:06"
516,65560,unidentified,Psocodea,0,1,Psocodea,https://www.inaturalist.org/observations/28108249,"2022-06-13 09:54:06"
518,65508,other,Neuroptera,0,0,Neuroptera,https://www.inaturalist.org/observations/28078460,"2022-06-13 09:54:06"
542,65212,unidentified,truebugs,0,0,truebugs,https://www.inaturalist.org/observations/28010619,"2022-06-13 09:57:05"
549,65005,unidentified,leafhopper,0,1,leafhopper,https://www.inaturalist.org/observations/27941820,"2022-06-06 09:27:07"
551,64783,unidentified,"Psocodea, fly",0,3,Psocodea,https://www.inaturalist.org/observations/27823609,"2022-06-06 09:30:10"
556,64685,other,leafhopper,0,3,leafhopper,https://www.inaturalist.org/observations/27816158,"2022-06-06 09:30:10"
590,64019,unidentified,truebugs,0,0,truebugs,https://www.inaturalist.org/observations/27708761,"2022-06-06 09:36:08"
601,63370,other,Neuroptera,0,0,Neuroptera,https://www.inaturalist.org/observations/27635951,"2022-06-06 09:42:07"
665,62498,other,Neuroptera,0,0,Neuroptera,https://www.inaturalist.org/observations/27375948,"2022-06-06 09:48:08"
680,62206,other,truebugs,0,3,truebugs,https://www.inaturalist.org/observations/27288078,"2022-06-06 09:54:07"
694,61766,other,Phasmida,0,1,Phasmida,https://www.inaturalist.org/observations/27228746,"2022-06-06 09:57:07"
695,61727,unidentified,bee,0,0,bee,https://www.inaturalist.org/observations/27227677,"2022-06-06 09:57:07"
701,61603,unidentified,"truebugs, leafhopper",0,1,,https://www.inaturalist.org/observations/27220156,"2022-06-06 09:57:07"
712,61360,other,Neuroptera,0,1,Neuroptera,https://www.inaturalist.org/observations/27208979,"2022-05-30 09:33:08"
718,61274,unidentified,Neuroptera,0,0,Neuroptera,https://www.inaturalist.org/observations/27205204,"2022-05-30 09:33:08"
719,61273,unidentified,truebugs,0,1,truebugs,https://www.inaturalist.org/observations/27204995,"2022-05-30 09:33:08"
723,61198,other,bee,0,2,bee,https://www.inaturalist.org/observations/27159050,"2022-05-30 09:36:07"
729,61110,other,Sarcoptiformes,0,1,Sarcoptiformes,https://www.inaturalist.org/observations/27156209,"2026-06-29 09:45:06"
739,60779,unidentified,moths,0,0,moths,https://www.inaturalist.org/observations/26988555,"2022-05-30 09:36:07"
771,60203,other,Stylommatophora,0,0,Stylommatophora,https://www.inaturalist.org/observations/26893849,"2022-05-30 09:45:07"
772,60198,other,Ixodida,0,1,Ixodida,https://www.inaturalist.org/observations/26893256,"2022-05-30 09:45:07"
773,60195,unidentified,leafhopper,0,0,leafhopper,https://www.inaturalist.org/observations/26892677,"2022-05-30 09:45:07"
779,60055,unidentified,truebugs,0,0,truebugs,https://www.inaturalist.org/observations/26861783,"2022-05-30 09:48:08"
821,58922,unidentified,beetle,0,1,beetle,https://www.inaturalist.org/observations/26608108,"2022-05-30 09:54:07"
839,58545,unidentified,aphid,0,0,aphid,https://www.inaturalist.org/observations/26545459,"2022-05-30 09:57:07"
842,58182,unidentified,Neuroptera,0,0,Neuroptera,https://www.inaturalist.org/observations/26442575,"2022-05-23 09:24:07"
844,58136,other,fly,0,1,fly,https://www.inaturalist.org/observations/26441185,"2022-05-23 09:24:07"
845,58134,other,Neuroptera,0,0,Neuroptera,https://www.inaturalist.org/observations/26441124,"2022-05-23 09:24:07"
848,58024,other,Psocodea,0,1,Psocodea,https://www.inaturalist.org/observations/26437389,"2022-05-23 09:24:07"
849,57978,unidentified,Neuroptera,0,0,Neuroptera,https://www.inaturalist.org/observations/26435977,"2022-05-23 09:24:07"
862,57825,other,fly,0,0,fly,https://www.inaturalist.org/observations/26385310,"2022-05-23 09:27:08"
865,57679,unidentified,truebugs,0,0,truebugs,https://www.inaturalist.org/observations/26382765,"2022-05-23 09:27:08"
897,56631,unidentified,fly,0,0,fly,https://www.inaturalist.org/observations/26017133,"2022-05-23 09:33:08"
899,56603,other,fly,0,2,fly,https://www.inaturalist.org/observations/26015701,"2026-06-29 09:48:05"
900,56602,unidentified,beetle,0,1,beetle,https://www.inaturalist.org/observations/26015454,"2026-06-29 09:48:05"
904,56575,unidentified,fly,0,0,fly,https://www.inaturalist.org/observations/26012085,"2022-05-23 09:36:11"
905,56496,unidentified,spider,0,2,spider,https://www.inaturalist.org/observations/25998615,"2022-05-23 09:36:11"
927,55865,unidentified,grasshopper,0,0,grasshopper,https://www.inaturalist.org/observations/25686549,"2022-05-23 09:39:08"
935,55569,unidentified,Pseudoscorpiones,0,1,Pseudoscorpiones,https://www.inaturalist.org/observations/25631023,"2026-06-29 09:48:05"
937,55538,unidentified,Psocodea,0,0,Psocodea,https://www.inaturalist.org/observations/25621806,"2022-05-23 09:39:08"
939,55502,unidentified,fly,0,0,fly,https://www.inaturalist.org/observations/25615425,"2022-05-23 09:42:07"
941,55475,other,Odonata,0,1,Odonata,https://www.inaturalist.org/observations/25614797,"2022-05-23 09:42:07"
947,55267,other,fly,0,1,fly,https://www.inaturalist.org/observations/25559802,"2022-05-23 09:42:07"
950,54994,unidentified,aphid,0,0,aphid,https://www.inaturalist.org/observations/25498896,"2022-05-23 09:42:07"
959,54612,unidentified,Dermaptera,0,3,Dermaptera,https://www.inaturalist.org/observations/25260818,"2026-06-29 09:48:05"
963,54493,other,Neuroptera,0,1,Neuroptera,https://www.inaturalist.org/observations/25258914,"2026-06-29 09:48:05"
974,53781,unidentified,Psocodea,0,0,Psocodea,https://www.inaturalist.org/observations/25073263,"2022-05-23 09:48:07"
980,53661,unidentified,Sarcoptiformes,0,1,Sarcoptiformes,https://www.inaturalist.org/observations/24954251,"2026-06-29 09:48:05"
981,53647,unidentified,Sarcoptiformes,0,1,Sarcoptiformes,https://www.inaturalist.org/observations/24954214,"2026-06-29 09:48:05"
982,53650,unidentified,Sarcoptiformes,0,1,Sarcoptiformes,https://www.inaturalist.org/observations/24954202,"2026-06-29 09:48:05"
996,43522,unidentified,fly,0,0,fly,https://www.inaturalist.org/observations/22531482,"2022-05-23 09:54:07"
999,43444,unidentified,Thysanoptera,0,0,Thysanoptera,https://www.inaturalist.org/observations/22522449,"2022-05-23 09:57:07"
1002,43311,unidentified,fly,0,0,fly,https://www.inaturalist.org/observations/21876629,"2022-05-23 09:57:07"
1063,3527,unidentified,Dermaptera,0,1,Dermaptera,https://www.inaturalist.org/observations/17848484,"2022-05-16 09:36:06"
1072,1258,unidentified,Neuroptera,0,0,Neuroptera,https://www.inaturalist.org/observations/17848426,"2022-05-16 09:39:08"
1074,1142,unidentified,beetle,0,2,beetle,https://www.inaturalist.org/observations/17848423,"2022-05-16 09:39:08"
1117,41841,unidentified,leafhopper,0,0,leafhopper,https://www.inaturalist.org/observations/17704587,"2022-05-16 09:45:07"
1164,13857,unidentified,grasshopper,0,2,grasshopper,https://www.inaturalist.org/observations/17704224,"2022-05-16 09:54:08"
1166,13699,unidentified,truebugs,0,1,truebugs,https://www.inaturalist.org/observations/17704212,"2026-06-29 09:51:04"
1168,13686,unidentified,truebugs,0,1,truebugs,https://www.inaturalist.org/observations/17704205,"2022-05-16 09:54:08"
1172,13583,other,Anura,0,1,Anura,https://www.inaturalist.org/observations/17704171,"2026-06-29 09:51:04"
1175,13275,unidentified,fly,0,0,fly,https://www.inaturalist.org/observations/17704133,"2022-05-16 09:54:08"
1179,12341,unidentified,"bee (sawfly)",0,1,"bee (sawfly)",https://www.inaturalist.org/observations/17704071,"2022-05-16 09:57:07"
1180,11558,other,Sarcoptiformes,0,1,Sarcoptiformes,https://www.inaturalist.org/observations/17704052,"2026-06-29 09:51:04"
1181,11555,other,Sarcoptiformes,0,1,Sarcoptiformes,https://www.inaturalist.org/observations/17704050,"2026-06-29 09:51:04"
1186,11214,unidentified,truebugs,0,0,truebugs,https://www.inaturalist.org/observations/17703977,"2022-05-16 09:57:07"
1193,9827,other,truebugs,0,1,truebugs,https://www.inaturalist.org/observations/17703817,"2021-09-20 09:57:11"
1201,8970,other,Odonata,0,2,Odonata,https://www.inaturalist.org/observations/17703751,"2021-09-20 09:57:11"
1220,7467,other,Dermaptera,0,2,Dermaptera,https://www.inaturalist.org/observations/17703586,"2021-09-13 09:57:10"
1222,7056,other,grasshopper,0,1,grasshopper,https://www.inaturalist.org/observations/17703543,"2021-09-13 09:57:10"
1223,6354,unidentified,Psocodea,0,0,Psocodea,https://www.inaturalist.org/observations/17703511,"2021-09-06 09:57:33"
1232,4367,other,truebugs,0,0,truebugs,https://www.inaturalist.org/observations/17703409,"2021-08-30 09:57:15"
1266,71258,fly,leafhopper,0,4,leafhopper,https://www.inaturalist.org/observations/29922844,"2022-06-13 09:15:06"
1267,61164,beetle,truebugs,0,4,truebugs,https://www.inaturalist.org/observations/27160548,"2022-05-30 09:33:08"
1268,53295,unidentified,truebugs,0,0,truebugs,https://www.inaturalist.org/observations/24184397,"2022-05-23 09:51:07"
1269,342,other,Psocodea,0,0,Psocodea,https://www.inaturalist.org/observations/17848322,"2022-05-16 09:39:08"
1270,199,other,truebugs,0,0,truebugs,https://www.inaturalist.org/observations/17848246,"2022-05-16 09:42:06"
1271,10136,unidentified,truebugs,0,0,truebugs,https://www.inaturalist.org/observations/17703859,"2021-09-27 09:57:16"
1272,74660,grasshopper,aphid,0,3,aphid,https://www.inaturalist.org/observations/17702854,"2021-08-16 09:57:09"
1273,8612,unidentified,Neuroptera,0,0,Neuroptera,https://www.inaturalist.org/observations/17848678,"2022-05-16 09:33:07"
1274,5974,unidentified,truebugs,0,0,truebugs,https://www.inaturalist.org/observations/17848540,"2022-05-16 09:33:07"
1275,4592,unidentified,beetle,0,1,beetle,https://www.inaturalist.org/observations/17848502,"2022-05-16 09:36:06"
1276,1242,unidentified,beetle,0,0,beetle,https://www.inaturalist.org/observations/17848425,"2022-05-16 09:39:08"
1277,388,unidentified,aphid,0,0,aphid,https://www.inaturalist.org/observations/17848341,"2022-05-16 09:39:08"
1278,14481,unidentified,fly,0,2,fly,https://www.inaturalist.org/observations/17704313,"2026-06-29 09:51:04"
1279,12172,unidentified,truebugs,0,0,truebugs,https://www.inaturalist.org/observations/17704062,"2022-05-16 09:57:07"
1280,9855,unidentified,truebugs,0,0,truebugs,https://www.inaturalist.org/observations/17703819,"2021-09-20 09:57:11"
1281,556,unidentified,beetle,0,2,beetle,https://www.inaturalist.org/observations/17703032,"2021-08-23 09:57:14"
1282,150,unidentified,fly,0,0,fly,https://www.inaturalist.org/observations/17702839,"2021-08-16 09:57:09"
1283,72562,beetle,Neuroptera,0,3,Neuroptera,https://www.inaturalist.org/observations/31457101,"2022-06-13 09:03:07"
1284,72180,unidentified,truebugs,0,0,truebugs,https://www.inaturalist.org/observations/30687892,"2022-06-13 09:09:06"
1285,72036,beetle,Blattodea,0,3,Blattodea,https://www.inaturalist.org/observations/30493307,"2022-06-13 09:09:06"
1286,71096,beetle,leafhopper,0,3,leafhopper,https://www.inaturalist.org/observations/29852826,"2022-06-13 09:18:06"
1287,67836,unidentified,truebugs,0,0,truebugs,https://www.inaturalist.org/observations/28675403,"2022-06-13 09:36:06"
1288,62157,unidentified,truebugs,0,0,truebugs,https://www.inaturalist.org/observations/27284509,"2022-06-06 09:54:07"
1289,43707,unidentified,truebugs,0,1,truebugs,https://www.inaturalist.org/observations/22616740,"2026-06-29 09:51:04"
1290,43682,unidentified,fly,0,0,fly,https://www.inaturalist.org/observations/22576764,"2022-05-23 09:54:07"
1291,43477,unidentified,truebugs,0,0,truebugs,https://www.inaturalist.org/observations/22524561,"2022-05-23 09:57:07"
1292,43423,unidentified,bee,0,0,bee,https://www.inaturalist.org/observations/22522190,"2022-05-23 09:57:07"
1293,43362,unidentified,fly,0,0,fly,https://www.inaturalist.org/observations/22377435,"2022-05-23 09:57:07"
1294,74530,unidentified,beetle,0,0,beetle,https://www.inaturalist.org/observations/36356943,"2022-06-13 08:48:06"
1295,74501,ant,Blattodea,0,2,Blattodea,https://www.inaturalist.org/observations/36107968,"2022-06-13 08:48:06"
1296,71710,ant,bee,0,1,,https://www.inaturalist.org/observations/30099223,"2022-06-13 09:12:06"
1297,43313,leafhopper,Psocodea,0,3,Psocodea,https://www.inaturalist.org/observations/21910642,"2022-05-23 09:57:07"
1298,76070,unidentified,Psocodea,0,1,Psocodea,https://www.inaturalist.org/observations/47405289,"2022-06-13 08:30:07"
1299,76057,unidentified,Neuroptera,0,0,Neuroptera,https://www.inaturalist.org/observations/47402113,"2022-06-13 08:30:07"
1300,75710,fly,Ephemeroptera,0,3,Ephemeroptera,https://www.inaturalist.org/observations/46644252,"2022-06-13 08:33:07"
1301,75693,ant,truebugs,0,6,truebugs,https://www.inaturalist.org/observations/46628163,"2026-06-29 09:42:05"
1302,74669,leafhopper,moths,0,3,moths,https://www.inaturalist.org/observations/46383318,"2022-06-13 08:36:07"
1303,74666,unidentified,moths,0,0,moths,https://www.inaturalist.org/observations/46381837,"2022-06-13 08:36:07"
1304,75572,beetle,beetle,0,2,beetle,https://www.inaturalist.org/observations/46228197,"2022-06-13 08:36:07"
1305,75329,unidentified,Psocodea,0,0,Psocodea,https://www.inaturalist.org/observations/45532243,"2022-06-13 08:39:08"
1306,75237,fly,Psocodea,0,1,Psocodea,https://www.inaturalist.org/observations/45499393,"2022-06-13 08:39:08"
1307,75230,fly,fly,0,2,fly,https://www.inaturalist.org/observations/45497918,"2026-06-29 09:42:05"
1308,75228,other,Ephemeroptera,0,1,Ephemeroptera,https://www.inaturalist.org/observations/45497185,"2022-06-13 08:42:08"
1309,75223,ant,bee,0,5,bee,https://www.inaturalist.org/observations/45495520,"2026-06-29 09:42:05"
1310,75194,unidentified,fly,0,0,fly,https://www.inaturalist.org/observations/45390420,"2022-06-13 08:42:08"
1311,75055,unidentified,truebugs,0,0,truebugs,https://www.inaturalist.org/observations/44979904,"2022-06-13 08:42:08"
1312,75053,beetle,Psocodea,0,3,Psocodea,https://www.inaturalist.org/observations/44979607,"2022-06-13 08:42:08"
1313,75069,other,Ephemeroptera,0,0,Ephemeroptera,https://www.inaturalist.org/observations/44978631,"2022-06-13 08:42:08"
1314,75098,beetle,truebugs,0,5,truebugs,https://www.inaturalist.org/observations/44976949,"2022-06-13 08:42:08"
1315,75050,unidentified,bee,0,0,bee,https://www.inaturalist.org/observations/44493607,"2022-06-13 08:42:08"
1316,75038,fly,Psocodea,0,2,Psocodea,https://www.inaturalist.org/observations/44489159,"2022-06-13 08:45:07"
1317,74753,other,Neuroptera,0,2,Neuroptera,https://www.inaturalist.org/observations/42395432,"2022-06-13 08:45:07"
1318,74556,other,bee,0,1,bee,https://www.inaturalist.org/observations/36481610,"2026-06-29 09:42:05"
1319,72997,unidentified,Blattodea,0,0,Blattodea,https://www.inaturalist.org/observations/32061089,"2022-06-13 09:00:07"
1320,70893,other,Stylommatophora,0,0,Stylommatophora,https://www.inaturalist.org/observations/29655672,"2022-06-13 09:18:06"
1321,69385,other,Neuroptera,0,2,Neuroptera,https://www.inaturalist.org/observations/29157427,"2022-06-13 09:27:06"
1322,67848,unidentified,beetle,0,0,beetle,https://www.inaturalist.org/observations/28675520,"2022-06-13 09:36:06"
1323,64068,other,Isopoda,0,1,Isopoda,https://www.inaturalist.org/observations/27712573,"2022-06-06 09:36:08"
1324,61159,other,fly,0,1,fly,https://www.inaturalist.org/observations/27157986,"2022-05-30 09:36:07"
1325,57936,other,fly,0,0,fly,https://www.inaturalist.org/observations/26403146,"2022-05-23 09:27:08"
1326,10186,unidentified,leafhopper,0,0,leafhopper,https://www.inaturalist.org/observations/17703866,"2021-09-27 09:57:16"
1327,9932,unidentified,Psocodea,0,0,Psocodea,https://www.inaturalist.org/observations/17703845,"2021-09-27 09:57:16"
1328,9929,unidentified,grasshopper,0,2,grasshopper,https://www.inaturalist.org/observations/17703840,"2021-09-27 09:57:16"
1329,8932,unidentified,truebugs,0,0,truebugs,https://www.inaturalist.org/observations/17703727,"2021-09-20 09:57:11"
1330,8414,unidentified,beetle,0,0,beetle,https://www.inaturalist.org/observations/17703683,"2021-09-13 09:57:10"
1331,6430,unidentified,Psocodea,0,0,Psocodea,https://www.inaturalist.org/observations/17703517,"2021-09-06 09:57:33"
1332,2854,unidentified,fly,0,0,fly,https://www.inaturalist.org/observations/17703248,"2021-08-23 09:54:19"
1333,76916,beetle,truebugs,0,4,truebugs,https://www.inaturalist.org/observations/48527140,"2022-06-13 08:18:08"
1334,76772,fly,Psocodea,0,4,Psocodea,https://www.inaturalist.org/observations/48338050,"2022-06-13 08:21:08"
1335,76696,unidentified,bee,0,0,bee,https://www.inaturalist.org/observations/48260350,"2022-06-13 08:21:08"
1336,76645,unidentified,beetle,0,2,beetle,https://www.inaturalist.org/observations/48256650,"2022-06-13 08:21:08"
1337,76583,unidentified,grasshopper,0,0,grasshopper,https://www.inaturalist.org/observations/48248190,"2022-06-13 08:24:07"
1338,76547,leafhopper,aphid,0,4,aphid,https://www.inaturalist.org/observations/48162331,"2026-06-29 09:42:05"
1339,77579,spider,daddylonglegs,0,2,daddylonglegs,https://www.inaturalist.org/observations/49473474,"2022-06-13 08:09:07"
1340,77575,spider,daddylonglegs,0,1,,https://www.inaturalist.org/observations/49471258,"2022-06-13 08:09:07"
1341,77486,fly,aphid,0,2,aphid,https://www.inaturalist.org/observations/49129785,"2022-06-13 08:09:07"
1342,77251,fly,beetle,0,4,beetle,https://www.inaturalist.org/observations/49027862,"2022-06-13 08:15:06"
1343,77247,unidentified,fly,0,0,fly,https://www.inaturalist.org/observations/49026891,"2022-06-13 08:15:06"
1344,77183,beetle,truebugs,0,3,truebugs,https://www.inaturalist.org/observations/49015400,"2022-06-13 08:15:06"
1345,77159,leafhopper,truebugs,0,4,truebugs,https://www.inaturalist.org/observations/48938697,"2026-06-29 09:39:04"
1346,77011,aphid,Psocodea,0,0,Psocodea,https://www.inaturalist.org/observations/48645715,"2022-06-13 08:18:08"
1347,76913,leafhopper,Trichoptera,0,2,Trichoptera,https://www.inaturalist.org/observations/48526965,"2022-06-13 08:18:08"
1348,76568,unidentified,leafhopper,0,0,leafhopper,https://www.inaturalist.org/observations/48172368,"2022-06-13 08:24:07"
1349,75066,other,fly,0,1,fly,https://www.inaturalist.org/observations/44978940,"2022-06-13 08:42:08"
1350,78317,spider,daddylonglegs,0,3,daddylonglegs,https://www.inaturalist.org/observations/50290012,"2022-06-13 08:00:07"
1351,78137,unidentified,truebugs,0,1,truebugs,https://www.inaturalist.org/observations/50158884,"2022-06-13 08:03:07"
1352,77867,beetle,truebugs,0,4,truebugs,https://www.inaturalist.org/observations/49895032,"2022-06-13 08:06:06"
1353,77850,grasshopper,Psocodea,0,3,Psocodea,https://www.inaturalist.org/observations/49892207,"2022-06-13 08:06:06"
1354,77796,grasshopper,leafhopper,0,4,leafhopper,https://www.inaturalist.org/observations/49832733,"2022-06-13 08:06:06"
1355,77764,leafhopper,Psocodea,0,3,Psocodea,https://www.inaturalist.org/observations/49748935,"2022-06-13 08:09:07"
1356,77756,fly,aphid,0,3,aphid,https://www.inaturalist.org/observations/49745798,"2022-06-13 08:09:07"
1357,79161,unidentified,fly,0,2,fly,https://www.inaturalist.org/observations/51283288,"2026-06-29 09:39:04"
1358,79094,unidentified,leafhopper,0,1,leafhopper,https://www.inaturalist.org/observations/51257447,"2022-06-13 07:51:06"
1359,78867,unidentified,beetle,0,1,beetle,https://www.inaturalist.org/observations/51012005,"2022-06-13 07:51:06"
1360,78862,unidentified,"leafhopper, truebugs",0,2,leafhopper,https://www.inaturalist.org/observations/51011450,"2022-06-13 07:51:06"
1361,78483,leafhopper,Psocodea,0,3,Psocodea,https://www.inaturalist.org/observations/50582048,"2022-06-13 07:57:07"
1362,78481,leafhopper,truebugs,0,4,truebugs,https://www.inaturalist.org/observations/50581741,"2026-06-29 09:39:04"
1363,78378,beetle,"leafhopper, truebugs",0,5,leafhopper,https://www.inaturalist.org/observations/50424812,"2022-06-13 08:00:07"
1364,78163,unidentified,beetle,0,0,beetle,https://www.inaturalist.org/observations/50165754,"2022-06-13 08:03:07"
1365,77768,beetle,Trichoptera,0,4,Trichoptera,https://www.inaturalist.org/observations/49750492,"2022-06-13 08:09:07"
1366,79698,unidentified,grasshopper,0,0,grasshopper,https://www.inaturalist.org/observations/51843151,"2022-06-13 07:42:07"
1367,79555,beetle,truebugs,0,3,truebugs,https://www.inaturalist.org/observations/51792163,"2022-06-13 07:42:07"
1368,79552,fly,bee,0,3,bee,https://www.inaturalist.org/observations/51791363,"2022-06-13 07:42:07"
1369,79529,fly,bee,0,3,bee,https://www.inaturalist.org/observations/51787060,"2022-06-13 07:45:06"
1370,79456,bee,"bee (sawfly)",0,3,"bee (sawfly)",https://www.inaturalist.org/observations/51691139,"2022-06-13 07:48:07"
1371,79453,fly,bee,0,3,bee,https://www.inaturalist.org/observations/51690325,"2022-06-13 07:48:07"
1372,79135,beetle,bee,0,3,bee,https://www.inaturalist.org/observations/51276528,"2022-06-13 07:51:06"
1373,78793,unidentified,Neuroptera,0,1,Neuroptera,https://www.inaturalist.org/observations/50918373,"2022-06-13 07:54:06"
1374,78509,other,Mantodea,0,0,Mantodea,https://www.inaturalist.org/observations/50583889,"2022-06-13 07:57:07"
1375,80524,unidentified,Neuroptera,0,0,Neuroptera,https://www.inaturalist.org/observations/52701587,"2022-06-13 07:27:07"
1376,80332,beetle,leafhopper,0,4,leafhopper,https://www.inaturalist.org/observations/52590121,"2026-06-29 09:39:04"
1377,80319,beetle,Neuroptera,0,3,Neuroptera,https://www.inaturalist.org/observations/52587274,"2022-06-13 07:30:07"
1378,80308,other,Psocodea,0,0,Psocodea,https://www.inaturalist.org/observations/52584507,"2022-06-13 07:30:07"
1379,80150,fly,"Neuroptera, aphid",0,3,Neuroptera,https://www.inaturalist.org/observations/52369138,"2022-06-13 07:33:06"
1380,80149,truebugs,bee,0,3,bee,https://www.inaturalist.org/observations/52368841,"2022-06-13 07:33:06"
1381,80119,unidentified,Psocodea,0,0,Psocodea,https://www.inaturalist.org/observations/52361256,"2022-06-13 07:33:06"
1382,80033,ant,truebugs,0,3,truebugs,https://www.inaturalist.org/observations/52259041,"2026-06-29 09:39:04"
1383,79977,fly,bee,0,3,bee,https://www.inaturalist.org/observations/52248401,"2022-06-13 07:36:07"
1384,79942,truebugs,truebugs,0,4,truebugs,https://www.inaturalist.org/observations/52176725,"2022-06-13 07:36:07"
1385,79920,grasshopper,truebugs,0,3,truebugs,https://www.inaturalist.org/observations/52173240,"2022-06-13 07:39:07"
1386,79915,fly,bee,0,3,bee,https://www.inaturalist.org/observations/52172157,"2022-06-13 07:39:07"
1387,79903,other,Neuroptera,0,3,Neuroptera,https://www.inaturalist.org/observations/52170857,"2022-06-13 07:39:07"
1388,79877,truebugs,grasshopper,0,3,grasshopper,https://www.inaturalist.org/observations/52088798,"2022-06-13 07:39:07"
1389,79831,beetle,truebugs,0,2,truebugs,https://www.inaturalist.org/observations/52051036,"2022-06-13 07:39:07"
1390,79726,unidentified,moths,0,0,moths,https://www.inaturalist.org/observations/51947629,"2022-06-13 07:39:07"
1391,79720,unidentified,bee,0,1,bee,https://www.inaturalist.org/observations/51945326,"2022-06-13 07:39:07"
1392,79568,other,grasshopper,0,0,grasshopper,https://www.inaturalist.org/observations/51795466,"2022-06-13 07:42:07"
1393,79488,caterpillar,caterpillar,0,0,caterpillar,https://www.inaturalist.org/observations/51719471,"2022-06-13 07:45:06"
1394,79482,beetle,truebugs,0,3,truebugs,https://www.inaturalist.org/observations/51718315,"2022-06-13 07:45:06"
1395,78462,aphid,truebugs,0,1,,https://www.inaturalist.org/observations/50577088,"2022-06-13 08:00:07"
1396,81219,unidentified,Neuroptera,0,1,Neuroptera,https://www.inaturalist.org/observations/53661712,"2022-06-13 07:15:07"
1397,81193,unidentified,leafhopper,0,0,leafhopper,https://www.inaturalist.org/observations/53635339,"2022-06-13 07:18:07"
1398,81167,fly,truebugs,0,4,truebugs,https://www.inaturalist.org/observations/53612944,"2022-06-13 07:18:07"
1399,81060,beetle,truebugs,0,3,truebugs,https://www.inaturalist.org/observations/53509880,"2022-06-13 07:21:06"
1400,81037,unidentified,beetle,0,1,beetle,https://www.inaturalist.org/observations/53472810,"2022-06-13 07:21:06"
1401,80850,daddylonglegs,daddylonglegs,0,3,daddylonglegs,https://www.inaturalist.org/observations/53155690,"2022-06-13 07:21:06"
1402,80837,other,Psocodea,0,3,Psocodea,https://www.inaturalist.org/observations/53147445,"2022-06-13 07:21:06"
1403,80650,other,Trichoptera,0,1,Trichoptera,https://www.inaturalist.org/observations/52961677,"2022-06-13 07:27:07"
1404,80634,fly,Psocodea,0,3,Psocodea,https://www.inaturalist.org/observations/52958010,"2022-06-13 07:27:07"
1405,79166,beetle,truebugs,0,3,truebugs,https://www.inaturalist.org/observations/51359359,"2022-06-13 07:48:07"
1406,81369,spider,daddylonglegs,0,3,daddylonglegs,https://www.inaturalist.org/observations/53867918,"2022-06-13 07:12:07"
1407,81245,leafhopper,leafhopper,0,2,leafhopper,https://www.inaturalist.org/observations/53752983,"2022-06-13 07:15:07"
1408,81192,aphid,leafhopper,0,2,leafhopper,https://www.inaturalist.org/observations/53634910,"2022-06-13 07:18:07"
1409,81188,unidentified,truebugs,0,0,truebugs,https://www.inaturalist.org/observations/53629152,"2022-06-13 07:18:07"
1410,80317,aphid,leafhopper,0,2,leafhopper,https://www.inaturalist.org/observations/52586724,"2022-06-13 07:30:07"
1411,79050,aphid,Psocodea,0,1,,https://www.inaturalist.org/observations/51102556,"2022-06-13 07:51:06"
1412,81887,other,Neuroptera,0,3,Neuroptera,https://www.inaturalist.org/observations/54732176,"2022-06-13 07:03:07"
1413,81828,beetle,truebugs,0,4,truebugs,https://www.inaturalist.org/observations/54655458,"2022-06-13 07:03:07"
1414,81814,bee,bee,0,3,bee,https://www.inaturalist.org/observations/54621772,"2022-06-13 07:06:07"
1415,81767,other,Trichoptera,0,1,Trichoptera,https://www.inaturalist.org/observations/54547936,"2022-06-13 07:06:07"
1416,81742,fly,bee,0,3,bee,https://www.inaturalist.org/observations/54517221,"2022-06-13 07:06:07"
1417,81739,grasshopper,truebugs,0,3,truebugs,https://www.inaturalist.org/observations/54515993,"2022-06-13 07:06:07"
1418,82179,grasshopper,truebugs,0,3,truebugs,https://www.inaturalist.org/observations/55488280,"2022-06-13 06:57:07"
1419,82147,grasshopper,truebugs,0,4,truebugs,https://www.inaturalist.org/observations/55380981,"2022-06-13 06:57:07"
1420,82142,grasshopper,truebugs,0,3,truebugs,https://www.inaturalist.org/observations/55379730,"2022-06-13 06:57:07"
1421,82116,ant,spider,0,4,spider,https://www.inaturalist.org/observations/55305603,"2022-06-13 06:57:07"
1422,82109,other,grasshopper,0,2,grasshopper,https://www.inaturalist.org/observations/55303881,"2022-06-13 06:57:07"
1423,82108,grasshopper,grasshopper,0,4,grasshopper,https://www.inaturalist.org/observations/55303634,"2022-06-13 06:57:07"
1424,80659,truebugs,truebugs,0,0,truebugs,https://www.inaturalist.org/observations/52963783,"2022-06-13 07:24:07"
1425,75051,other,Isopoda,0,3,Isopoda,https://www.inaturalist.org/observations/44493952,"2022-06-13 08:42:08"
1426,82365,beetle,Neuroptera,0,4,Neuroptera,https://www.inaturalist.org/observations/56049983,"2022-06-13 06:51:07"
1427,82354,beetle,Neuroptera,0,3,Neuroptera,https://www.inaturalist.org/observations/56046903,"2022-06-13 06:54:06"
1428,82188,beetle,truebugs,0,3,truebugs,https://www.inaturalist.org/observations/55490225,"2022-06-13 06:54:06"
1429,82186,fly,bee,0,3,bee,https://www.inaturalist.org/observations/55489756,"2022-06-13 06:57:07"
1430,82076,leafhopper,fly,0,3,fly,https://www.inaturalist.org/observations/55203842,"2026-06-29 09:36:05"
1431,81893,leafhopper,Neuroptera,0,3,Neuroptera,https://www.inaturalist.org/observations/54733258,"2022-06-13 07:03:07"
1432,81882,fly,Psocodea,0,3,Psocodea,https://www.inaturalist.org/observations/54730802,"2022-06-13 07:03:07"
1433,81846,fly,bee,0,3,bee,https://www.inaturalist.org/observations/54659514,"2022-06-13 07:03:07"
1434,81839,leafhopper,caterpillar,0,3,caterpillar,https://www.inaturalist.org/observations/54657710,"2022-06-13 07:03:07"
1435,81836,leafhopper,beetle,0,5,beetle,https://www.inaturalist.org/observations/54657119,"2022-06-13 07:03:07"
1436,81774,leafhopper,Psocodea,0,3,Psocodea,https://www.inaturalist.org/observations/54549462,"2022-06-13 07:06:07"
1437,81736,fly,Psocodea,0,3,Psocodea,https://www.inaturalist.org/observations/54515575,"2022-06-13 07:09:06"
1438,81731,fly,Psocodea,0,3,Psocodea,https://www.inaturalist.org/observations/54514434,"2022-06-13 07:09:06"
1439,81294,leafhopper,aphid,0,3,aphid,https://www.inaturalist.org/observations/53831401,"2026-06-29 09:39:04"
1440,81256,leafhopper,Neuroptera,0,3,Neuroptera,https://www.inaturalist.org/observations/53756006,"2022-06-13 07:15:07"
1441,81140,leafhopper,moths,0,3,moths,https://www.inaturalist.org/observations/53608009,"2022-06-13 07:18:07"
1442,80679,leafhopper,aphid,0,1,,https://www.inaturalist.org/observations/53040134,"2022-06-13 07:24:07"
1443,82078,unidentified,Neuroptera,0,1,Neuroptera,https://www.inaturalist.org/observations/55204460,"2022-06-13 07:00:07"
1444,81925,fly,truebugs,0,5,truebugs,https://www.inaturalist.org/observations/54757795,"2026-06-29 09:39:04"
1445,79354,other,Neuroptera,0,1,Neuroptera,https://www.inaturalist.org/observations/51578408,"2022-06-13 07:48:07"
1446,75033,other,Polydesmida,0,1,Polydesmida,https://www.inaturalist.org/observations/44487844,"2022-06-13 08:45:07"
1447,82994,grasshopper,truebugs,0,3,truebugs,https://www.inaturalist.org/observations/58328365,"2022-06-13 06:33:08"
1448,82984,grasshopper,truebugs,0,4,truebugs,https://www.inaturalist.org/observations/58326797,"2022-06-13 06:33:08"
1449,82956,ant,spider,0,3,spider,https://www.inaturalist.org/observations/58322753,"2022-06-13 06:33:08"
1450,82942,daddylonglegs,daddylonglegs,0,3,daddylonglegs,https://www.inaturalist.org/observations/58321270,"2022-06-13 06:36:07"
1451,82889,bee,"leafhopper, moths",0,5,leafhopper,https://www.inaturalist.org/observations/58320647,"2022-06-13 06:36:07"
1452,82885,leafhopper,Psocodea,0,3,Psocodea,https://www.inaturalist.org/observations/58320320,"2022-06-13 06:36:07"
1453,82833,other,fly,0,0,fly,https://www.inaturalist.org/observations/58316760,"2021-09-20 04:30:21"
1454,82759,bee,ant,0,2,ant,https://www.inaturalist.org/observations/58315061,"2022-06-13 06:39:08"
1455,82635,fly,leafhopper,0,4,leafhopper,https://www.inaturalist.org/observations/58310203,"2022-06-13 06:42:07"
1456,82547,fly,moths,3,1,fly,https://www.inaturalist.org/observations/58306505,"2022-06-13 06:45:08"
1457,57941,fly,leafhopper,0,3,leafhopper,https://www.inaturalist.org/observations/58249672,"2022-06-13 06:48:07"
1458,10879,aphid,Trombidiformes,0,1,,https://www.inaturalist.org/observations/58236000,"2022-06-13 06:48:07"
1459,8928,fly,bee,0,3,bee,https://www.inaturalist.org/observations/58233236,"2022-06-13 06:51:07"
1460,408,ant,bee,0,2,bee,https://www.inaturalist.org/observations/58226034,"2022-06-13 06:51:07"
1461,74946,caterpillar,"bee (sawfly)",0,3,"bee (sawfly)",https://www.inaturalist.org/observations/44186628,"2022-06-13 08:45:07"
1462,73366,aphid,aphid,0,3,aphid,https://www.inaturalist.org/observations/32639244,"2022-06-13 08:54:06"
1463,73030,other,Isopoda,0,2,Isopoda,https://www.inaturalist.org/observations/32065664,"2022-06-13 08:57:07"
1464,72799,bee,"bee (sawfly)",0,4,"bee (sawfly)",https://www.inaturalist.org/observations/31458283,"2022-06-13 09:00:07"
1465,72655,other,Polydesmida,0,0,Polydesmida,https://www.inaturalist.org/observations/31457885,"2022-06-13 09:00:07"
1466,72196,other,truebugs,0,0,truebugs,https://www.inaturalist.org/observations/30699747,"2026-06-29 09:42:05"
1467,72102,unidentified,leafhopper,0,2,leafhopper,https://www.inaturalist.org/observations/30516131,"2026-06-29 09:42:05"
1468,71754,unidentified,ant,0,0,ant,https://www.inaturalist.org/observations/30246537,"2022-06-13 09:12:06"
1469,70778,other,Polydesmida,0,2,Polydesmida,https://www.inaturalist.org/observations/29583084,"2022-06-13 09:18:06"
1470,70363,bee,"bee (sawfly)",0,1,,https://www.inaturalist.org/observations/29480553,"2022-06-13 09:21:07"
1471,69910,unidentified,truebugs,0,1,truebugs,https://www.inaturalist.org/observations/29379637,"2026-06-29 09:45:06"
1472,69264,unidentified,beetle,0,1,beetle,https://www.inaturalist.org/observations/29156006,"2022-06-13 09:27:06"
1473,68860,beetle,leafhopper,0,4,leafhopper,https://www.inaturalist.org/observations/28931701,"2022-06-13 09:33:07"
1474,67784,other,Neuroptera,0,2,Neuroptera,https://www.inaturalist.org/observations/28673490,"2022-06-13 09:36:06"
1475,67091,unidentified,Psocodea,0,2,Psocodea,https://www.inaturalist.org/observations/28549922,"2022-06-13 09:42:06"
1476,66094,unidentified,beetle,0,1,beetle,https://www.inaturalist.org/observations/28229697,"2022-06-13 09:48:06"
1477,65992,unidentified,truebugs,0,1,truebugs,https://www.inaturalist.org/observations/28196469,"2022-06-13 09:48:06"
1478,65917,truebugs,truebugs,0,3,truebugs,https://www.inaturalist.org/observations/28150489,"2022-06-13 09:48:06"
1479,65645,other,Polydesmida,0,0,Polydesmida,https://www.inaturalist.org/observations/28115651,"2022-06-13 09:51:05"
1480,65642,unidentified,Psocodea,0,0,Psocodea,https://www.inaturalist.org/observations/28115273,"2022-06-13 09:54:06"
1481,63624,unidentified,Entomobryomorpha,0,0,Entomobryomorpha,https://www.inaturalist.org/observations/27691456,"2022-06-06 09:39:09"
1482,65993,other,Polydesmida,0,0,Polydesmida,https://www.inaturalist.org/observations/27577994,"2022-06-06 09:45:09"
1483,62400,other,Polydesmida,0,1,Polydesmida,https://www.inaturalist.org/observations/27326672,"2022-06-06 09:51:09"
1484,62392,other,Polydesmida,0,0,Polydesmida,https://www.inaturalist.org/observations/27326176,"2022-06-06 09:51:09"
1485,62365,other,Polydesmida,0,1,Polydesmida,https://www.inaturalist.org/observations/27324340,"2022-06-06 09:51:09"
1486,62058,fly,Odonata,0,3,Odonata,https://www.inaturalist.org/observations/27269763,"2022-06-06 09:57:07"
1487,62042,unidentified,truebugs,0,1,truebugs,https://www.inaturalist.org/observations/27264542,"2022-06-06 09:57:07"
1488,61107,other,Sarcoptiformes,0,1,Sarcoptiformes,https://www.inaturalist.org/observations/27157076,"2026-06-29 09:45:06"
1489,60378,ant,beetle,0,3,beetle,https://www.inaturalist.org/observations/26919656,"2022-05-30 09:45:07"
1490,60348,unidentified,beetle,0,0,beetle,https://www.inaturalist.org/observations/26915574,"2022-05-30 09:45:07"
1491,60349,unidentified,leafhopper,0,1,leafhopper,https://www.inaturalist.org/observations/26915523,"2022-05-30 09:45:07"
1492,60271,unidentified,beetle,0,2,beetle,https://www.inaturalist.org/observations/26913415,"2022-05-30 09:45:07"
1493,59341,unidentified,Neuroptera,0,1,Neuroptera,https://www.inaturalist.org/observations/26765752,"2022-05-30 09:54:07"
1494,59292,grasshopper,truebugs,0,2,truebugs,https://www.inaturalist.org/observations/26761980,"2022-05-30 09:54:07"
1495,43390,ant,beetle,0,6,beetle,https://www.inaturalist.org/observations/22513668,"2022-05-23 09:57:07"
1496,7400,fly,bee,0,3,bee,https://www.inaturalist.org/observations/17848620,"2022-05-16 09:33:07"
1497,5643,unidentified,leafhopper,0,1,leafhopper,https://www.inaturalist.org/observations/17848533,"2022-05-16 09:33:07"
1498,3423,unidentified,truebugs,0,0,truebugs,https://www.inaturalist.org/observations/17848482,"2022-05-16 09:36:06"
1499,13676,spider,Pseudoscorpiones,2,1,spider,https://www.inaturalist.org/observations/17704203,"2022-05-16 09:54:08"
1500,13675,other,Polydesmida,0,2,Polydesmida,https://www.inaturalist.org/observations/17704199,"2022-05-16 09:54:08"
1501,12485,leafhopper,aphid,0,3,aphid,https://www.inaturalist.org/observations/17704088,"2022-05-16 09:57:07"
1502,42713,bee,"bee (sawfly)",0,3,"bee (sawfly)",https://www.inaturalist.org/observations/17703988,"2022-05-16 09:57:07"
1503,9252,unidentified,bee,0,0,bee,https://www.inaturalist.org/observations/17703800,"2021-09-20 09:57:11"
1504,9163,unidentified,truebugs,0,0,truebugs,https://www.inaturalist.org/observations/17703776,"2021-09-20 09:57:11"
1505,8547,unidentified,leafhopper,0,0,leafhopper,https://www.inaturalist.org/observations/17703699,"2021-09-13 09:57:10"
1506,7227,other,Neuroptera,0,0,Neuroptera,https://www.inaturalist.org/observations/17703569,"2021-09-13 09:57:10"
1507,1563,truebugs,leafhopper,0,4,leafhopper,https://www.inaturalist.org/observations/17703112,"2021-08-23 09:57:14"
1508,1351,unidentified,beetle,0,0,beetle,https://www.inaturalist.org/observations/17703079,"2021-08-23 09:57:14"
1509,83112,truebugs,beetle,0,5,beetle,https://www.inaturalist.org/observations/59089741,"2022-06-13 06:27:07"
1510,83083,other,Blattodea,0,3,Blattodea,https://www.inaturalist.org/observations/58979605,"2022-06-13 06:30:08"
1511,83079,fly,truebugs,0,3,truebugs,https://www.inaturalist.org/observations/58978294,"2022-06-13 06:30:08"
1512,82399,other,Blattodea,0,1,Blattodea,https://www.inaturalist.org/observations/58296419,"2022-06-13 06:48:07"
1513,62171,unidentified,Entomobryomorpha,0,0,Entomobryomorpha,https://www.inaturalist.org/observations/27285760,"2022-06-06 09:54:07"
1514,62133,unidentified,Entomobryomorpha,0,0,Entomobryomorpha,https://www.inaturalist.org/observations/27281657,"2022-06-06 09:54:07"
1515,59126,other,Entomobryomorpha,0,0,Entomobryomorpha,https://www.inaturalist.org/observations/26743287,"2022-05-30 09:54:07"
1516,83156,fly,bee,0,3,bee,https://www.inaturalist.org/observations/59706260,"2022-06-13 06:27:07"
1517,83154,truebugs,truebugs,0,3,truebugs,https://www.inaturalist.org/observations/59705936,"2022-06-13 06:27:07"
1518,83152,truebugs,truebugs,0,3,truebugs,https://www.inaturalist.org/observations/59703640,"2022-06-13 06:27:07"
1519,83136,spider,spider,0,3,spider,https://www.inaturalist.org/observations/59598980,"2022-06-13 06:27:07"
1520,83128,other,moths,0,3,moths,https://www.inaturalist.org/observations/59596876,"2022-06-13 06:27:07"
1521,82824,spider,bee,0,3,bee,https://www.inaturalist.org/observations/58316427,"2022-06-13 06:36:07"
1522,82112,other,Trichoptera,0,1,Trichoptera,https://www.inaturalist.org/observations/55304483,"2022-06-13 06:57:07"
1523,83199,ant,spider,0,3,spider,https://www.inaturalist.org/observations/60442356,"2022-06-13 06:24:07"
1524,83129,leafhopper,leafhopper,0,3,leafhopper,https://www.inaturalist.org/observations/59597146,"2022-06-13 06:27:07"
1525,41601,beetle,truebugs,0,3,truebugs,https://www.inaturalist.org/observations/17704473,"2022-05-16 09:48:07"
1526,83261,bee,"bee (sawfly)",0,2,"bee (sawfly)",https://www.inaturalist.org/observations/61605773,"2026-06-29 09:36:05"
1527,82708,unidentified,truebugs,0,0,truebugs,https://www.inaturalist.org/observations/58312093,"2022-06-13 06:42:07"
1528,82669,unidentified,Psocodea,0,0,Psocodea,https://www.inaturalist.org/observations/58310793,"2022-06-13 06:42:07"
1529,82668,unidentified,Neuroptera,0,1,Neuroptera,https://www.inaturalist.org/observations/58310716,"2022-06-13 06:42:07"
1530,82245,unidentified,beetle,0,1,beetle,https://www.inaturalist.org/observations/55790577,"2022-06-13 06:54:06"
1531,81034,unidentified,truebugs,0,0,truebugs,https://www.inaturalist.org/observations/53470899,"2022-06-13 07:21:06"
1532,82111,other,Trichoptera,0,1,Trichoptera,https://www.inaturalist.org/observations/55304183,"2022-06-13 06:57:07"
1533,53240,aphid,beetle,0,4,beetle,https://www.inaturalist.org/observations/58246999,"2022-06-13 06:48:07"
1534,76466,unidentified,Neuroptera,0,0,Neuroptera,https://www.inaturalist.org/observations/48046658,"2022-06-13 08:27:06"
1535,83118,spider,spider,0,3,spider,https://www.inaturalist.org/observations/59594336,"2022-06-13 06:27:07"
1536,65669,grasshopper,Entomobryomorpha,0,2,Entomobryomorpha,https://www.inaturalist.org/observations/28116417,"2022-06-13 09:51:05"
1537,83228,other,"truebugs, Phasmida",0,3,truebugs,https://www.inaturalist.org/observations/61119373,"2022-06-13 06:21:08"
1538,43479,unidentified,ant,0,1,ant,https://www.inaturalist.org/observations/58244550,"2022-06-13 06:48:07"
1539,77967,other,Polydesmida,0,0,Polydesmida,https://www.inaturalist.org/observations/50046157,"2022-06-13 08:03:07"
1540,79981,leafhopper,aphid,0,1,,https://www.inaturalist.org/observations/52248987,"2022-06-13 07:36:07"
1541,79715,leafhopper,aphid,0,1,,https://www.inaturalist.org/observations/51895751,"2022-06-13 07:42:07"
1542,78197,leafhopper,Psocodea,0,3,Psocodea,https://www.inaturalist.org/observations/50173380,"2022-06-13 08:03:07"
1543,78193,leafhopper,moths,0,4,moths,https://www.inaturalist.org/observations/50173068,"2026-06-29 09:39:04"
1544,75499,unidentified,Psocodea,0,0,Psocodea,https://www.inaturalist.org/observations/45973955,"2022-06-13 08:39:08"
1545,41252,leafhopper,moths,0,3,moths,https://www.inaturalist.org/observations/17704344,"2022-05-16 09:51:06"
1546,65453,other,Phasmida,0,1,Phasmida,https://www.inaturalist.org/observations/28062757,"2022-06-13 09:54:06"
1547,64036,unidentified,truebugs,0,0,truebugs,https://www.inaturalist.org/observations/27709503,"2022-06-06 09:36:08"
1548,55559,spider,truebugs,0,6,truebugs,https://www.inaturalist.org/observations/25630339,"2026-06-29 09:48:05"
1549,82570,other,Neuroptera,0,1,Neuroptera,https://www.inaturalist.org/observations/58307978,"2022-06-13 06:42:07"
1550,82539,other,grasshopper,0,0,grasshopper,https://www.inaturalist.org/observations/58305675,"2022-06-13 06:45:08"
1551,67388,unidentified,leafhopper,0,0,leafhopper,https://www.inaturalist.org/observations/58279345,"2022-06-13 06:48:07"
1552,1179,unidentified,beetle,0,1,beetle,https://www.inaturalist.org/observations/58226886,"2022-06-13 06:51:07"
1553,63530,fly,beetle,0,4,beetle,https://www.inaturalist.org/observations/27652688,"2022-06-06 09:39:09"
1554,82334,unidentified,Psocodea,0,0,Psocodea,https://www.inaturalist.org/observations/55960067,"2022-06-13 06:54:06"
1555,78471,moths,Trichoptera,0,3,Trichoptera,https://www.inaturalist.org/observations/50579664,"2022-06-13 08:00:07"
1556,82181,other,Blattodea,0,0,Blattodea,https://www.inaturalist.org/observations/55488762,"2022-06-13 06:57:07"
1557,75143,other,Plecoptera,0,1,Plecoptera,https://www.inaturalist.org/observations/45072793,"2022-06-13 08:42:08"
1558,73014,other,Isopoda,0,1,Isopoda,https://www.inaturalist.org/observations/32063204,"2022-06-13 08:57:07"
1559,10446,other,Isopoda,0,2,Isopoda,https://www.inaturalist.org/observations/17703915,"2021-09-27 09:57:16"
1560,3082,other,Isopoda,0,1,Isopoda,https://www.inaturalist.org/observations/17703298,"2021-08-30 09:57:15"
1561,83165,bee,"bee (sawfly)",0,1,,https://www.inaturalist.org/observations/60091208,"2022-06-13 06:24:07"
1562,81384,beetle,fly,0,4,fly,https://www.inaturalist.org/observations/53875309,"2022-06-13 07:12:07"
1563,78315,bee,fly,0,4,fly,https://www.inaturalist.org/observations/50287329,"2026-06-29 09:39:04"
1564,75566,fly,truebugs,0,0,truebugs,https://www.inaturalist.org/observations/46227534,"2022-06-13 08:36:07"
1565,81488,unidentified,truebugs,0,0,truebugs,https://www.inaturalist.org/observations/54167304,"2022-06-13 07:09:06"
1566,82559,truebugs,leafhopper,0,2,leafhopper,https://www.inaturalist.org/observations/58307339,"2022-06-13 06:42:07"
1567,81382,leafhopper,grasshopper,0,4,grasshopper,https://www.inaturalist.org/observations/53874718,"2022-06-13 07:12:07"
1568,81345,unidentified,leafhopper,0,0,leafhopper,https://www.inaturalist.org/observations/53840429,"2022-06-13 07:12:07"
1569,76764,bee,"bee (sawfly)",0,3,"bee (sawfly)",https://www.inaturalist.org/observations/48333277,"2022-06-13 08:21:08"
1570,76762,bee,"bee (sawfly)",0,3,"bee (sawfly)",https://www.inaturalist.org/observations/48332759,"2022-06-13 08:21:08"
1571,75073,other,Thysanoptera,0,0,Thysanoptera,https://www.inaturalist.org/observations/44978078,"2022-06-13 08:42:08"
1572,43721,other,bee,0,0,bee,https://www.inaturalist.org/observations/22622060,"2022-05-23 09:54:07"
1573,43421,unidentified,bee,0,0,bee,https://www.inaturalist.org/observations/22522111,"2022-05-23 09:57:07"
1574,12964,unidentified,spider,0,1,spider,https://www.inaturalist.org/observations/17848830,"2022-05-23 09:57:07"
1575,914,unidentified,aphid,0,0,aphid,https://www.inaturalist.org/observations/17848388,"2022-05-16 09:39:08"
1576,194,unidentified,Psocodea,0,0,Psocodea,https://www.inaturalist.org/observations/17848235,"2022-05-16 09:42:06"
1577,41784,unidentified,Blattodea,0,0,Blattodea,https://www.inaturalist.org/observations/17704565,"2022-05-16 09:45:07"
1578,41778,unidentified,Psocodea,0,0,Psocodea,https://www.inaturalist.org/observations/17704559,"2022-05-16 09:45:07"
1579,41351,unidentified,Psocodea,0,0,Psocodea,https://www.inaturalist.org/observations/17704375,"2022-05-16 09:51:06"
1580,14505,unidentified,Blattodea,0,0,Blattodea,https://www.inaturalist.org/observations/17704318,"2022-05-16 09:51:06"
1581,13983,unidentified,Blattodea,0,0,Blattodea,https://www.inaturalist.org/observations/17704247,"2022-05-16 09:51:06"
1582,81070,unidentified,truebugs,0,0,truebugs,https://www.inaturalist.org/observations/53521861,"2022-06-13 07:21:06"
1583,81052,unidentified,Neuroptera,0,0,Neuroptera,https://www.inaturalist.org/observations/53485198,"2022-06-13 07:21:06"
1584,79150,beetle,Psocodea,0,3,Psocodea,https://www.inaturalist.org/observations/51279910,"2022-06-13 07:51:06"
1585,72331,unidentified,Blattodea,0,0,Blattodea,https://www.inaturalist.org/observations/30832506,"2022-06-13 09:06:07"
1586,72069,unidentified,truebugs,0,1,truebugs,https://www.inaturalist.org/observations/30501666,"2022-06-13 09:09:06"
1587,72056,unidentified,Neuroptera,0,0,Neuroptera,https://www.inaturalist.org/observations/30494496,"2022-06-13 09:09:06"
1588,71822,unidentified,truebugs,0,0,truebugs,https://www.inaturalist.org/observations/30307775,"2022-06-13 09:12:06"
1589,71389,unidentified,spider,0,1,spider,https://www.inaturalist.org/observations/29992254,"2022-06-13 09:12:06"
1590,71115,other,truebugs,0,2,truebugs,https://www.inaturalist.org/observations/29911281,"2022-06-13 09:15:06"
1591,67342,unidentified,truebugs,0,0,truebugs,https://www.inaturalist.org/observations/28572732,"2022-06-13 09:42:06"
1592,67340,unidentified,truebugs,0,0,truebugs,https://www.inaturalist.org/observations/28572563,"2022-06-13 09:42:06"
1593,67339,unidentified,truebugs,0,0,truebugs,https://www.inaturalist.org/observations/28572382,"2022-06-13 09:42:06"
1594,64017,unidentified,truebugs,0,0,truebugs,https://www.inaturalist.org/observations/27708554,"2022-06-06 09:36:08"
1595,63999,unidentified,truebugs,0,0,truebugs,https://www.inaturalist.org/observations/27708122,"2022-06-06 09:36:08"
1596,60930,unidentified,truebugs,0,0,truebugs,https://www.inaturalist.org/observations/27101590,"2022-05-30 09:36:07"
1597,55823,unidentified,caterpillar,0,1,caterpillar,https://www.inaturalist.org/observations/25675524,"2026-06-29 09:48:05"
1598,10261,unidentified,Entomobryomorpha,0,0,Entomobryomorpha,https://www.inaturalist.org/observations/17703907,"2021-09-27 09:57:16"
1599,83095,other,Neuroptera,0,1,Neuroptera,https://www.inaturalist.org/observations/59041795,"2022-06-13 06:30:08"
1600,81896,unidentified,truebugs,0,0,truebugs,https://www.inaturalist.org/observations/54733713,"2022-06-13 07:03:07"
1601,81592,bee,moths,0,2,moths,https://www.inaturalist.org/observations/54396241,"2022-06-13 07:09:06"
1602,80941,unidentified,truebugs,0,0,truebugs,https://www.inaturalist.org/observations/53363728,"2022-06-13 07:21:06"
1603,78455,truebugs,truebugs,0,2,truebugs,https://www.inaturalist.org/observations/50575097,"2026-06-29 09:39:04"
1604,77218,fly,fly,0,2,fly,https://www.inaturalist.org/observations/49022180,"2026-06-29 09:39:04"
1605,75739,unidentified,truebugs,0,0,truebugs,https://www.inaturalist.org/observations/46850144,"2022-06-13 08:33:07"
1606,75592,unidentified,"truebugs, leafhopper",0,1,,https://www.inaturalist.org/observations/46268265,"2022-06-13 08:36:07"
1607,58543,spider,daddylonglegs,0,3,daddylonglegs,https://www.inaturalist.org/observations/26544745,"2022-05-23 09:24:07"
1608,261,unidentified,fly,0,0,fly,https://www.inaturalist.org/observations/58225445,"2022-06-13 06:51:07"
1609,80769,unidentified,truebugs,0,0,truebugs,https://www.inaturalist.org/observations/53053213,"2022-06-13 07:24:07"
1610,80318,unidentified,truebugs,0,0,truebugs,https://www.inaturalist.org/observations/52587012,"2022-06-13 07:30:07"
1611,79965,unidentified,Psocodea,0,0,Psocodea,https://www.inaturalist.org/observations/52179321,"2022-06-13 07:36:07"
1612,79668,beetle,beetle,0,0,beetle,https://www.inaturalist.org/observations/51823706,"2022-06-13 07:42:07"
1613,79321,leafhopper,truebugs,0,0,truebugs,https://www.inaturalist.org/observations/51475845,"2022-06-13 07:48:07"
1614,78921,unidentified,Blattodea,0,0,Blattodea,https://www.inaturalist.org/observations/51029524,"2022-06-13 07:51:06"
1615,78501,leafhopper,truebugs,0,0,truebugs,https://www.inaturalist.org/observations/50583465,"2022-06-13 07:57:07"
1616,77721,fly,bee,0,0,bee,https://www.inaturalist.org/observations/49718735,"2022-06-13 08:09:07"
1617,77654,unidentified,fly,0,0,fly,https://www.inaturalist.org/observations/49606075,"2022-06-13 08:09:07"
1618,77577,spider,daddylonglegs,0,3,daddylonglegs,https://www.inaturalist.org/observations/49472614,"2022-06-13 08:09:07"
1619,77149,spider,truebugs,0,1,,https://www.inaturalist.org/observations/48934834,"2022-06-13 08:15:06"
1620,77004,unidentified,Psocodea,0,0,Psocodea,https://www.inaturalist.org/observations/48644141,"2022-06-13 08:18:08"
1621,76670,unidentified,leafhopper,0,0,leafhopper,https://www.inaturalist.org/observations/48258393,"2022-06-13 08:21:08"
1622,76498,unidentified,bee,0,0,bee,https://www.inaturalist.org/observations/48115805,"2022-06-13 08:27:06"
1623,76467,truebugs,truebugs,0,0,truebugs,https://www.inaturalist.org/observations/48111726,"2022-06-13 08:27:06"
1624,76250,unidentified,truebugs,0,0,truebugs,https://www.inaturalist.org/observations/47735460,"2022-06-13 08:27:07"
1625,76196,leafhopper,truebugs,0,0,truebugs,https://www.inaturalist.org/observations/47640001,"2022-06-13 08:27:07"
1626,76173,fly,fly,0,0,fly,https://www.inaturalist.org/observations/47635564,"2022-06-13 08:27:07"
1627,76166,moths,moths,0,1,moths,https://www.inaturalist.org/observations/47634006,"2026-06-29 09:42:05"
1628,76160,leafhopper,truebugs,0,0,truebugs,https://www.inaturalist.org/observations/47633134,"2022-06-13 08:27:07"
1629,76151,leafhopper,truebugs,0,0,truebugs,https://www.inaturalist.org/observations/47630047,"2022-06-13 08:27:07"
1630,75808,unidentified,Neuroptera,0,0,Neuroptera,https://www.inaturalist.org/observations/47049239,"2022-06-13 08:33:07"
1631,75227,moths,Trichoptera,0,0,Trichoptera,https://www.inaturalist.org/observations/45496773,"2022-06-13 08:42:08"
1632,220,other,spider,0,2,spider,https://www.inaturalist.org/observations/17848277,"2026-06-29 09:51:04"
1633,8275,spider,Pseudoscorpiones,0,1,,https://www.inaturalist.org/observations/17703647,"2021-09-13 09:57:10"
1634,2896,spider,truebugs,0,2,truebugs,https://www.inaturalist.org/observations/17703259,"2021-08-30 09:57:15"
1635,80577,unidentified,Neuroptera,0,0,Neuroptera,https://www.inaturalist.org/observations/52820717,"2022-06-13 07:27:07"
1636,64047,other,Isopoda,0,1,Isopoda,https://www.inaturalist.org/observations/27710805,"2022-06-06 09:36:08"
1637,83507,aphid,spider,0,4,spider,https://www.inaturalist.org/observations/74038171,"2022-06-13 06:21:08"
1638,82576,fly,Psocodea,0,2,Psocodea,https://www.inaturalist.org/observations/58308385,"2022-06-13 06:42:07"
1639,81841,ant,"bee, spider",0,2,,https://www.inaturalist.org/observations/54658323,"2022-06-13 07:03:07"
1640,81243,ant,spider,0,3,spider,https://www.inaturalist.org/observations/53752298,"2022-06-13 07:15:07"
1641,81232,ant,bee,0,1,,https://www.inaturalist.org/observations/53749284,"2022-06-13 07:15:07"
1642,79485,ant,bee,0,1,,https://www.inaturalist.org/observations/51718620,"2022-06-13 07:45:06"
1643,79458,ant,bee,0,1,,https://www.inaturalist.org/observations/51691445,"2022-06-13 07:48:07"
1644,76129,bee,"bee (sawfly)",0,2,"bee (sawfly)",https://www.inaturalist.org/observations/47508878,"2022-06-13 08:30:07"
1645,83540,spider,daddylonglegs,0,3,daddylonglegs,https://www.inaturalist.org/observations/74940688,"2022-06-13 06:18:07"
1646,83538,ant,spider,0,1,,https://www.inaturalist.org/observations/74934958,"2022-06-13 06:18:07"
1647,83537,spider,daddylonglegs,0,3,daddylonglegs,https://www.inaturalist.org/observations/74934736,"2022-06-13 06:18:07"
1648,83536,spider,daddylonglegs,0,3,daddylonglegs,https://www.inaturalist.org/observations/74933331,"2022-06-13 06:18:07"
1649,82614,other,Isopoda,0,1,Isopoda,https://www.inaturalist.org/observations/58309509,"2022-06-13 06:42:07"
1650,83584,bee,fly,0,3,fly,https://www.inaturalist.org/observations/75423860,"2022-06-13 06:18:07"
1651,83709,unidentified,Dermaptera,0,2,Dermaptera,https://www.inaturalist.org/observations/78107822,"2026-06-29 09:36:05"
1652,81049,bee,"bee (sawfly)",0,1,,https://www.inaturalist.org/observations/53483686,"2022-06-13 07:21:06"
1653,80527,bee,"bee (sawfly)",0,2,"bee (sawfly)",https://www.inaturalist.org/observations/52704244,"2022-06-13 07:27:07"
1654,79289,bee,fly,0,2,fly,https://www.inaturalist.org/observations/51398070,"2022-06-13 07:48:07"
1655,77857,ant,bee,0,1,,https://www.inaturalist.org/observations/49893690,"2022-06-13 08:06:06"
1656,41774,unidentified,Blattodea,0,0,Blattodea,https://www.inaturalist.org/observations/17704545,"2022-05-16 09:45:07"
1657,83831,caterpillar,"bee (sawfly)",0,2,"bee (sawfly)",https://www.inaturalist.org/observations/78365396,"2022-06-13 06:15:07"
1658,83830,beetle,truebugs,0,5,truebugs,https://www.inaturalist.org/observations/78365049,"2022-06-13 06:15:07"
1659,84877,other,Neuroptera,0,0,Neuroptera,https://www.inaturalist.org/observations/79644433,"2022-06-13 06:03:07"
1660,84862,unidentified,Psocodea,0,0,Psocodea,https://www.inaturalist.org/observations/79642938,"2022-06-13 06:03:07"
1661,84844,bee,bee,0,0,bee,https://www.inaturalist.org/observations/79641408,"2022-06-13 06:03:07"
1662,84754,unidentified,truebugs,0,0,truebugs,https://www.inaturalist.org/observations/79532664,"2022-06-13 06:03:07"
1663,84751,unidentified,leafhopper,0,1,leafhopper,https://www.inaturalist.org/observations/79531578,"2022-06-13 06:03:07"
1664,84748,unidentified,beetle,0,1,beetle,https://www.inaturalist.org/observations/79530967,"2022-06-13 06:03:07"
1665,84624,unidentified,grasshopper,0,1,grasshopper,https://www.inaturalist.org/observations/79424202,"2022-06-13 06:06:14"
1666,84611,caterpillar,"bee (sawfly)",0,2,"bee (sawfly)",https://www.inaturalist.org/observations/79421033,"2022-06-13 06:06:14"
1667,84521,aphid,aphid,0,3,aphid,https://www.inaturalist.org/observations/79298781,"2022-06-13 06:06:14"
1668,84503,other,Anura,0,1,Anura,https://www.inaturalist.org/observations/79284105,"2026-06-29 09:36:05"
1669,84427,bee,"bee (sawfly)",0,1,,https://www.inaturalist.org/observations/79274308,"2022-06-13 06:09:06"
1670,84297,truebugs,beetle,0,4,beetle,https://www.inaturalist.org/observations/79187244,"2022-06-13 06:09:06"
1671,84295,beetle,Thysanoptera,0,3,Thysanoptera,https://www.inaturalist.org/observations/79185564,"2022-06-13 06:09:06"
1672,84272,beetle,Neuroptera,0,2,Neuroptera,https://www.inaturalist.org/observations/79179454,"2022-06-13 06:09:06"
1673,84263,fly,fly,0,2,fly,https://www.inaturalist.org/observations/79177408,"2022-06-13 06:09:06"
1674,84262,fly,fly,0,2,fly,https://www.inaturalist.org/observations/79177079,"2022-06-13 06:09:06"
1675,64035,other,Isopoda,0,1,Isopoda,https://www.inaturalist.org/observations/27709327,"2022-06-06 09:36:08"
1676,86630,fly,Mecoptera,0,5,Mecoptera,https://www.inaturalist.org/observations/80816486,"2023-05-01 09:57:06"
1677,86622,caterpillar,"bee (sawfly)",0,2,"bee (sawfly)",https://www.inaturalist.org/observations/80814058,"2023-05-01 09:57:06"
1678,86614,caterpillar,"bee (sawfly)",0,2,"bee (sawfly)",https://www.inaturalist.org/observations/80812468,"2023-05-01 09:57:06"
1679,86612,caterpillar,"bee (sawfly)",0,2,"bee (sawfly)",https://www.inaturalist.org/observations/80811783,"2022-09-26 09:57:05"
1680,86609,caterpillar,"bee (sawfly)",0,3,"bee (sawfly)",https://www.inaturalist.org/observations/80810933,"2022-09-26 09:57:05"
1681,86597,caterpillar,"bee (sawfly)",0,3,"bee (sawfly)",https://www.inaturalist.org/observations/80806947,"2022-09-26 09:57:05"
1682,86564,caterpillar,"bee (sawfly)",0,2,"bee (sawfly)",https://www.inaturalist.org/observations/80794922,"2022-09-19 09:57:05"
1683,86538,bee,Ephemeroptera,0,3,Ephemeroptera,https://www.inaturalist.org/observations/80730733,"2022-09-12 09:54:06"
1684,86486,bee,moths,0,1,,https://www.inaturalist.org/observations/80723669,"2022-09-12 09:54:06"
1685,86452,unidentified,bee,0,1,bee,https://www.inaturalist.org/observations/80664824,"2022-09-12 09:57:05"
1686,86001,leafhopper,moths,0,2,moths,https://www.inaturalist.org/observations/80473349,"2022-09-05 09:57:06"
1687,85969,caterpillar,caterpillar,0,1,caterpillar,https://www.inaturalist.org/observations/80390456,"2022-09-05 09:57:06"
1688,85968,caterpillar,caterpillar,0,0,caterpillar,https://www.inaturalist.org/observations/80390069,"2022-09-05 09:57:06"
1689,85960,bee,"bee (sawfly)",0,1,,https://www.inaturalist.org/observations/80388036,"2022-09-05 09:57:06"
1690,85950,bee,"bee (sawfly)",0,3,"bee (sawfly)",https://www.inaturalist.org/observations/80386979,"2022-09-05 09:57:06"
1691,85873,unidentified,Neuroptera,0,0,Neuroptera,https://www.inaturalist.org/observations/80373150,"2022-08-29 09:54:05"
1692,85863,unidentified,Psocodea,0,0,Psocodea,https://www.inaturalist.org/observations/80368665,"2022-08-29 09:54:05"
1693,85850,caterpillar,"bee (sawfly)",0,3,"bee (sawfly)",https://www.inaturalist.org/observations/80366271,"2022-08-29 09:54:05"
1694,85849,caterpillar,"bee (sawfly)",0,2,"bee (sawfly)",https://www.inaturalist.org/observations/80365973,"2022-08-29 09:54:05"
1695,85830,bee,"bee (sawfly)",0,1,,https://www.inaturalist.org/observations/80362356,"2022-08-29 09:54:05"
1696,85812,bee,"bee (sawfly)",0,2,"bee (sawfly)",https://www.inaturalist.org/observations/80357876,"2022-08-29 09:54:05"
1697,85322,caterpillar,fly,0,4,fly,https://www.inaturalist.org/observations/80140948,"2022-08-29 09:57:06"
1698,85351,truebugs,beetle,0,6,beetle,https://www.inaturalist.org/observations/80116199,"2022-06-13 06:00:08"
1699,85245,caterpillar,fly,0,2,fly,https://www.inaturalist.org/observations/80099182,"2022-06-13 06:00:08"
1700,85064,unidentified,Trichoptera,0,0,Trichoptera,https://www.inaturalist.org/observations/79834418,"2022-06-13 06:03:07"
1701,85060,unidentified,Trichoptera,0,0,Trichoptera,https://www.inaturalist.org/observations/79833061,"2022-06-13 06:03:07"
1702,6881,other,Julida,0,0,Julida,https://www.inaturalist.org/observations/17703536,"2021-09-06 09:57:33"
1703,88082,unidentified,Neuroptera,0,1,Neuroptera,https://www.inaturalist.org/observations/81860407,"2023-05-15 09:57:05"
1704,88037,truebugs,beetle,0,3,beetle,https://www.inaturalist.org/observations/81853517,"2023-05-08 09:54:05"
1705,87627,other,Spirobolida,0,0,Spirobolida,https://www.inaturalist.org/observations/81555927,"2023-05-08 09:54:05"
1706,87608,beetle,truebugs,0,3,truebugs,https://www.inaturalist.org/observations/81487584,"2023-05-08 09:57:05"
1707,87476,other,beetle,0,0,beetle,https://www.inaturalist.org/observations/81431739,"2023-05-08 09:57:05"
1708,87401,bee,"bee (sawfly)",0,1,,https://www.inaturalist.org/observations/81316997,"2023-05-08 09:57:05"
1709,87379,bee,"bee (sawfly)",0,2,"bee (sawfly)",https://www.inaturalist.org/observations/81305666,"2023-05-08 09:57:05"
1710,87362,truebugs,beetle,0,1,beetle,https://www.inaturalist.org/observations/81302770,"2023-05-08 09:57:05"
1711,87353,leafhopper,truebugs,0,3,truebugs,https://www.inaturalist.org/observations/81302074,"2023-05-08 09:57:05"
1712,87315,unidentified,truebugs,0,1,truebugs,https://www.inaturalist.org/observations/81296663,"2023-05-01 09:51:06"
1713,87309,other,Psocodea,0,0,Psocodea,https://www.inaturalist.org/observations/81295249,"2023-05-01 09:51:06"
1714,87235,bee,"bee (sawfly)",0,1,,https://www.inaturalist.org/observations/81215900,"2023-05-01 09:51:06"
1715,86781,unidentified,beetle,0,1,beetle,https://www.inaturalist.org/observations/81095017,"2023-05-01 09:54:13"
1716,86738,beetle,truebugs,0,3,truebugs,https://www.inaturalist.org/observations/81084849,"2023-05-01 09:54:13"
1717,86723,beetle,truebugs,0,3,truebugs,https://www.inaturalist.org/observations/81079405,"2023-05-01 09:54:13"
1718,86712,bee,Thysanoptera,0,2,Thysanoptera,https://www.inaturalist.org/observations/81076279,"2023-05-01 09:54:13"
1719,85636,unidentified,Symphypleona,0,0,Symphypleona,https://www.inaturalist.org/observations/80264781,"2022-08-29 09:57:06"
1720,85603,leafhopper,aphid,0,2,aphid,https://www.inaturalist.org/observations/80263383,"2022-08-29 09:57:06"
1721,85343,leafhopper,Psocodea,0,2,Psocodea,https://www.inaturalist.org/observations/80111413,"2022-06-13 06:00:08"
1722,89640,bee,fly,0,3,fly,https://www.inaturalist.org/observations/82676921,"2023-05-15 09:39:06"
1723,89227,other,Polydesmida,0,1,Polydesmida,https://www.inaturalist.org/observations/82543340,"2023-05-15 09:42:05"
1724,89215,other,Entomobryomorpha,0,0,Entomobryomorpha,https://www.inaturalist.org/observations/82542792,"2023-05-15 09:42:05"
1725,89207,other,Entomobryomorpha,0,0,Entomobryomorpha,https://www.inaturalist.org/observations/82541925,"2023-05-15 09:42:05"
1726,89091,beetle,truebugs,0,4,truebugs,https://www.inaturalist.org/observations/82471060,"2023-05-15 09:42:05"
1727,88812,other,Entomobryomorpha,0,0,Entomobryomorpha,https://www.inaturalist.org/observations/82413918,"2023-05-15 09:45:05"
1728,88765,bee,fly,0,2,fly,https://www.inaturalist.org/observations/82358250,"2023-05-15 09:48:06"
1729,88750,leafhopper,beetle,0,4,beetle,https://www.inaturalist.org/observations/82324858,"2023-05-15 09:48:06"
1730,88684,unidentified,truebugs,0,0,truebugs,https://www.inaturalist.org/observations/82290367,"2023-05-15 09:48:06"
1731,88678,unidentified,truebugs,0,1,truebugs,https://www.inaturalist.org/observations/82290095,"2023-05-15 09:48:06"
1732,88549,beetle,truebugs,0,2,truebugs,https://www.inaturalist.org/observations/82207615,"2023-05-15 09:51:05"
1733,88256,fly,truebugs,0,1,,https://www.inaturalist.org/observations/82052363,"2023-05-15 09:54:05"
1734,88253,other,Trichoptera,0,1,Trichoptera,https://www.inaturalist.org/observations/82051423,"2023-05-15 09:54:05"
1735,88039,bee,fly,0,4,fly,https://www.inaturalist.org/observations/81854263,"2026-06-29 09:36:05"
1736,87226,leafhopper,aphid,0,1,,https://www.inaturalist.org/observations/81213221,"2023-05-01 09:51:06"
1737,73003,ant,spider,0,1,,https://www.inaturalist.org/observations/32061860,"2022-06-13 09:00:07"
1738,91527,caterpillar,fly,0,3,fly,https://www.inaturalist.org/observations/83820961,"2023-05-22 09:30:07"
1739,91392,unidentified,beetle,0,2,beetle,https://www.inaturalist.org/observations/83528077,"2023-05-22 09:33:06"
1740,91390,truebugs,beetle,0,5,beetle,https://www.inaturalist.org/observations/83527337,"2023-05-22 09:33:06"
1741,91388,unidentified,truebugs,0,0,truebugs,https://www.inaturalist.org/observations/83526667,"2023-05-22 09:33:06"
1742,91373,beetle,truebugs,0,5,truebugs,https://www.inaturalist.org/observations/83524016,"2023-05-22 09:33:06"
1743,91258,other,Entomobryomorpha,0,0,Entomobryomorpha,https://www.inaturalist.org/observations/83509080,"2023-05-22 09:36:06"
1744,90939,leafhopper,beetle,0,2,beetle,https://www.inaturalist.org/observations/83296627,"2023-05-22 09:39:06"
1745,90890,bee,"bee (sawfly)",0,3,"bee (sawfly)",https://www.inaturalist.org/observations/83290799,"2023-05-22 09:39:06"
1746,90858,caterpillar,beetle,0,3,beetle,https://www.inaturalist.org/observations/83286893,"2023-05-22 09:42:05"
1747,90852,bee,beetle,0,4,beetle,https://www.inaturalist.org/observations/83284725,"2023-05-22 09:42:05"
1748,90772,beetle,truebugs,0,3,truebugs,https://www.inaturalist.org/observations/83273461,"2023-05-22 09:42:05"
1749,90565,aphid,aphid,0,3,aphid,https://www.inaturalist.org/observations/83166680,"2023-05-22 09:48:05"
1750,90347,bee,beetle,0,4,beetle,https://www.inaturalist.org/observations/83151572,"2023-05-22 09:48:05"
1751,90300,aphid,Psocodea,0,2,Psocodea,https://www.inaturalist.org/observations/83147372,"2023-05-22 09:51:06"
1752,90208,other,Spirobolida,0,0,Spirobolida,https://www.inaturalist.org/observations/83134838,"2022-12-12 09:12:05"
1753,89811,aphid,truebugs,0,3,truebugs,https://www.inaturalist.org/observations/83002657,"2023-05-15 09:36:07"
1754,89808,other,Isopoda,0,2,Isopoda,https://www.inaturalist.org/observations/83001562,"2023-05-15 09:36:07"
1755,89675,beetle,truebugs,0,3,truebugs,https://www.inaturalist.org/observations/82856370,"2023-05-15 09:36:07"
1756,89671,bee,fly,0,4,fly,https://www.inaturalist.org/observations/82727437,"2026-06-29 09:33:05"
1757,83752,other,Plecoptera,0,2,Plecoptera,https://www.inaturalist.org/observations/78246486,"2022-06-13 06:15:07"
1758,93422,unidentified,truebugs,0,1,truebugs,https://www.inaturalist.org/observations/84442495,"2023-05-29 09:51:06"
1759,92685,leafhopper,aphid,0,1,,https://www.inaturalist.org/observations/84186415,"2023-05-22 09:12:05"
1760,92629,other,Neuroptera,0,1,Neuroptera,https://www.inaturalist.org/observations/84175611,"2023-05-22 09:15:06"
1761,92584,beetle,truebugs,0,3,truebugs,https://www.inaturalist.org/observations/84128230,"2023-05-22 09:15:06"
1763,92517,beetle,truebugs,0,3,truebugs,https://www.inaturalist.org/observations/84114303,"2023-05-22 09:18:05"
1764,92460,beetle,truebugs,0,3,truebugs,https://www.inaturalist.org/observations/84104190,"2023-05-22 09:18:05"
1765,92047,caterpillar,"bee (sawfly)",0,2,"bee (sawfly)",https://www.inaturalist.org/observations/84005419,"2023-05-22 09:24:05"
1766,91872,bee,fly,0,2,fly,https://www.inaturalist.org/observations/83956216,"2023-05-22 09:24:06"
1767,91770,beetle,truebugs,0,3,truebugs,https://www.inaturalist.org/observations/83944568,"2023-05-22 09:27:06"
1768,91769,beetle,truebugs,0,3,truebugs,https://www.inaturalist.org/observations/83944189,"2023-05-22 09:27:06"
1769,91718,other,Entomobryomorpha,0,1,Entomobryomorpha,https://www.inaturalist.org/observations/83938978,"2023-05-22 09:27:06"
1770,91657,other,Polydesmida,0,0,Polydesmida,https://www.inaturalist.org/observations/83931491,"2022-06-06 04:03:08"
1771,91656,other,Entomobryomorpha,0,1,Entomobryomorpha,https://www.inaturalist.org/observations/83931286,"2023-05-22 09:30:07"
1772,91640,bee,"bee (sawfly)",0,3,"bee (sawfly)",https://www.inaturalist.org/observations/83929605,"2023-05-22 09:30:07"
1773,91588,beetle,truebugs,0,3,truebugs,https://www.inaturalist.org/observations/83925208,"2023-05-22 09:30:07"
1774,76013,bee,"bee (sawfly)",0,1,,https://www.inaturalist.org/observations/47286044,"2022-06-13 08:30:07"
1775,95010,truebugs,beetle,0,4,beetle,https://www.inaturalist.org/observations/85264195,"2023-05-29 09:36:05"
1776,94982,beetle,truebugs,0,3,truebugs,https://www.inaturalist.org/observations/85236175,"2023-05-29 09:39:06"
1777,94934,beetle,truebugs,0,4,truebugs,https://www.inaturalist.org/observations/85231660,"2023-05-29 09:39:06"
1778,94737,truebugs,Neuroptera,0,2,Neuroptera,https://www.inaturalist.org/observations/85117395,"2023-05-29 09:39:06"
1779,94584,unidentified,truebugs,0,0,truebugs,https://www.inaturalist.org/observations/85089500,"2023-05-29 09:42:05"
1780,94645,truebugs,Phasmida,0,2,Phasmida,https://www.inaturalist.org/observations/85084252,"2023-05-29 09:42:05"
1781,94616,beetle,truebugs,0,3,truebugs,https://www.inaturalist.org/observations/85083456,"2023-05-29 09:42:05"
1782,94016,bee,"bee (sawfly)",0,1,,https://www.inaturalist.org/observations/85002799,"2023-05-29 09:42:05"
1783,94169,bee,bee,0,3,bee,https://www.inaturalist.org/observations/84884188,"2023-05-29 09:45:06"
1784,94132,beetle,beetle,0,1,,https://www.inaturalist.org/observations/84876067,"2023-05-29 09:45:06"
1785,94101,other,Entomobryomorpha,0,1,Entomobryomorpha,https://www.inaturalist.org/observations/84873723,"2023-05-29 09:45:06"
1786,94085,truebugs,truebugs,0,3,truebugs,https://www.inaturalist.org/observations/84871084,"2023-05-29 09:45:06"
1787,94077,other,leafhopper,0,2,leafhopper,https://www.inaturalist.org/observations/84869100,"2023-05-29 09:45:06"
1788,93624,truebugs,beetle,0,4,beetle,https://www.inaturalist.org/observations/84548270,"2023-05-29 09:45:06"
1789,93587,caterpillar,"bee (sawfly)",0,3,"bee (sawfly)",https://www.inaturalist.org/observations/84478457,"2023-05-29 09:48:05"
1792,96563,ant,bee,0,3,bee,https://www.inaturalist.org/observations/86274476,"2023-06-05 09:51:05"
1793,96523,truebugs,beetle,0,4,beetle,https://www.inaturalist.org/observations/86271521,"2023-06-05 09:54:06"
1794,96375,beetle,Psocodea,0,3,Psocodea,https://www.inaturalist.org/observations/86042431,"2023-06-05 09:54:06"
1795,95705,beetle,Thysanoptera,0,3,Thysanoptera,https://www.inaturalist.org/observations/85852986,"2023-05-29 09:33:06"
1796,95699,beetle,Thysanoptera,0,3,Thysanoptera,https://www.inaturalist.org/observations/85852225,"2023-05-29 09:33:06"
1797,95692,beetle,Thysanoptera,0,3,Thysanoptera,https://www.inaturalist.org/observations/85850236,"2023-05-29 09:33:06"
1798,95689,beetle,truebugs,0,3,truebugs,https://www.inaturalist.org/observations/85849193,"2023-05-29 09:33:06"
1799,95688,beetle,Thysanoptera,0,2,Thysanoptera,https://www.inaturalist.org/observations/85848795,"2023-05-29 09:33:06"
1801,98588,unidentified,truebugs,0,0,truebugs,https://www.inaturalist.org/observations/87281990,"2023-06-05 09:27:06"
1802,92418,beetle,leafhopper,0,4,leafhopper,https://www.inaturalist.org/observations/87176985,"2023-06-05 09:30:06"
1803,98263,unidentified,Thysanoptera,0,0,Thysanoptera,https://www.inaturalist.org/observations/87143066,"2023-06-05 09:33:06"
1804,98232,other,Entomobryomorpha,0,2,Entomobryomorpha,https://www.inaturalist.org/observations/87142118,"2026-06-29 09:30:05"
1805,98201,other,Entomobryomorpha,0,0,Entomobryomorpha,https://www.inaturalist.org/observations/87139433,"2023-06-05 09:33:06"
1807,97800,bee,"bee (sawfly)",0,1,,https://www.inaturalist.org/observations/86937050,"2023-06-05 09:36:05"
1808,97799,bee,"bee (sawfly)",0,1,,https://www.inaturalist.org/observations/86936840,"2023-06-05 09:36:05"
1809,97798,bee,"bee (sawfly)",0,1,,https://www.inaturalist.org/observations/86936560,"2023-06-05 09:36:05"
1810,97616,other,bee,0,2,bee,https://www.inaturalist.org/observations/86899190,"2023-06-05 09:39:05"
1811,97523,grasshopper,Neuroptera,0,2,Neuroptera,https://www.inaturalist.org/observations/86884433,"2023-06-05 09:39:05"
1812,97437,truebugs,truebugs,0,3,truebugs,https://www.inaturalist.org/observations/86876210,"2023-06-05 09:39:05"
1813,97410,other,Psocodea,0,3,Psocodea,https://www.inaturalist.org/observations/86862297,"2023-06-05 09:39:05"
1815,97109,other,Entomobryomorpha,0,2,Entomobryomorpha,https://www.inaturalist.org/observations/86661218,"2026-06-29 09:30:05"
1816,96955,truebugs,beetle,0,2,beetle,https://www.inaturalist.org/observations/86403417,"2023-06-05 09:48:05"
1817,96920,bee,fly,0,2,fly,https://www.inaturalist.org/observations/86398889,"2023-06-05 09:48:05"
1818,96849,aphid,beetle,0,5,beetle,https://www.inaturalist.org/observations/86295879,"2023-06-05 09:48:05"
1819,96848,aphid,beetle,0,1,,https://www.inaturalist.org/observations/86295558,"2023-06-05 09:48:05"
1820,88857,other,Polydesmida,0,0,Polydesmida,https://www.inaturalist.org/observations/82417266,"2023-05-15 09:45:05"
1821,99688,truebugs,truebugs,0,0,truebugs,https://www.inaturalist.org/observations/88156994,"2023-06-12 09:48:05"
1822,99201,fly,beetle,0,3,beetle,https://www.inaturalist.org/observations/87994510,"2023-06-12 09:54:05"
1823,99196,beetle,Thysanoptera,0,3,Thysanoptera,https://www.inaturalist.org/observations/87991712,"2023-06-12 09:54:05"
1824,99138,unidentified,Neuroptera,0,1,Neuroptera,https://www.inaturalist.org/observations/87985232,"2023-06-12 09:54:05"
1825,99135,unidentified,Psocodea,0,0,Psocodea,https://www.inaturalist.org/observations/87984532,"2023-06-12 09:54:05"
1826,98794,fly,moths,0,4,moths,https://www.inaturalist.org/observations/87715518,"2026-06-29 09:30:05"
1827,98777,truebugs,beetle,0,3,beetle,https://www.inaturalist.org/observations/87713678,"2023-06-05 09:24:06"
1828,98775,leafhopper,Entomobryomorpha,0,4,Entomobryomorpha,https://www.inaturalist.org/observations/87712934,"2026-06-29 09:30:05"
1829,98767,fly,Psocodea,0,2,Psocodea,https://www.inaturalist.org/observations/87710535,"2023-06-05 09:24:06"
1830,98766,ant,bee,0,2,bee,https://www.inaturalist.org/observations/87710144,"2023-06-05 09:24:06"
1831,98668,unidentified,grasshopper,0,1,grasshopper,https://www.inaturalist.org/observations/87503268,"2023-06-05 09:27:06"
1832,97948,unidentified,fly,0,0,fly,https://www.inaturalist.org/observations/86987269,"2023-06-05 09:36:05"
1835,4039,unidentified,Neuroptera,0,0,Neuroptera,https://www.inaturalist.org/observations/17848491,"2022-05-16 09:36:06"
1836,265,unidentified,bee,0,0,bee,https://www.inaturalist.org/observations/17848301,"2022-05-16 09:39:08"
1837,101278,leafhopper,truebugs,0,4,truebugs,https://www.inaturalist.org/observations/89205918,"2026-06-29 09:30:05"
1838,101071,fly,Psocodea,0,2,Psocodea,https://www.inaturalist.org/observations/89189514,"2023-06-12 09:36:06"
1839,100948,bee,"bee (sawfly)",0,1,,https://www.inaturalist.org/observations/89100664,"2023-06-12 09:36:06"
1840,100825,grasshopper,Mantodea,0,3,Mantodea,https://www.inaturalist.org/observations/88968211,"2023-06-12 09:39:05"
1841,100844,caterpillar,beetle,0,3,beetle,https://www.inaturalist.org/observations/88963222,"2023-06-12 09:39:05"
1842,100794,unidentified,ant,0,1,ant,https://www.inaturalist.org/observations/88937709,"2023-06-12 09:39:05"
1843,100778,beetle,truebugs,0,3,truebugs,https://www.inaturalist.org/observations/88936977,"2023-06-12 09:39:05"
1844,100435,beetle,Psocodea,0,3,Psocodea,https://www.inaturalist.org/observations/88684551,"2023-06-12 09:45:06"
1845,100290,unidentified,beetle,0,1,beetle,https://www.inaturalist.org/observations/88441156,"2023-06-12 09:45:06"
1846,92792,other,"bee (sawfly)",0,0,"bee (sawfly)",https://www.inaturalist.org/observations/84202204,"2023-05-22 09:12:05"
1847,101960,leafhopper,Psocodea,0,3,Psocodea,https://www.inaturalist.org/observations/89910331,"2023-06-12 09:24:06"
1848,101958,leafhopper,Psocodea,0,4,Psocodea,https://www.inaturalist.org/observations/89909968,"2023-06-12 09:24:06"
1849,101956,aphid,Psocodea,0,2,Psocodea,https://www.inaturalist.org/observations/89909743,"2023-06-12 09:24:06"
1850,101954,leafhopper,truebugs,0,3,truebugs,https://www.inaturalist.org/observations/89909222,"2023-06-12 09:24:06"
1851,101768,fly,truebugs,0,5,truebugs,https://www.inaturalist.org/observations/89779476,"2026-06-29 09:30:05"
1852,101753,fly,Neuroptera,0,2,Neuroptera,https://www.inaturalist.org/observations/89664111,"2023-06-12 09:30:07"
1853,100839,unidentified,grasshopper,0,0,grasshopper,https://www.inaturalist.org/observations/88972261,"2023-06-12 09:36:06"
1854,96423,fly,"bee (sawfly)",0,2,"bee (sawfly)",https://www.inaturalist.org/observations/86840242,"2023-06-05 09:45:05"
1855,93448,other,Neuroptera,0,0,Neuroptera,https://www.inaturalist.org/observations/84443921,"2023-05-29 09:51:06"
1856,93361,other,Neuroptera,0,0,Neuroptera,https://www.inaturalist.org/observations/84440111,"2023-05-29 09:51:06"
1857,89027,unidentified,bee,0,1,bee,https://www.inaturalist.org/observations/82440700,"2023-05-15 09:42:05"
1858,88736,unidentified,fly,0,1,fly,https://www.inaturalist.org/observations/82313262,"2026-06-29 09:36:05"
1859,87703,other,Dermaptera,0,2,Dermaptera,https://www.inaturalist.org/observations/81563267,"2023-05-08 09:54:05"
1860,42352,unidentified,truebugs,0,0,truebugs,https://www.inaturalist.org/observations/17704703,"2022-05-16 09:42:06"
1861,41782,unidentified,leafhopper,0,0,leafhopper,https://www.inaturalist.org/observations/17704564,"2022-05-16 09:45:07"
1863,103069,fly,bee,0,2,bee,https://www.inaturalist.org/observations/91327563,"2023-06-19 09:48:05"
1866,102723,beetle,beetle,0,4,beetle,https://www.inaturalist.org/observations/90811168,"2023-06-19 09:51:06"
1867,102691,caterpillar,"bee (sawfly)",0,2,"bee (sawfly)",https://www.inaturalist.org/observations/90774700,"2023-06-19 09:51:06"
1868,102608,unidentified,caterpillar,0,0,caterpillar,https://www.inaturalist.org/observations/90661571,"2023-06-19 09:54:05"
1869,102245,unidentified,truebugs,0,1,truebugs,https://www.inaturalist.org/observations/90158968,"2026-06-29 09:30:05"
1870,60894,unidentified,caterpillar,0,0,caterpillar,https://www.inaturalist.org/observations/27095033,"2022-05-30 09:36:07"
1871,60584,bee,Trichoptera,0,2,Trichoptera,https://www.inaturalist.org/observations/26966164,"2022-05-30 09:42:08"
1873,103109,ant,spider,0,3,spider,https://www.inaturalist.org/observations/91428794,"2023-06-19 09:45:06"
1875,103101,beetle,Neuroptera,0,2,Neuroptera,https://www.inaturalist.org/observations/91419993,"2023-06-19 09:45:06"
1877,103062,leafhopper,aphid,0,2,aphid,https://www.inaturalist.org/observations/91324185,"2023-06-19 09:48:05"
1878,103010,truebugs,leafhopper,0,3,leafhopper,https://www.inaturalist.org/observations/91208779,"2023-06-19 09:48:05"
1879,102731,other,Polydesmida,0,0,Polydesmida,https://www.inaturalist.org/observations/90834436,"2023-06-19 09:51:06"
1881,98846,leafhopper,moths,0,2,moths,https://www.inaturalist.org/observations/87844714,"2023-06-12 09:57:05"
1882,98538,other,truebugs,0,0,truebugs,https://www.inaturalist.org/observations/87274231,"2023-06-05 09:27:06"
1883,91173,leafhopper,truebugs,0,3,truebugs,https://www.inaturalist.org/observations/87172534,"2023-06-05 09:30:06"
1884,95358,leafhopper,beetle,0,2,beetle,https://www.inaturalist.org/observations/86844532,"2023-06-05 09:42:05"
1886,95586,leafhopper,Psocodea,0,2,Psocodea,https://www.inaturalist.org/observations/85766300,"2023-05-29 09:36:05"
1887,94187,other,Neuroptera,0,0,Neuroptera,https://www.inaturalist.org/observations/84888025,"2023-05-29 09:45:06"
1888,94165,other,Neuroptera,0,0,Neuroptera,https://www.inaturalist.org/observations/84883849,"2023-05-29 09:45:06"
1889,91664,leafhopper,moths,0,5,moths,https://www.inaturalist.org/observations/83932448,"2026-06-29 09:33:05"
1890,91393,leafhopper,aphid,0,1,,https://www.inaturalist.org/observations/83528406,"2023-05-22 09:30:07"
1891,88239,fly,Trichoptera,0,2,Trichoptera,https://www.inaturalist.org/observations/82046738,"2023-05-15 09:57:05"
1892,86627,leafhopper,Phasmida,0,3,Phasmida,https://www.inaturalist.org/observations/80815492,"2023-05-01 09:57:06"
1893,82524,leafhopper,spider,0,3,spider,https://www.inaturalist.org/observations/58304799,"2022-06-13 06:45:08"
1894,103396,other,Neuroptera,0,1,Neuroptera,https://www.inaturalist.org/observations/92270780,"2023-06-19 09:42:06"
1895,103380,fly,bee,0,2,bee,https://www.inaturalist.org/observations/92266236,"2023-06-19 09:42:06"
1896,101836,other,Thysanoptera,0,0,Thysanoptera,https://www.inaturalist.org/observations/89805467,"2023-06-12 09:27:06"
1897,101623,other,Neuroptera,0,1,Neuroptera,https://www.inaturalist.org/observations/89395175,"2023-06-12 09:30:07"
1898,100947,unidentified,Neuroptera,0,0,Neuroptera,https://www.inaturalist.org/observations/89099927,"2023-06-12 09:36:06"
1899,89326,fly,bee,0,2,bee,https://www.inaturalist.org/observations/82549600,"2023-05-15 09:39:06"
1900,104097,ant,beetle,0,2,beetle,https://www.inaturalist.org/observations/93473271,"2023-06-19 09:36:06"
1901,104055,other,Mantodea,0,3,Mantodea,https://www.inaturalist.org/observations/93431736,"2023-06-19 09:36:06"
1903,103737,other,Isopoda,0,2,Isopoda,https://www.inaturalist.org/observations/93063010,"2023-06-19 09:36:06"
1905,91389,unidentified,beetle,0,1,beetle,https://www.inaturalist.org/observations/83527021,"2023-05-22 09:33:06"
1906,89677,fly,beetle,0,3,beetle,https://www.inaturalist.org/observations/82861797,"2023-05-15 09:36:07"
1907,104382,beetle,Thysanoptera,0,4,Thysanoptera,https://www.inaturalist.org/observations/94124138,"2026-06-29 09:27:04"
1908,95955,caterpillar,beetle,0,4,beetle,https://www.inaturalist.org/observations/85940874,"2023-06-05 09:57:05"
1909,72271,other,truebugs,0,1,truebugs,https://www.inaturalist.org/observations/30756490,"2022-06-13 09:09:06"
1910,72049,other,truebugs,0,1,truebugs,https://www.inaturalist.org/observations/30493795,"2022-06-13 09:09:06"
1911,66191,other,Stylommatophora,0,1,Stylommatophora,https://www.inaturalist.org/observations/28244343,"2022-06-13 09:48:06"
1912,104564,beetle,Thysanoptera,0,3,Thysanoptera,https://www.inaturalist.org/observations/94926030,"2023-06-19 09:30:07"
1913,100131,unidentified,moths,0,0,moths,https://www.inaturalist.org/observations/88378001,"2023-06-12 09:45:06"
1914,96526,caterpillar,Polydesmida,0,1,,https://www.inaturalist.org/observations/86271909,"2023-06-05 09:54:06"
1915,91889,fly,Ephemeroptera,0,3,Ephemeroptera,https://www.inaturalist.org/observations/83959222,"2023-05-22 09:24:05"
1916,104878,leafhopper,truebugs,0,3,truebugs,https://www.inaturalist.org/observations/96524041,"2023-06-19 09:27:05"
1917,102386,unidentified,aphid,0,0,aphid,https://www.inaturalist.org/observations/90211473,"2021-10-04 00:30:10"
1919,102385,unidentified,aphid,0,0,aphid,https://www.inaturalist.org/observations/90211298,"2023-06-19 09:57:06"
1920,73084,other,Neuroptera,0,0,Neuroptera,https://www.inaturalist.org/observations/32108572,"2022-06-13 08:57:07"
1921,73081,other,Neuroptera,0,0,Neuroptera,https://www.inaturalist.org/observations/32108148,"2022-06-13 08:57:07"
1922,66177,unidentified,truebugs,0,0,truebugs,https://www.inaturalist.org/observations/28242987,"2022-06-13 09:48:06"
1923,65848,unidentified,beetle,0,0,beetle,https://www.inaturalist.org/observations/28129909,"2022-06-13 09:51:05"
1924,65840,unidentified,leafhopper,0,1,leafhopper,https://www.inaturalist.org/observations/28129121,"2026-06-29 09:45:06"
1925,65340,unidentified,bee,0,0,bee,https://www.inaturalist.org/observations/28056690,"2022-06-13 09:57:05"
1926,83738,other,fly,0,2,fly,https://www.inaturalist.org/observations/78128848,"2026-06-29 09:36:05"
1927,82093,other,Trichoptera,0,1,Trichoptera,https://www.inaturalist.org/observations/55299109,"2022-06-13 06:57:07"
1928,81803,other,Psocodea,0,0,Psocodea,https://www.inaturalist.org/observations/54554124,"2022-06-13 07:06:07"
1929,54081,unidentified,fly,0,0,fly,https://www.inaturalist.org/observations/25159087,"2022-05-23 09:48:07"
1930,103524,other,Polydesmida,0,0,Polydesmida,https://www.inaturalist.org/observations/92571255,"2023-06-19 09:39:05"
1931,90679,other,Neuroptera,0,2,Neuroptera,https://www.inaturalist.org/observations/83256218,"2023-05-22 09:45:05"
1932,96731,other,Fagales,2,1,truebugs,https://www.inaturalist.org/observations/86282540,"2023-06-05 09:51:05"
1933,72831,fly,leafhopper,0,2,leafhopper,https://www.inaturalist.org/observations/31457295,"2022-06-13 09:03:07"
1934,95607,other,Trichoptera,0,1,Trichoptera,https://www.inaturalist.org/observations/85768858,"2023-05-29 09:36:05"
1935,86813,fly,bee,0,2,bee,https://www.inaturalist.org/observations/81111312,"2023-05-01 09:51:06"
1936,84250,truebugs,truebugs,0,0,truebugs,https://www.inaturalist.org/observations/79172629,"2022-06-13 06:09:06"
1937,83260,grasshopper,Phasmida,0,2,Phasmida,https://www.inaturalist.org/observations/61601718,"2022-06-13 06:21:08"
1938,76883,fly,moths,0,1,,https://www.inaturalist.org/observations/48463209,"2022-06-13 08:18:08"
1939,101887,other,Neuroptera,0,1,Neuroptera,https://www.inaturalist.org/observations/89814498,"2023-06-12 09:27:06"
1940,98793,unidentified,truebugs,0,1,truebugs,https://www.inaturalist.org/observations/87715136,"2026-06-29 09:30:05"
1941,98788,unidentified,leafhopper,0,2,leafhopper,https://www.inaturalist.org/observations/87714797,"2026-06-29 09:30:05"
1942,104707,ant,"Sapindales, Fagales",0,3,Sapindales,https://www.inaturalist.org/observations/95564503,"2026-06-29 09:27:04"
1943,104519,ant,"bee (sawfly), bee",0,2,,https://www.inaturalist.org/observations/94859451,"2023-06-19 09:30:07"
1944,103280,other,spider,0,0,spider,https://www.inaturalist.org/observations/91990159,"2023-06-19 09:42:06"
1945,103160,bee,"bee (sawfly)",0,0,"bee (sawfly)",https://www.inaturalist.org/observations/91555877,"2023-06-19 09:45:06"
1946,102215,bee,"bee (sawfly)",0,2,"bee (sawfly)",https://www.inaturalist.org/observations/90105566,"2023-06-12 09:24:06"
1947,90062,other,Ephemeroptera,0,0,Ephemeroptera,https://www.inaturalist.org/observations/83036327,"2023-05-22 09:54:05"
1948,87325,unidentified,bee,0,0,bee,https://www.inaturalist.org/observations/81297861,"2023-05-01 09:51:06"
1949,87152,unidentified,truebugs,0,0,truebugs,https://www.inaturalist.org/observations/81206011,"2023-05-01 09:51:06"
1950,104141,unidentified,fly,0,0,fly,https://www.inaturalist.org/observations/93609273,"2023-06-19 09:36:06"
1951,101489,bee,"bee (sawfly)",0,0,"bee (sawfly)",https://www.inaturalist.org/observations/89390358,"2023-06-12 09:30:07"
1952,101488,bee,"bee (sawfly)",0,0,"bee (sawfly)",https://www.inaturalist.org/observations/89389854,"2023-06-12 09:30:07"
1953,100508,spider,spider,0,3,spider,https://www.inaturalist.org/observations/88703449,"2023-06-12 09:45:06"
1954,100507,spider,spider,0,3,spider,https://www.inaturalist.org/observations/88703135,"2023-06-12 09:45:06"
1955,98762,ant,spider,0,1,,https://www.inaturalist.org/observations/87708649,"2023-06-05 09:24:06"
1956,87770,other,Julida,0,0,Julida,https://www.inaturalist.org/observations/81584274,"2023-05-08 09:54:05"
1957,100955,fly,"bee (sawfly)",0,1,,https://www.inaturalist.org/observations/90208874,"2023-06-19 09:57:06"
1958,99475,other,fly,0,0,fly,https://www.inaturalist.org/observations/88127567,"2023-06-12 09:48:05"
1959,95597,unidentified,truebugs,0,2,truebugs,https://www.inaturalist.org/observations/85767013,"2023-05-29 09:36:05"
1960,98567,unidentified,truebugs,0,1,truebugs,https://www.inaturalist.org/observations/87277739,"2026-06-29 09:30:05"
1961,98564,unidentified,truebugs,0,1,truebugs,https://www.inaturalist.org/observations/87276983,"2026-06-29 09:30:05"
1962,98287,fly,ant,0,1,ant,https://www.inaturalist.org/observations/87144758,"2023-06-05 09:33:06"
1963,97591,other,grasshopper,0,0,grasshopper,https://www.inaturalist.org/observations/86892438,"2023-06-05 09:39:05"
1964,96908,leafhopper,truebugs,0,3,truebugs,https://www.inaturalist.org/observations/86319719,"2023-06-05 09:48:05"
1965,95416,other,Ephemeroptera,0,0,Ephemeroptera,https://www.inaturalist.org/observations/85497068,"2023-05-29 09:36:05"
1966,77877,other,Stylommatophora,0,0,Stylommatophora,https://www.inaturalist.org/observations/49897678,"2022-06-13 08:03:07"
1967,65845,other,Stylommatophora,0,0,Stylommatophora,https://www.inaturalist.org/observations/28129627,"2022-06-13 09:51:05"
1968,101910,other,truebugs,0,0,truebugs,https://www.inaturalist.org/observations/89899846,"2023-06-12 09:27:06"
1969,98798,other,truebugs,0,0,truebugs,https://www.inaturalist.org/observations/87836834,"2023-06-05 09:24:06"
1970,93992,bee,leafhopper,0,1,,https://www.inaturalist.org/observations/84845567,"2023-05-29 09:45:06"
1971,92811,caterpillar,caterpillar,0,0,caterpillar,https://www.inaturalist.org/observations/84203455,"2023-05-22 09:12:05"
1972,92631,other,Neuroptera,0,0,Neuroptera,https://www.inaturalist.org/observations/84175886,"2023-05-22 09:15:06"
1973,92625,unidentified,truebugs,0,1,truebugs,https://www.inaturalist.org/observations/84174819,"2023-05-22 09:15:06"
1974,92451,other,bee,0,1,bee,https://www.inaturalist.org/observations/84102801,"2023-05-22 09:18:05"
1975,92084,other,Neuroptera,0,0,Neuroptera,https://www.inaturalist.org/observations/84051459,"2023-05-22 09:24:05"
1976,91743,other,truebugs,0,0,truebugs,https://www.inaturalist.org/observations/83941531,"2023-05-22 09:27:06"
1977,91696,other,moths,0,0,moths,https://www.inaturalist.org/observations/83935912,"2023-05-22 09:27:06"
1978,91660,other,moths,0,0,moths,https://www.inaturalist.org/observations/83931854,"2023-05-22 09:30:07"
1979,91604,other,truebugs,0,0,truebugs,https://www.inaturalist.org/observations/83926841,"2023-05-22 09:30:07"
1980,91595,other,moths,0,0,moths,https://www.inaturalist.org/observations/83926308,"2023-05-22 09:30:07"
1981,91140,other,Psocodea,0,0,Psocodea,https://www.inaturalist.org/observations/83420756,"2023-05-22 09:36:06"
1982,90597,other,"bee (sawfly)",0,0,"bee (sawfly)",https://www.inaturalist.org/observations/83170942,"2023-05-22 09:45:05"
1983,90561,other,moths,0,0,moths,https://www.inaturalist.org/observations/83166308,"2023-05-22 09:48:05"
1984,90538,other,moths,0,0,moths,https://www.inaturalist.org/observations/83165556,"2023-05-22 09:48:05"
1985,90516,caterpillar,caterpillar,0,0,caterpillar,https://www.inaturalist.org/observations/83163630,"2023-05-22 09:48:05"
1986,90493,moths,moths,0,0,moths,https://www.inaturalist.org/observations/83160101,"2023-05-22 09:48:05"
1987,90365,moths,moths,0,0,moths,https://www.inaturalist.org/observations/83154282,"2023-05-22 09:48:05"
1988,90353,moths,moths,0,0,moths,https://www.inaturalist.org/observations/83153935,"2023-05-22 09:48:05"
1989,90348,moths,moths,0,0,moths,https://www.inaturalist.org/observations/83152103,"2023-05-22 09:48:05"
1990,90312,moths,caterpillar,0,0,caterpillar,https://www.inaturalist.org/observations/83148452,"2023-05-22 09:51:06"
1991,90021,other,Ephemeroptera,0,0,Ephemeroptera,https://www.inaturalist.org/observations/83032331,"2023-05-22 09:54:05"
1992,89926,bee,"bee (sawfly)",0,1,,https://www.inaturalist.org/observations/83024935,"2023-05-22 09:54:05"
1993,89124,unidentified,bee,0,0,bee,https://www.inaturalist.org/observations/82472600,"2023-05-15 09:42:05"
1994,89043,other,moths,0,0,moths,https://www.inaturalist.org/observations/82442674,"2023-05-15 09:42:05"
1995,87856,other,Psocodea,0,0,Psocodea,https://www.inaturalist.org/observations/81603247,"2023-05-08 09:54:05"
1996,87775,other,Psocodea,0,0,Psocodea,https://www.inaturalist.org/observations/81585304,"2023-05-08 09:54:05"
1997,87757,other,fly,0,0,fly,https://www.inaturalist.org/observations/81578626,"2023-05-08 09:54:05"
1998,87366,aphid,Psocodea,0,0,Psocodea,https://www.inaturalist.org/observations/81303091,"2023-05-08 09:57:05"
1999,102684,other,Stylommatophora,0,0,Stylommatophora,https://www.inaturalist.org/observations/90694294,"2023-06-19 09:54:05"
2000,99787,unidentified,Psocodea,0,0,Psocodea,https://www.inaturalist.org/observations/88254262,"2023-06-12 09:48:05"
2001,93551,spider,beetle,0,1,,https://www.inaturalist.org/observations/84471397,"2023-05-29 09:48:05"
2002,85344,spider,Trombidiformes,0,1,,https://www.inaturalist.org/observations/80111844,"2022-06-13 06:00:08"
2003,99687,bee,"bee (sawfly)",0,1,,https://www.inaturalist.org/observations/88156657,"2023-06-12 09:48:05"
2004,95713,unidentified,bee,0,1,bee,https://www.inaturalist.org/observations/85853630,"2023-05-29 09:33:06"
2005,79144,beetle,Celastrales,0,1,,https://www.inaturalist.org/observations/51279156,"2022-06-13 07:51:06"
2006,95965,other,fly,0,0,fly,https://www.inaturalist.org/observations/85942637,"2023-06-05 09:57:05"
2007,87643,unidentified,Entomobryomorpha,0,0,Entomobryomorpha,https://www.inaturalist.org/observations/81557442,"2023-05-08 09:54:05"
2008,86504,other,fly,0,1,fly,https://www.inaturalist.org/observations/80726189,"2022-09-12 09:54:06"
2009,86440,unidentified,fly,0,2,fly,https://www.inaturalist.org/observations/80644016,"2022-09-12 09:57:05"
2010,102449,other,Neuroptera,0,1,Neuroptera,https://www.inaturalist.org/observations/90566585,"2023-06-19 09:54:05"
2011,102240,unidentified,truebugs,0,0,truebugs,https://www.inaturalist.org/observations/90158290,"2023-06-12 09:24:06"
2012,88887,other,Stylommatophora,0,0,Stylommatophora,https://www.inaturalist.org/observations/82419210,"2023-05-15 09:45:05"
2013,88838,other,Stylommatophora,0,0,Stylommatophora,https://www.inaturalist.org/observations/82416235,"2023-05-15 09:45:05"
2014,78153,other,Stylommatophora,0,0,Stylommatophora,https://www.inaturalist.org/observations/50162890,"2022-06-13 08:03:07"
2015,102521,bee,"bee (sawfly), moths",0,3,"bee (sawfly)",https://www.inaturalist.org/observations/90656950,"2023-06-19 09:54:05"
2016,76023,truebugs,beetle,0,2,beetle,https://www.inaturalist.org/observations/47396902,"2022-06-13 08:30:07"
2017,78468,fly,bee,0,2,bee,https://www.inaturalist.org/observations/50578338,"2022-06-13 08:00:07"
2018,41600,other,Stylommatophora,0,0,Stylommatophora,https://www.inaturalist.org/observations/17704471,"2022-05-16 09:48:07"
2019,13444,other,"bee (sawfly)",0,0,"bee (sawfly)",https://www.inaturalist.org/observations/17704109,"2022-05-16 09:54:08"
2020,104149,truebugs,beetle,0,1,,https://www.inaturalist.org/observations/93613324,"2023-06-19 09:36:06"
2021,98771,beetle,leafhopper,0,1,,https://www.inaturalist.org/observations/87711811,"2023-06-05 09:24:06"
2022,94539,beetle,truebugs,0,1,,https://www.inaturalist.org/observations/85074497,"2023-05-29 09:42:05"
2023,85546,caterpillar,"bee (sawfly)",0,1,,https://www.inaturalist.org/observations/80243529,"2022-08-29 09:57:06"
2024,83974,caterpillar,"bee (sawfly)",0,1,,https://www.inaturalist.org/observations/78535136,"2022-06-13 06:12:06"
2025,78174,other,Stylommatophora,0,0,Stylommatophora,https://www.inaturalist.org/observations/50168818,"2022-06-13 08:03:07"
2026,75959,other,Stylommatophora,0,0,Stylommatophora,https://www.inaturalist.org/observations/47261775,"2022-06-13 08:33:07"
2027,66061,unidentified,moths,0,0,moths,https://www.inaturalist.org/observations/28228842,"2022-06-13 09:48:06"
2028,59189,other,Stylommatophora,0,0,Stylommatophora,https://www.inaturalist.org/observations/26745840,"2022-05-30 09:54:07"
2029,58198,unidentified,moths,0,0,moths,https://www.inaturalist.org/observations/26443524,"2022-05-23 09:24:07"
2030,71110,other,truebugs,0,0,truebugs,https://www.inaturalist.org/observations/29910867,"2022-06-13 09:18:06"
2031,77889,caterpillar,"bee (sawfly)",0,1,,https://www.inaturalist.org/observations/49940949,"2022-06-13 08:03:07"
2032,65525,caterpillar,beetle,0,1,,https://www.inaturalist.org/observations/28079996,"2022-06-13 09:54:06"
2033,99442,other,Stylommatophora,0,0,Stylommatophora,https://www.inaturalist.org/observations/88122419,"2023-06-12 09:51:06"
2034,94868,bee,"bee (sawfly)",0,1,,https://www.inaturalist.org/observations/85227178,"2023-05-29 09:39:06"
2035,89183,truebugs,beetle,0,2,beetle,https://www.inaturalist.org/observations/82484300,"2023-05-15 09:42:05"
2036,88998,truebugs,beetle,0,4,beetle,https://www.inaturalist.org/observations/82435469,"2023-05-15 09:42:05"
2037,81046,truebugs,beetle,0,3,beetle,https://www.inaturalist.org/observations/53483033,"2022-06-13 07:21:06"
2039,43800,ant,truebugs,0,1,,https://www.inaturalist.org/observations/22660675,"2022-05-23 09:51:07"
2040,421,ant,Psocodea,0,3,Psocodea,https://www.inaturalist.org/observations/17848357,"2026-06-29 09:51:04"
2041,420,ant,Psocodea,0,3,Psocodea,https://www.inaturalist.org/observations/17848355,"2026-06-29 09:51:04"
2042,390,ant,Psocodea,0,3,Psocodea,https://www.inaturalist.org/observations/17848344,"2026-06-29 09:51:04"
2043,106216,truebugs,fly,0,1,,https://www.inaturalist.org/observations/118227600,"2023-06-26 09:51:05"
2046,76156,beetle,beetle,0,0,beetle,https://www.inaturalist.org/observations/47631839,"2022-06-13 08:27:07"
2047,67337,truebugs,grasshopper,0,1,,https://www.inaturalist.org/observations/28571866,"2022-06-13 09:42:06"
2049,110827,beetle,moths,0,3,moths,https://www.inaturalist.org/observations/118957982,"2023-07-10 09:54:05"
2051,110742,caterpillar,"bee (sawfly)",0,3,"bee (sawfly)",https://www.inaturalist.org/observations/118948071,"2023-07-10 09:57:05"
2053,110606,bee,"bee (sawfly)",0,1,"bee (sawfly)",https://www.inaturalist.org/observations/118936679,"2023-07-10 09:57:05"
2054,110591,caterpillar,"bee (sawfly)",0,1,,https://www.inaturalist.org/observations/118934631,"2023-07-10 09:57:05"
2057,110101,truebugs,aphid,0,1,,https://www.inaturalist.org/observations/118808822,"2023-07-03 09:36:06"
2059,110059,beetle,Thysanoptera,0,4,Thysanoptera,https://www.inaturalist.org/observations/118799901,"2026-06-29 09:24:05"
2061,110027,bee,"bee (sawfly)",0,1,"bee (sawfly)",https://www.inaturalist.org/observations/118794881,"2023-07-03 09:36:06"
2062,110024,bee,"bee (sawfly)",0,0,"bee (sawfly)",https://www.inaturalist.org/observations/118793761,"2023-07-03 09:39:05"
2063,109987,bee,"bee (sawfly)",0,1,"bee (sawfly)",https://www.inaturalist.org/observations/118792715,"2023-07-03 09:39:05"
2064,109969,bee,"bee (sawfly)",0,1,"bee (sawfly)",https://www.inaturalist.org/observations/118791085,"2023-07-03 09:39:05"
2065,109968,bee,"bee (sawfly)",0,1,"bee (sawfly)",https://www.inaturalist.org/observations/118790633,"2023-07-03 09:39:05"
2066,109967,bee,"bee (sawfly)",0,1,"bee (sawfly)",https://www.inaturalist.org/observations/118790336,"2023-07-03 09:39:05"
2067,109950,bee,"bee (sawfly)",0,1,"bee (sawfly)",https://www.inaturalist.org/observations/118787275,"2023-07-03 09:39:05"
2068,109917,bee,aphid,0,4,aphid,https://www.inaturalist.org/observations/118784649,"2026-06-29 09:24:05"
2069,109872,bee,"bee (sawfly)",0,0,"bee (sawfly)",https://www.inaturalist.org/observations/118780930,"2022-11-28 05:27:05"
2070,109871,bee,"bee (sawfly)",0,1,"bee (sawfly)",https://www.inaturalist.org/observations/118780588,"2023-07-03 09:39:05"
2071,109802,unidentified,Psocodea,0,0,Psocodea,https://www.inaturalist.org/observations/118734362,"2023-07-03 09:39:05"
2072,109800,unidentified,Psocodea,0,0,Psocodea,https://www.inaturalist.org/observations/118733651,"2023-07-03 09:39:05"
2073,109799,unidentified,Psocodea,0,0,Psocodea,https://www.inaturalist.org/observations/118733383,"2023-07-03 09:39:05"
2074,109780,unidentified,Psocodea,0,0,Psocodea,https://www.inaturalist.org/observations/118705148,"2023-07-03 09:39:05"
2075,109752,bee,"bee (sawfly)",0,2,"bee (sawfly)",https://www.inaturalist.org/observations/118698743,"2023-07-03 09:42:06"
2076,109750,bee,"bee (sawfly)",0,2,"bee (sawfly)",https://www.inaturalist.org/observations/118697791,"2023-07-03 09:42:06"
2078,109619,bee,"bee (sawfly)",0,1,,https://www.inaturalist.org/observations/118656890,"2023-07-03 09:42:06"
2079,109542,fly,aphid,0,3,aphid,https://www.inaturalist.org/observations/118582824,"2023-07-03 09:45:06"
2080,109481,caterpillar,"bee (sawfly)",0,3,"bee (sawfly)",https://www.inaturalist.org/observations/118566885,"2023-07-03 09:45:06"
2081,109467,daddylonglegs,fly,0,4,fly,https://www.inaturalist.org/observations/118563965,"2023-07-03 09:45:06"
2082,109169,fly,aphid,0,2,aphid,https://www.inaturalist.org/observations/118532195,"2023-07-03 09:48:06"
2083,109163,fly,bee,0,5,bee,https://www.inaturalist.org/observations/118530466,"2023-07-03 09:48:06"
2084,108992,other,Stylommatophora,0,0,Stylommatophora,https://www.inaturalist.org/observations/118516171,"2023-07-03 09:51:05"
2085,108655,bee,"bee (sawfly)",0,1,"bee (sawfly)",https://www.inaturalist.org/observations/118413483,"2023-07-03 09:54:06"
2086,108643,caterpillar,"bee (sawfly)",0,1,,https://www.inaturalist.org/observations/118411694,"2023-07-03 09:54:06"
2087,108615,bee,"bee (sawfly)",0,1,"bee (sawfly)",https://www.inaturalist.org/observations/118408202,"2023-07-03 09:54:06"
2088,108606,bee,"bee (sawfly)",0,1,"bee (sawfly)",https://www.inaturalist.org/observations/118405039,"2023-07-03 09:54:06"
2089,108605,bee,"bee (sawfly)",0,1,"bee (sawfly)",https://www.inaturalist.org/observations/118404622,"2023-07-03 09:54:06"
2090,108604,grasshopper,grasshopper,0,1,grasshopper,https://www.inaturalist.org/observations/118404139,"2023-07-03 09:54:06"
2091,108591,bee,"bee (sawfly)",0,1,"bee (sawfly)",https://www.inaturalist.org/observations/118399450,"2023-07-03 09:57:05"
2092,108590,bee,"bee (sawfly)",0,1,"bee (sawfly)",https://www.inaturalist.org/observations/118398983,"2023-07-03 09:57:05"
2093,108585,bee,"bee (sawfly)",0,2,"bee (sawfly)",https://www.inaturalist.org/observations/118396710,"2023-07-03 09:57:05"
2094,108570,bee,"bee (sawfly)",0,1,"bee (sawfly)",https://www.inaturalist.org/observations/118391375,"2023-07-03 09:57:05"
2095,108568,caterpillar,"bee (sawfly)",0,3,"bee (sawfly)",https://www.inaturalist.org/observations/118390646,"2023-07-03 09:57:05"
2096,108460,caterpillar,"bee (sawfly)",0,2,"bee (sawfly)",https://www.inaturalist.org/observations/118375665,"2023-07-03 09:57:05"
2097,108219,ant,bee,0,1,,https://www.inaturalist.org/observations/118351293,"2023-06-26 09:30:06"
2098,108052,unidentified,beetle,0,2,beetle,https://www.inaturalist.org/observations/118346441,"2023-06-26 09:30:06"
2099,108034,beetle,truebugs,0,3,truebugs,https://www.inaturalist.org/observations/118344261,"2023-06-26 09:30:06"
2101,107886,truebugs,fly,0,3,fly,https://www.inaturalist.org/observations/118339423,"2023-06-26 09:33:07"
2103,107596,bee,"bee (sawfly)",0,1,"bee (sawfly)",https://www.inaturalist.org/observations/118333819,"2023-06-26 09:33:07"
2104,107560,bee,"bee (sawfly)",0,1,,https://www.inaturalist.org/observations/118332359,"2023-06-26 09:36:06"
2106,107159,truebugs,beetle,0,3,beetle,https://www.inaturalist.org/observations/118322214,"2023-06-26 09:36:06"
2107,106976,unidentified,bee,0,1,bee,https://www.inaturalist.org/observations/118314981,"2023-06-26 09:39:06"
2108,106922,bee,"bee (sawfly)",0,1,,https://www.inaturalist.org/observations/118308041,"2023-06-26 09:39:06"
2109,106921,bee,fly,0,1,,https://www.inaturalist.org/observations/118307657,"2023-06-26 09:39:06"
2110,106915,bee,"bee (sawfly)",0,0,"bee (sawfly)",https://www.inaturalist.org/observations/118305212,"2023-06-26 09:42:06"
2111,106908,bee,"bee (sawfly)",0,0,"bee (sawfly)",https://www.inaturalist.org/observations/118302456,"2022-11-28 05:57:05"
2112,106883,fly,bee,0,2,bee,https://www.inaturalist.org/observations/118296227,"2023-06-26 09:42:06"
2114,106837,bee,fly,0,1,,https://www.inaturalist.org/observations/118292540,"2023-06-26 09:42:06"
2115,106567,bee,fly,0,2,fly,https://www.inaturalist.org/observations/118259224,"2023-06-26 09:48:05"
2117,105898,bee,"bee (sawfly)",0,1,,https://www.inaturalist.org/observations/118193875,"2023-06-26 09:54:06"
2118,105897,bee,"bee (sawfly)",0,1,,https://www.inaturalist.org/observations/118193205,"2023-06-26 09:54:06"
2119,105815,unidentified,fly,0,3,fly,https://www.inaturalist.org/observations/118190213,"2023-06-26 09:54:06"
2121,105557,caterpillar,"bee (sawfly)",0,1,,https://www.inaturalist.org/observations/118164340,"2023-06-26 09:57:06"
2122,105426,unidentified,truebugs,0,0,truebugs,https://www.inaturalist.org/observations/118156545,"2023-06-19 09:24:06"
2123,102672,bee,"bee (sawfly), moths",0,2,"bee (sawfly)",https://www.inaturalist.org/observations/90667227,"2023-06-19 09:54:05"
2124,98631,truebugs,Trichoptera,0,1,,https://www.inaturalist.org/observations/87422028,"2023-06-05 09:27:06"
2125,97774,bee,"bee (sawfly)",0,1,,https://www.inaturalist.org/observations/86935712,"2023-06-05 09:39:05"
2126,97303,bee,"bee (sawfly)",0,2,"bee (sawfly)",https://www.inaturalist.org/observations/86852956,"2023-06-05 09:42:05"
2127,90334,caterpillar,"bee (sawfly)",0,2,"bee (sawfly)",https://www.inaturalist.org/observations/83149960,"2023-05-22 09:51:06"
2128,79492,fly,bee,0,4,bee,https://www.inaturalist.org/observations/51720846,"2026-06-29 09:39:04"
2129,76164,caterpillar,"bee (sawfly)",0,1,,https://www.inaturalist.org/observations/47633729,"2022-06-13 08:27:07"
2130,61725,moths,truebugs,0,1,,https://www.inaturalist.org/observations/27227849,"2022-06-06 09:57:07"
2132,113827,unidentified,fly,0,2,fly,https://www.inaturalist.org/observations/120059838,"2026-06-29 09:24:05"
2134,113674,other,Neuroptera,0,1,Neuroptera,https://www.inaturalist.org/observations/120029658,"2023-07-10 09:30:07"
2135,113359,bee,"bee (sawfly)",0,1,,https://www.inaturalist.org/observations/120020643,"2023-07-10 09:30:07"
2137,113330,bee,"bee (sawfly)",0,1,,https://www.inaturalist.org/observations/120017801,"2023-07-10 09:30:07"
2138,113260,leafhopper,aphid,0,1,,https://www.inaturalist.org/observations/120012631,"2023-07-10 09:33:05"
2139,113192,bee,"bee (sawfly)",0,1,,https://www.inaturalist.org/observations/120010638,"2023-07-10 09:33:05"
2142,112947,fly,aphid,0,1,,https://www.inaturalist.org/observations/119906424,"2023-07-10 09:36:08"
2144,112413,bee,"bee (sawfly)",0,1,,https://www.inaturalist.org/observations/119779728,"2023-07-10 09:39:05"
2145,112386,bee,"bee (sawfly)",0,1,"bee (sawfly)",https://www.inaturalist.org/observations/119770515,"2023-07-10 09:39:05"
2146,112382,fly,Psocodea,0,1,,https://www.inaturalist.org/observations/119764119,"2023-07-10 09:39:05"
2147,112380,beetle,Psocodea,0,1,,https://www.inaturalist.org/observations/119763822,"2023-07-10 09:39:05"
2150,112203,bee,"bee (sawfly)",0,1,"bee (sawfly)",https://www.inaturalist.org/observations/119734667,"2023-07-10 09:42:05"
2151,112080,unidentified,truebugs,0,0,truebugs,https://www.inaturalist.org/observations/119728232,"2023-07-10 09:42:05"
2152,111918,bee,"bee (sawfly)",0,2,"bee (sawfly)",https://www.inaturalist.org/observations/119624284,"2023-07-10 09:42:05"
2156,111371,beetle,truebugs,0,1,,https://www.inaturalist.org/observations/119466890,"2023-07-10 09:48:05"
2162,107738,grasshopper,truebugs,0,3,truebugs,https://www.inaturalist.org/observations/118338778,"2023-06-26 09:33:07"
2163,107300,aphid,Psocodea,0,2,Psocodea,https://www.inaturalist.org/observations/118325231,"2023-06-26 09:36:06"
2164,106987,aphid,moths,0,1,,https://www.inaturalist.org/observations/118318016,"2023-06-26 09:39:06"
2165,106977,aphid,moths,0,1,,https://www.inaturalist.org/observations/118315202,"2023-06-26 09:39:06"
2166,106603,caterpillar,ant,0,1,,https://www.inaturalist.org/observations/118264761,"2023-06-26 09:45:06"
2167,106403,aphid,moths,0,1,,https://www.inaturalist.org/observations/118250284,"2023-06-26 09:48:05"
2168,105562,aphid,truebugs,0,3,truebugs,https://www.inaturalist.org/observations/118165362,"2023-06-26 09:57:06"
2169,105365,aphid,Psocodea,0,2,Psocodea,https://www.inaturalist.org/observations/118150755,"2023-06-19 09:24:06"
2170,93126,truebugs,leafhopper,0,3,leafhopper,https://www.inaturalist.org/observations/84416561,"2023-05-29 09:54:06"
2175,115306,other,beetle,0,3,beetle,https://www.inaturalist.org/observations/121083720,"2026-06-29 09:21:04"
2183,114911,beetle,Psocodea,0,1,,https://www.inaturalist.org/observations/120841360,"2023-07-17 09:48:05"
2185,114902,bee,ant,0,1,,https://www.inaturalist.org/observations/120839097,"2023-07-17 09:48:05"
2188,114739,unidentified,truebugs,0,0,truebugs,https://www.inaturalist.org/observations/120806117,"2023-07-17 09:54:06"
2189,114735,unidentified,truebugs,0,0,truebugs,https://www.inaturalist.org/observations/120805830,"2023-07-17 09:54:06"
2191,114666,beetle,Psocodea,0,1,,https://www.inaturalist.org/observations/120746430,"2023-07-17 09:54:06"
2200,114180,unidentified,Archaeognatha,0,1,Archaeognatha,https://www.inaturalist.org/observations/120559118,"2023-07-10 09:24:05"
2205,114144,grasshopper,"leafhopper, truebugs",0,3,leafhopper,https://www.inaturalist.org/observations/120549321,"2023-07-10 09:24:05"
2206,114094,leafhopper,Psocodea,0,1,,https://www.inaturalist.org/observations/120529501,"2023-07-10 09:27:05"
2207,114023,unidentified,Neuroptera,0,1,Neuroptera,https://www.inaturalist.org/observations/120504342,"2023-07-10 09:27:05"
2208,112892,aphid,leafhopper,0,1,,https://www.inaturalist.org/observations/120266125,"2023-07-10 09:27:05"
2209,112888,bee,moths,0,1,,https://www.inaturalist.org/observations/120265460,"2023-07-10 09:27:05"
2213,105561,fly,Ephemeroptera,0,3,Ephemeroptera,https://www.inaturalist.org/observations/118165082,"2023-06-26 09:57:06"
2214,80544,moths,bee,0,1,,https://www.inaturalist.org/observations/52723493,"2022-06-13 07:27:07"
2215,118495,unidentified,leafhopper,0,0,leafhopper,https://www.inaturalist.org/observations/122395828,"2023-07-24 09:36:09"
2224,118280,grasshopper,truebugs,0,3,truebugs,https://www.inaturalist.org/observations/122188327,"2023-07-24 09:42:05"
2226,118205,other,Trombidiformes,0,0,Trombidiformes,https://www.inaturalist.org/observations/122178426,"2023-07-24 09:42:05"
2227,118157,unidentified,truebugs,0,0,truebugs,https://www.inaturalist.org/observations/122173364,"2023-07-24 09:45:06"
2228,118144,other,Trombidiformes,0,0,Trombidiformes,https://www.inaturalist.org/observations/122171695,"2023-07-24 09:45:06"
2231,118065,unidentified,truebugs,0,0,truebugs,https://www.inaturalist.org/observations/122162650,"2023-07-24 09:45:06"
2233,118037,other,Trombidiformes,0,0,Trombidiformes,https://www.inaturalist.org/observations/122158906,"2023-07-24 09:48:05"
2234,118010,unidentified,truebugs,0,0,truebugs,https://www.inaturalist.org/observations/122156241,"2023-07-24 09:48:05"
2235,117996,bee,fly,0,1,,https://www.inaturalist.org/observations/122154417,"2023-07-24 09:48:05"
2236,117966,fly,leafhopper,0,4,leafhopper,https://www.inaturalist.org/observations/122085219,"2023-07-24 09:48:05"
2237,117962,other,spider,0,1,spider,https://www.inaturalist.org/observations/122084559,"2023-07-24 09:48:05"
2238,117431,unidentified,caterpillar,0,0,caterpillar,https://www.inaturalist.org/observations/121941302,"2023-07-24 09:51:06"
2240,117321,other,Trombidiformes,0,0,Trombidiformes,https://www.inaturalist.org/observations/121914000,"2023-07-24 09:54:06"
2241,117302,other,Trombidiformes,0,0,Trombidiformes,https://www.inaturalist.org/observations/121909547,"2023-07-24 09:54:06"
2244,117142,unidentified,Psocodea,0,0,Psocodea,https://www.inaturalist.org/observations/121874474,"2023-07-24 09:57:05"
2245,117128,unidentified,Neuroptera,0,1,Neuroptera,https://www.inaturalist.org/observations/121873122,"2023-07-24 09:57:05"
2246,116845,leafhopper,aphid,0,1,,https://www.inaturalist.org/observations/121749777,"2023-07-17 09:24:06"
2247,116587,bee,ant,0,1,,https://www.inaturalist.org/observations/121640739,"2023-07-17 09:27:06"
2248,116419,beetle,Psocodea,0,1,,https://www.inaturalist.org/observations/121619563,"2023-07-17 09:30:07"
2249,116390,other,Isopoda,0,2,Isopoda,https://www.inaturalist.org/observations/121615668,"2023-07-17 09:30:07"
2250,115175,caterpillar,Polydesmida,0,1,,https://www.inaturalist.org/observations/120993783,"2023-07-17 09:45:06"
2251,121025,bee,fly,0,3,fly,https://www.inaturalist.org/observations/123408794,"2023-08-14 09:51:04"
2253,120806,ant,bee,0,1,,https://www.inaturalist.org/observations/123276330,"2023-08-14 09:54:04"
2254,120771,fly,Psocodea,0,3,Psocodea,https://www.inaturalist.org/observations/123270317,"2023-08-14 09:54:04"
2256,120715,beetle,leafhopper,0,1,,https://www.inaturalist.org/observations/123261015,"2023-08-14 09:54:04"
2258,120566,moths,bee,0,1,,https://www.inaturalist.org/observations/123240247,"2023-08-07 09:51:05"
2263,120312,fly,Psocodea,0,3,Psocodea,https://www.inaturalist.org/observations/123127486,"2023-08-07 09:57:05"
2264,120311,leafhopper,Neuroptera,0,1,,https://www.inaturalist.org/observations/123127132,"2023-08-07 09:57:05"
2267,120300,fly,grasshopper,0,1,,https://www.inaturalist.org/observations/123124225,"2023-08-07 09:57:05"
2268,120298,unidentified,leafhopper,0,0,leafhopper,https://www.inaturalist.org/observations/123123761,"2023-08-07 09:57:05"
2269,120091,ant,Psocodea,0,3,Psocodea,https://www.inaturalist.org/observations/123108182,"2023-07-31 09:45:05"
2271,119976,unidentified,caterpillar,0,0,caterpillar,https://www.inaturalist.org/observations/123086905,"2023-07-31 09:48:05"
2272,119940,unidentified,beetle,0,1,beetle,https://www.inaturalist.org/observations/123084014,"2023-07-31 09:48:05"
2273,119849,unidentified,leafhopper,0,0,leafhopper,https://www.inaturalist.org/observations/123016791,"2023-07-31 09:48:05"
2274,119844,unidentified,Dermaptera,0,0,Dermaptera,https://www.inaturalist.org/observations/123015541,"2023-07-31 09:48:05"
2276,119799,beetle,Thysanoptera,0,3,Thysanoptera,https://www.inaturalist.org/observations/122995828,"2023-07-31 09:48:05"
2278,119738,other,Trombidiformes,0,0,Trombidiformes,https://www.inaturalist.org/observations/122982701,"2022-10-31 03:24:05"
2280,119726,other,Psocodea,0,0,Psocodea,https://www.inaturalist.org/observations/122973997,"2023-07-31 09:51:05"
2281,119711,fly,Psocodea,0,3,Psocodea,https://www.inaturalist.org/observations/122970757,"2023-07-31 09:54:06"
2282,119709,caterpillar,"bee (sawfly)",0,0,"bee (sawfly)",https://www.inaturalist.org/observations/122969968,"2023-07-31 09:54:06"
2283,119620,unidentified,beetle,0,1,beetle,https://www.inaturalist.org/observations/122957471,"2023-07-31 09:54:06"
2285,119609,bee,"bee (sawfly)",0,2,"bee (sawfly)",https://www.inaturalist.org/observations/122954745,"2023-07-31 09:54:06"
2286,119580,unidentified,beetle,0,0,beetle,https://www.inaturalist.org/observations/122951502,"2023-07-31 09:57:05"
2287,119481,unidentified,Neuroptera,0,0,Neuroptera,https://www.inaturalist.org/observations/122942972,"2023-07-31 09:57:05"
2288,119413,beetle,Neuroptera,0,3,Neuroptera,https://www.inaturalist.org/observations/122877929,"2023-07-31 09:57:05"
2289,119407,unidentified,leafhopper,0,0,leafhopper,https://www.inaturalist.org/observations/122877284,"2023-07-31 09:57:05"
2290,119378,bee,ant,0,1,,https://www.inaturalist.org/observations/122856186,"2023-07-31 09:57:05"
2292,116337,bee,leafhopper,0,2,leafhopper,https://www.inaturalist.org/observations/122290010,"2023-07-24 09:39:05"
2293,118113,unidentified,Psocodea,0,0,Psocodea,https://www.inaturalist.org/observations/122167872,"2023-07-24 09:45:06"
2296,117713,unidentified,aphid,0,0,aphid,https://www.inaturalist.org/observations/122029358,"2023-07-24 09:51:06"
2297,117408,unidentified,spider,0,1,spider,https://www.inaturalist.org/observations/121936111,"2023-07-24 09:51:06"
2298,114725,truebugs,truebugs,0,0,truebugs,https://www.inaturalist.org/observations/120811041,"2023-07-17 09:54:06"
2299,112546,other,caterpillar,0,0,caterpillar,https://www.inaturalist.org/observations/119816912,"2023-07-10 09:36:08"
2301,109749,bee,"bee (sawfly)",0,0,"bee (sawfly)",https://www.inaturalist.org/observations/118697342,"2023-07-03 09:42:06"
2302,105816,fly,truebugs,0,3,truebugs,https://www.inaturalist.org/observations/118190808,"2023-06-26 09:54:06"
2303,123034,other,Dermaptera,0,1,Dermaptera,https://www.inaturalist.org/observations/124410278,"2024-05-06 09:51:04"
2304,122951,unidentified,bee,0,2,bee,https://www.inaturalist.org/observations/124302128,"2026-06-29 09:12:05"
2305,122898,unidentified,grasshopper,0,0,grasshopper,https://www.inaturalist.org/observations/124301873,"2024-05-06 09:51:04"
2306,122764,other,Thysanoptera,0,0,Thysanoptera,https://www.inaturalist.org/observations/124285008,"2022-12-19 02:36:07"
2311,122493,ant,beetle,0,7,beetle,https://www.inaturalist.org/observations/124171955,"2026-06-29 09:12:05"
2312,122489,ant,leafhopper,0,5,leafhopper,https://www.inaturalist.org/observations/124170337,"2026-06-29 09:12:05"
2313,122461,beetle,truebugs,0,1,,https://www.inaturalist.org/observations/124159175,"2023-11-13 09:57:05"
2314,124913,fly,Psocodea,0,2,Psocodea,https://www.inaturalist.org/observations/125348406,"2024-05-13 09:42:04"
2315,124885,fly,Neuroptera,0,1,,https://www.inaturalist.org/observations/125344496,"2024-05-13 09:42:04"
2316,124812,beetle,Neuroptera,0,1,,https://www.inaturalist.org/observations/125330304,"2024-05-13 09:45:04"
2317,124567,truebugs,truebugs,0,1,truebugs,https://www.inaturalist.org/observations/125297133,"2024-05-13 09:48:04"
2319,124481,beetle,Thysanoptera,0,3,Thysanoptera,https://www.inaturalist.org/observations/125213117,"2024-05-13 09:51:03"
2326,124030,fly,truebugs,0,1,,https://www.inaturalist.org/observations/125039581,"2024-05-06 09:39:04"
2328,123951,unidentified,truebugs,0,1,truebugs,https://www.inaturalist.org/observations/125028842,"2024-05-06 09:42:04"
2329,123869,unidentified,truebugs,0,1,truebugs,https://www.inaturalist.org/observations/125018208,"2024-05-06 09:42:04"
2330,123868,unidentified,Neuroptera,0,0,Neuroptera,https://www.inaturalist.org/observations/125017683,"2024-05-06 09:42:04"
2331,123777,truebugs,leafhopper,0,4,leafhopper,https://www.inaturalist.org/observations/124926946,"2024-05-06 09:45:04"
2334,123343,other,Psocodea,0,0,Psocodea,https://www.inaturalist.org/observations/124723664,"2024-05-06 09:51:04"
2335,122633,other,Trombidiformes,0,0,Trombidiformes,https://www.inaturalist.org/observations/124264294,"2024-05-06 09:57:04"
2336,122521,leafhopper,aphid,0,1,,https://www.inaturalist.org/observations/124241578,"2024-04-22 09:57:06"
2337,122241,unidentified,Blattodea,0,0,Blattodea,https://www.inaturalist.org/observations/124105625,"2023-09-25 09:57:05"
2340,122095,spider,bee,0,1,,https://www.inaturalist.org/observations/124027166,"2023-09-25 09:57:05"
2341,122093,other,Trombidiformes,0,0,Trombidiformes,https://www.inaturalist.org/observations/124026454,"2023-09-25 09:57:05"
2342,122060,bee,"bee (sawfly)",0,2,"bee (sawfly)",https://www.inaturalist.org/observations/124002995,"2023-09-11 09:57:05"
2349,121790,unidentified,truebugs,0,2,truebugs,https://www.inaturalist.org/observations/123897286,"2023-08-28 09:57:04"
2356,121761,ant,bee,0,3,bee,https://www.inaturalist.org/observations/123882848,"2023-08-28 09:57:04"
2361,121557,truebugs,aphid,0,2,aphid,https://www.inaturalist.org/observations/123839638,"2023-08-21 09:54:04"
2362,121490,unidentified,truebugs,0,0,truebugs,https://www.inaturalist.org/observations/123830839,"2023-08-21 09:57:04"
2363,120823,beetle,leafhopper,0,1,,https://www.inaturalist.org/observations/123279369,"2023-08-14 09:51:04"
2365,120728,bee,"bee (sawfly)",0,1,"bee (sawfly)",https://www.inaturalist.org/observations/123264067,"2023-08-14 09:54:04"
2366,120522,bee,"bee (sawfly)",0,1,"bee (sawfly)",https://www.inaturalist.org/observations/123232301,"2023-08-07 09:54:04"
2367,120442,bee,ant,1,3,ant,https://www.inaturalist.org/observations/123220104,"2023-08-07 09:54:04"
2368,119926,other,ant,0,1,ant,https://www.inaturalist.org/observations/123083078,"2023-07-31 09:48:05"
2369,117346,other,"bee (sawfly)",0,0,"bee (sawfly)",https://www.inaturalist.org/observations/121921015,"2022-11-28 03:57:05"
2370,117307,other,Trombidiformes,0,0,Trombidiformes,https://www.inaturalist.org/observations/121911626,"2022-10-31 04:00:07"
2372,116573,bee,"bee (sawfly)",0,0,"bee (sawfly)",https://www.inaturalist.org/observations/121635366,"2023-07-17 09:27:06"
2373,116543,bee,caterpillar,0,2,caterpillar,https://www.inaturalist.org/observations/121633281,"2023-07-17 09:27:06"
2374,116344,unidentified,Trombidiformes,0,1,Trombidiformes,https://www.inaturalist.org/observations/121610972,"2023-07-17 09:30:07"
2375,110901,unidentified,truebugs,0,0,truebugs,https://www.inaturalist.org/observations/118963940,"2023-07-10 09:54:05"
2376,109451,other,Thysanoptera,0,1,Thysanoptera,https://www.inaturalist.org/observations/118561377,"2026-06-29 09:24:05"
2377,108703,other,Geophilomorpha,0,0,Geophilomorpha,https://www.inaturalist.org/observations/118421168,"2023-07-03 09:54:06"
2378,108227,unidentified,beetle,0,2,beetle,https://www.inaturalist.org/observations/118351977,"2023-06-26 09:30:06"
2379,105946,unidentified,beetle,0,1,beetle,https://www.inaturalist.org/observations/118203780,"2023-06-26 09:51:05"
2380,105807,unidentified,fly,0,1,fly,https://www.inaturalist.org/observations/118188201,"2023-06-26 09:54:06"
2381,105748,unidentified,aphid,0,1,aphid,https://www.inaturalist.org/observations/118186804,"2023-06-26 09:54:06"
2382,105705,unidentified,grasshopper,0,2,grasshopper,https://www.inaturalist.org/observations/118178291,"2023-06-26 09:54:06"
2383,105504,unidentified,Neuroptera,0,0,Neuroptera,https://www.inaturalist.org/observations/118162134,"2023-06-26 09:57:06"
2384,105495,unidentified,Neuroptera,0,0,Neuroptera,https://www.inaturalist.org/observations/118161801,"2023-06-26 09:57:06"
2385,105471,unidentified,leafhopper,0,0,leafhopper,https://www.inaturalist.org/observations/118159634,"2023-06-26 09:57:06"
2386,105455,unidentified,Neuroptera,0,0,Neuroptera,https://www.inaturalist.org/observations/118158217,"2023-06-19 09:21:05"
2391,126953,bee,fly,0,1,,https://www.inaturalist.org/observations/126382012,"2024-05-20 09:39:05"
2392,126916,other,Stylommatophora,0,0,Stylommatophora,https://www.inaturalist.org/observations/126371528,"2024-05-20 09:42:05"
2394,126768,bee,fly,0,1,,https://www.inaturalist.org/observations/126342801,"2024-05-20 09:45:05"
2396,126677,unidentified,Archaeognatha,0,0,Archaeognatha,https://www.inaturalist.org/observations/126248316,"2024-05-20 09:48:05"
2398,126593,other,"aphid, truebugs",0,1,,https://www.inaturalist.org/observations/126209959,"2024-05-20 09:48:05"
2399,126592,other,Neuroptera,0,0,Neuroptera,https://www.inaturalist.org/observations/126209526,"2024-05-20 09:48:05"
2400,126457,other,Dermaptera,0,3,Dermaptera,https://www.inaturalist.org/observations/126113200,"2024-05-20 09:48:05"
2401,126453,other,Dermaptera,0,2,Dermaptera,https://www.inaturalist.org/observations/126112056,"2026-07-06 09:54:06"
2406,126422,beetle,Psocodea,0,1,,https://www.inaturalist.org/observations/126104916,"2024-05-20 09:51:05"
2414,126158,unidentified,Psocodea,0,0,Psocodea,https://www.inaturalist.org/observations/126072027,"2024-05-20 09:54:05"
2416,126131,unidentified,truebugs,0,0,truebugs,https://www.inaturalist.org/observations/126068427,"2024-05-20 09:57:05"
2417,126091,unidentified,Thysanoptera,0,0,Thysanoptera,https://www.inaturalist.org/observations/126066468,"2024-05-20 09:57:05"
2421,124984,unidentified,truebugs,0,0,truebugs,https://www.inaturalist.org/observations/125973860,"2024-05-20 09:57:05"
2425,125601,other,Trichoptera,0,0,Trichoptera,https://www.inaturalist.org/observations/125821766,"2024-05-13 09:39:04"
2426,125573,other,Psocodea,0,0,Psocodea,https://www.inaturalist.org/observations/125817952,"2024-05-13 09:39:04"
2429,124868,other,truebugs,0,0,truebugs,https://www.inaturalist.org/observations/125339902,"2022-11-07 02:06:07"
2430,124813,fly,Neuroptera,0,1,,https://www.inaturalist.org/observations/125330667,"2024-05-13 09:45:04"
2431,124713,other,Psocodea,0,0,Psocodea,https://www.inaturalist.org/observations/125313780,"2024-05-13 09:45:04"
2432,124579,other,Psocodea,0,0,Psocodea,https://www.inaturalist.org/observations/125300113,"2024-05-13 09:48:04"
2433,124373,unidentified,beetle,0,1,beetle,https://www.inaturalist.org/observations/125180354,"2024-05-13 09:51:03"
2434,123957,unidentified,Psocodea,0,0,Psocodea,https://www.inaturalist.org/observations/125029844,"2024-05-06 09:42:04"
2435,123947,unidentified,Entomobryomorpha,0,0,Entomobryomorpha,https://www.inaturalist.org/observations/125027702,"2024-05-06 09:42:04"
2439,119724,caterpillar,"bee (sawfly)",0,0,"bee (sawfly)",https://www.inaturalist.org/observations/122973211,"2023-07-31 09:51:05"
2440,109107,beetle,fly,0,4,fly,https://www.inaturalist.org/observations/118525313,"2023-07-03 09:48:06"
2441,102766,unidentified,Trombidiformes,0,0,Trombidiformes,https://www.inaturalist.org/observations/90899046,"2023-06-19 09:51:06"
2442,102251,unidentified,Psocodea,0,0,Psocodea,https://www.inaturalist.org/observations/90169026,"2023-06-12 09:24:06"
2443,99411,unidentified,Neuroptera,0,0,Neuroptera,https://www.inaturalist.org/observations/88117842,"2023-06-12 09:51:06"
2444,98346,unidentified,truebugs,0,1,truebugs,https://www.inaturalist.org/observations/87291192,"2023-06-05 09:27:06"
2445,97831,unidentified,Blattodea,0,0,Blattodea,https://www.inaturalist.org/observations/86975375,"2023-06-05 09:36:05"
2446,97467,unidentified,moths,0,0,moths,https://www.inaturalist.org/observations/86879917,"2023-06-05 09:39:05"
2447,96785,unidentified,leafhopper,0,0,leafhopper,https://www.inaturalist.org/observations/86287341,"2023-06-05 09:51:05"
2450,128600,other,Odonata,0,1,Odonata,https://www.inaturalist.org/observations/127380311,"2022-10-31 01:12:05"
2451,128493,ant,beetle,0,1,,https://www.inaturalist.org/observations/127364060,"2024-05-27 09:45:06"
2452,128323,unidentified,Ephemeroptera,0,0,Ephemeroptera,https://www.inaturalist.org/observations/127254760,"2024-05-27 09:45:06"
2453,128322,truebugs,leafhopper,0,2,leafhopper,https://www.inaturalist.org/observations/127253747,"2024-05-27 09:45:06"
2454,128253,unidentified,truebugs,0,1,truebugs,https://www.inaturalist.org/observations/127225484,"2024-05-27 09:48:06"
2457,128023,unidentified,truebugs,0,1,truebugs,https://www.inaturalist.org/observations/127122217,"2026-07-06 09:51:06"
2472,127334,other,Mantodea,0,1,Mantodea,https://www.inaturalist.org/observations/126821003,"2024-05-20 09:33:05"
2475,129207,unidentified,leafhopper,0,1,leafhopper,https://www.inaturalist.org/observations/127998084,"2026-07-06 09:51:06"
2483,128905,fly,fly,0,3,fly,https://www.inaturalist.org/observations/127824478,"2024-05-27 09:39:05"
2485,128606,other,Thysanoptera,0,0,Thysanoptera,https://www.inaturalist.org/observations/127380668,"2022-12-19 01:12:05"
2486,128418,aphid,leafhopper,0,1,,https://www.inaturalist.org/observations/127286942,"2024-05-27 09:45:06"
2488,128184,unidentified,truebugs,0,0,truebugs,https://www.inaturalist.org/observations/127218532,"2024-05-27 09:48:06"
2489,128147,bee,"bee (sawfly)",0,0,"bee (sawfly)",https://www.inaturalist.org/observations/127163211,"2024-05-27 09:48:06"
2490,127206,bee,truebugs,0,0,truebugs,https://www.inaturalist.org/observations/126792378,"2024-05-20 09:36:05"
2491,127168,other,Neuroptera,0,1,Neuroptera,https://www.inaturalist.org/observations/126698279,"2024-05-20 09:36:05"
2492,126085,ant,bee,0,2,bee,https://www.inaturalist.org/observations/126065464,"2024-05-20 09:57:05"
2493,121376,grasshopper,spider,0,4,spider,https://www.inaturalist.org/observations/125071707,"2024-05-13 09:54:04"
2494,131023,unidentified,truebugs,0,0,truebugs,https://www.inaturalist.org/observations/129552236,"2024-06-03 09:39:06"
2495,130813,unidentified,leafhopper,0,0,leafhopper,https://www.inaturalist.org/observations/129454340,"2024-06-03 09:42:06"
2496,130714,spider,truebugs,0,3,truebugs,https://www.inaturalist.org/observations/129334871,"2024-06-03 09:42:06"
2497,130446,other,Trombidiformes,0,0,Trombidiformes,https://www.inaturalist.org/observations/129273812,"2022-10-31 00:42:05"
2498,131392,other,truebugs,0,2,truebugs,https://www.inaturalist.org/observations/130495746,"2024-06-10 09:54:05"
2499,131353,unidentified,Blattodea,0,1,Blattodea,https://www.inaturalist.org/observations/130364157,"2024-06-10 09:57:05"
2500,131352,unidentified,Blattodea,0,1,Blattodea,https://www.inaturalist.org/observations/130363950,"2024-06-10 09:57:05"
2501,131345,unidentified,Blattodea,0,1,Blattodea,https://www.inaturalist.org/observations/130363101,"2024-06-10 09:57:05"
2504,130266,other,bee,0,1,bee,https://www.inaturalist.org/observations/129025808,"2024-06-03 09:48:06"
2506,128584,unidentified,truebugs,0,1,truebugs,https://www.inaturalist.org/observations/129003746,"2024-06-03 09:48:06"
2508,130149,unidentified,beetle,0,2,beetle,https://www.inaturalist.org/observations/128983907,"2024-06-03 09:48:06"
2512,131621,unidentified,leafhopper,0,0,leafhopper,https://www.inaturalist.org/observations/131320318,"2024-06-10 09:51:05"
2517,131522,other,Neuroptera,0,2,Neuroptera,https://www.inaturalist.org/observations/130968965,"2024-06-10 09:51:05"
2518,131381,other,"Psocodea, Neuroptera",0,1,,https://www.inaturalist.org/observations/130492912,"2024-06-10 09:57:05"
2520,121186,other,Dermaptera,0,3,Dermaptera,https://www.inaturalist.org/observations/123683426,"2023-08-14 09:51:04"
2521,121180,unidentified,fly,0,0,fly,https://www.inaturalist.org/observations/123682095,"2023-08-14 09:51:04"
2522,121165,beetle,truebugs,0,1,,https://www.inaturalist.org/observations/123681029,"2023-08-14 09:51:04"
2527,131329,other,Odonata,0,1,Odonata,https://www.inaturalist.org/observations/130284092,"2022-11-28 00:30:06"
2528,129782,other,Odonata,0,1,Odonata,https://www.inaturalist.org/observations/128443506,"2022-11-14 00:54:06"
2529,129480,other,Odonata,0,1,Odonata,https://www.inaturalist.org/observations/128166467,"2022-11-28 01:00:09"
2530,115318,other,fly,0,0,fly,https://www.inaturalist.org/observations/121084330,"2023-07-17 09:42:05"
2531,95292,caterpillar,Polydesmida,0,3,Polydesmida,https://www.inaturalist.org/observations/85364359,"2023-05-29 09:36:05"
2532,93424,other,Neuroptera,0,0,Neuroptera,https://www.inaturalist.org/observations/84442843,"2023-05-29 09:51:06"
2533,93167,other,Neuroptera,0,1,Neuroptera,https://www.inaturalist.org/observations/84422032,"2023-05-29 09:54:06"
2534,92819,caterpillar,moths,0,2,moths,https://www.inaturalist.org/observations/84203890,"2023-05-22 09:12:05"
2535,92681,unidentified,truebugs,0,1,truebugs,https://www.inaturalist.org/observations/84185434,"2026-06-29 09:33:05"
2536,92603,unidentified,truebugs,0,0,truebugs,https://www.inaturalist.org/observations/84170444,"2023-05-22 09:15:06"
2537,91731,unidentified,truebugs,0,0,truebugs,https://www.inaturalist.org/observations/83939499,"2023-05-22 09:27:06"
2538,88593,unidentified,truebugs,0,0,truebugs,https://www.inaturalist.org/observations/82282519,"2023-05-15 09:51:05"
2539,87631,unidentified,bee,0,0,bee,https://www.inaturalist.org/observations/81556693,"2023-05-08 09:54:05"
2540,85834,unidentified,truebugs,0,0,truebugs,https://www.inaturalist.org/observations/80362525,"2022-08-29 09:54:05"
2541,85454,unidentified,Trichoptera,0,0,Trichoptera,https://www.inaturalist.org/observations/80237918,"2022-08-29 09:57:06"
2542,85371,beetle,beetle,0,0,beetle,https://www.inaturalist.org/observations/80231608,"2022-08-29 09:57:06"
2544,132508,beetle,Neuroptera,0,1,,https://www.inaturalist.org/observations/133330237,"2024-06-10 09:42:07"
2547,132329,grasshopper,Blattodea,0,1,,https://www.inaturalist.org/observations/132816344,"2024-06-10 09:42:07"
2552,132545,other,Trombidiformes,0,0,Trombidiformes,https://www.inaturalist.org/observations/133341568,"2024-06-10 09:39:06"
2555,132926,beetle,truebugs,0,2,truebugs,https://www.inaturalist.org/observations/135179874,"2022-09-19 00:00:07"
2556,132923,fly,ant,0,1,,https://www.inaturalist.org/observations/135178387,"2022-09-19 00:03:06"
2557,132919,beetle,truebugs,0,1,,https://www.inaturalist.org/observations/135177550,"2022-09-19 00:03:06"
2560,127555,leafhopper,truebugs,0,2,truebugs,https://www.inaturalist.org/observations/126962892,"2024-05-27 09:57:06"
2561,127486,leafhopper,truebugs,0,2,truebugs,https://www.inaturalist.org/observations/126949336,"2024-05-20 09:33:05"
2562,124146,leafhopper,aphid,0,1,,https://www.inaturalist.org/observations/125081779,"2024-05-13 09:51:03"
2564,120178,leafhopper,truebugs,0,1,,https://www.inaturalist.org/observations/123113013,"2023-07-31 09:45:05"
2565,114105,leafhopper,truebugs,0,1,,https://www.inaturalist.org/observations/120535674,"2023-07-10 09:27:05"
2566,108562,bee,fly,0,2,fly,https://www.inaturalist.org/observations/118389359,"2023-07-03 09:57:05"
2568,133053,other,Trombidiformes,0,1,Trombidiformes,https://www.inaturalist.org/observations/136154938,"2024-06-10 09:30:06"
2569,133029,unidentified,Neuroptera,0,1,Neuroptera,https://www.inaturalist.org/observations/135949984,"2024-06-10 09:30:06"
2571,132945,other,Psocodea,0,1,Psocodea,https://www.inaturalist.org/observations/135239377,"2024-06-10 09:33:06"
2572,133243,other,truebugs,0,2,truebugs,https://www.inaturalist.org/observations/137024719,"2024-06-10 09:27:05"
2575,96996,fly,"bee (sawfly)",0,1,,https://www.inaturalist.org/observations/86600219,"2023-06-05 09:48:05"
2576,91521,other,Phasmida,0,0,Phasmida,https://www.inaturalist.org/observations/83620365,"2023-05-22 09:30:07"
2577,133234,other,Trombidiformes,0,0,Trombidiformes,https://www.inaturalist.org/observations/137022477,"2022-10-31 00:00:06"
2578,133065,unidentified,beetle,0,0,beetle,https://www.inaturalist.org/observations/136186894,"2024-06-10 09:27:05"
2579,133039,other,Trombidiformes,0,0,Trombidiformes,https://www.inaturalist.org/observations/136149633,"2024-06-10 09:30:06"
2580,132941,other,Trombidiformes,0,0,Trombidiformes,https://www.inaturalist.org/observations/135238559,"2024-06-10 09:33:06"
2581,130996,other,Neuroptera,0,0,Neuroptera,https://www.inaturalist.org/observations/129549594,"2024-06-03 09:39:06"
2582,130321,unidentified,truebugs,0,1,truebugs,https://www.inaturalist.org/observations/129149060,"2024-06-03 09:48:06"
2583,128583,unidentified,truebugs,0,0,truebugs,https://www.inaturalist.org/observations/129021313,"2024-06-03 09:48:06"
2584,130233,unidentified,Psocodea,0,0,Psocodea,https://www.inaturalist.org/observations/129013620,"2024-06-03 09:48:06"
2585,129622,other,Trombidiformes,0,0,Trombidiformes,https://www.inaturalist.org/observations/128204110,"2024-05-27 09:27:05"
2586,129526,other,Thysanoptera,0,0,Thysanoptera,https://www.inaturalist.org/observations/128176918,"2022-12-19 00:57:05"
2587,129186,unidentified,leafhopper,0,0,leafhopper,https://www.inaturalist.org/observations/127996619,"2024-05-27 09:33:05"
2588,126900,other,Psocodea,0,0,Psocodea,https://www.inaturalist.org/observations/126367955,"2024-05-20 09:42:05"
2589,126284,other,truebugs,0,0,truebugs,https://www.inaturalist.org/observations/126101063,"2024-05-20 09:51:05"
2590,125574,other,Psocodea,0,0,Psocodea,https://www.inaturalist.org/observations/125818391,"2024-05-13 09:39:04"
2591,124755,other,Thysanoptera,0,0,Thysanoptera,https://www.inaturalist.org/observations/125320979,"2022-12-19 02:09:05"
2593,94235,other,Entomobryomorpha,0,0,Entomobryomorpha,https://www.inaturalist.org/observations/84915120,"2023-05-29 09:42:05"
2594,94108,other,Entomobryomorpha,0,0,Entomobryomorpha,https://www.inaturalist.org/observations/84874067,"2023-05-29 09:45:06"
2597,132019,other,Stylommatophora,0,1,Stylommatophora,https://www.inaturalist.org/observations/132498459,"2024-06-10 09:45:08"
2599,132917,bee,ant,0,2,ant,https://www.inaturalist.org/observations/135176152,"2024-06-10 09:33:06"
2600,131327,bee,fly,0,1,,https://www.inaturalist.org/observations/130283376,"2024-06-10 09:57:05"
2602,105356,other,aphid,0,0,aphid,https://www.inaturalist.org/observations/118149032,"2023-06-19 09:24:06"
2603,131687,other,Blattodea,0,0,Blattodea,https://www.inaturalist.org/observations/131389475,"2024-06-10 09:51:05"
2604,124111,moths,Trichoptera,0,1,,https://www.inaturalist.org/observations/125064675,"2024-05-13 09:54:04"
2605,120207,moths,Neuroptera,0,2,Neuroptera,https://www.inaturalist.org/observations/123115211,"2023-08-07 09:57:05"
2608,108611,fly,Psocodea,0,0,Psocodea,https://www.inaturalist.org/observations/118507619,"2023-07-03 09:51:05"
2609,108619,truebugs,truebugs,0,0,truebugs,https://www.inaturalist.org/observations/118409055,"2023-07-03 09:54:06"
2610,108458,leafhopper,aphid,0,1,,https://www.inaturalist.org/observations/118375215,"2023-07-03 09:57:05"
2612,121560,moths,bee,0,1,,https://www.inaturalist.org/observations/123840062,"2023-08-21 09:54:04"
2617,124880,other,Psocodea,0,0,Psocodea,https://www.inaturalist.org/observations/125342938,"2024-05-13 09:42:04"
2618,124872,other,Psocodea,0,0,Psocodea,https://www.inaturalist.org/observations/125341390,"2024-05-13 09:42:04"
2619,124756,other,Psocodea,0,0,Psocodea,https://www.inaturalist.org/observations/125321302,"2024-05-13 09:45:04"
2620,124744,other,Psocodea,0,2,Psocodea,https://www.inaturalist.org/observations/125319488,"2026-07-06 09:57:06"
2621,124707,other,Psocodea,0,2,Psocodea,https://www.inaturalist.org/observations/125311284,"2026-07-06 09:57:06"
2622,124128,other,truebugs,0,0,truebugs,https://www.inaturalist.org/observations/125071292,"2024-05-13 09:54:04"
2623,124127,other,Psocodea,0,2,Psocodea,https://www.inaturalist.org/observations/125069565,"2026-07-06 09:57:06"
2624,124126,other,Psocodea,0,0,Psocodea,https://www.inaturalist.org/observations/125068556,"2024-05-13 09:54:04"
2625,124064,other,Psocodea,0,0,Psocodea,https://www.inaturalist.org/observations/125050018,"2024-05-13 09:57:04"
2626,124056,other,Psocodea,0,0,Psocodea,https://www.inaturalist.org/observations/125045792,"2024-05-13 09:57:04"
2628,118795,beetle,Psocodea,0,1,,https://www.inaturalist.org/observations/122687691,"2023-07-24 09:33:05"
2629,126899,other,Psocodea,0,2,Psocodea,https://www.inaturalist.org/observations/126367549,"2026-07-06 09:54:06"
2630,121139,beetle,leafhopper,0,1,,https://www.inaturalist.org/observations/125076613,"2024-05-13 09:54:04"
2632,123816,beetle,Psocodea,0,1,,https://www.inaturalist.org/observations/124949023,"2024-05-06 09:45:04"
2633,122462,beetle,Psocodea,0,1,,https://www.inaturalist.org/observations/124159506,"2023-11-13 09:57:05"
2635,128904,other,Trichoptera,0,1,Trichoptera,https://www.inaturalist.org/observations/127824221,"2024-05-27 09:39:05"
2637,133410,truebugs,Psocodea,0,1,,https://www.inaturalist.org/observations/137527205,"2024-06-10 09:27:05"
2638,133050,beetle,Neuroptera,0,1,,https://www.inaturalist.org/observations/136154236,"2024-06-10 09:30:06"
2639,133026,fly,Psocodea,0,1,,https://www.inaturalist.org/observations/135945292,"2024-06-10 09:30:06"
2640,133023,fly,Psocodea,0,1,,https://www.inaturalist.org/observations/135942734,"2024-06-10 09:30:06"
2641,132998,aphid,Psocodea,0,1,,https://www.inaturalist.org/observations/135816159,"2024-06-10 09:30:06"
2643,132980,fly,Psocodea,0,1,,https://www.inaturalist.org/observations/135295638,"2024-06-10 09:30:06"
2644,132871,fly,Psocodea,0,1,,https://www.inaturalist.org/observations/134978817,"2024-06-10 09:33:06"
2645,131871,other,Psocodea,0,1,Psocodea,https://www.inaturalist.org/observations/132343412,"2024-06-10 09:45:08"
2646,131870,unidentified,Psocodea,0,0,Psocodea,https://www.inaturalist.org/observations/132343149,"2024-06-10 09:45:08"
2647,131009,other,moths,0,0,moths,https://www.inaturalist.org/observations/129550914,"2024-06-03 09:39:06"
2648,130947,truebugs,bee,0,1,,https://www.inaturalist.org/observations/129545056,"2024-06-03 09:39:06"
2649,130822,other,caterpillar,0,0,caterpillar,https://www.inaturalist.org/observations/129454689,"2024-06-03 09:42:06"
2650,130713,leafhopper,moths,0,1,,https://www.inaturalist.org/observations/129334546,"2024-06-03 09:42:06"
2651,129969,truebugs,beetle,0,1,,https://www.inaturalist.org/observations/128472584,"2024-06-03 09:54:05"
2652,129764,aphid,Psocodea,0,1,,https://www.inaturalist.org/observations/128316426,"2024-06-03 09:57:05"
2653,129761,aphid,Psocodea,0,1,,https://www.inaturalist.org/observations/128314707,"2024-06-03 09:57:05"
2654,129758,aphid,Psocodea,0,1,,https://www.inaturalist.org/observations/128313925,"2024-06-03 09:57:05"
2655,129747,aphid,Psocodea,0,1,,https://www.inaturalist.org/observations/128303980,"2024-05-27 09:27:05"
2656,129735,aphid,Psocodea,0,1,,https://www.inaturalist.org/observations/128298516,"2024-05-27 09:27:05"
2657,129605,other,Psocodea,0,1,Psocodea,https://www.inaturalist.org/observations/128184313,"2024-05-27 09:27:05"
2659,127559,aphid,Psocodea,0,1,,https://www.inaturalist.org/observations/126964210,"2024-05-27 09:57:06"
2660,127488,aphid,Psocodea,0,1,,https://www.inaturalist.org/observations/126949968,"2024-05-20 09:33:05"
2661,127482,aphid,Psocodea,0,1,,https://www.inaturalist.org/observations/126947984,"2024-05-20 09:33:05"
2662,127474,aphid,Psocodea,0,1,,https://www.inaturalist.org/observations/126945973,"2024-05-20 09:33:05"
2664,126656,unidentified,beetle,0,0,beetle,https://www.inaturalist.org/observations/126218046,"2024-05-20 09:48:05"
2667,126157,aphid,Psocodea,0,1,,https://www.inaturalist.org/observations/126071615,"2024-05-20 09:54:05"
2668,126052,unidentified,Neuroptera,0,0,Neuroptera,https://www.inaturalist.org/observations/126061828,"2024-05-20 09:57:05"
2669,125606,other,Psocodea,0,2,Psocodea,https://www.inaturalist.org/observations/125823394,"2026-07-06 09:57:06"
2670,117969,unidentified,"bee (sawfly)",0,0,"bee (sawfly)",https://www.inaturalist.org/observations/122085534,"2023-07-24 09:48:05"
2672,113257,bee,"bee (sawfly)",0,0,"bee (sawfly)",https://www.inaturalist.org/observations/120012319,"2023-07-10 09:33:05"
2673,112698,other,Psocodea,0,0,Psocodea,https://www.inaturalist.org/observations/119875443,"2023-07-10 09:36:08"
2674,107597,bee,"bee (sawfly)",0,1,,https://www.inaturalist.org/observations/118333944,"2023-06-26 09:33:07"
2675,104354,bee,bee,0,1,,https://www.inaturalist.org/observations/94105181,"2023-06-19 09:33:07"
2676,101232,bee,"bee (sawfly)",0,1,,https://www.inaturalist.org/observations/89204153,"2023-06-12 09:33:05"
2677,90333,caterpillar,"bee (sawfly)",0,1,,https://www.inaturalist.org/observations/83149559,"2023-05-22 09:51:06"
2678,90073,caterpillar,"bee (sawfly)",0,1,,https://www.inaturalist.org/observations/83038241,"2023-05-22 09:54:05"
2679,131912,other,Trombidiformes,0,0,Trombidiformes,https://www.inaturalist.org/observations/132401452,"2024-06-10 09:45:08"
2680,130538,bee,"bee (sawfly)",0,1,"bee (sawfly)",https://www.inaturalist.org/observations/129303336,"2024-06-03 09:42:06"
2681,87674,unidentified,fly,0,0,fly,https://www.inaturalist.org/observations/81560331,"2023-05-08 09:54:05"
2682,130254,unidentified,Psocodea,0,0,Psocodea,https://www.inaturalist.org/observations/129021769,"2024-06-03 09:48:06"
2683,101258,bee,"bee (sawfly)",0,1,,https://www.inaturalist.org/observations/89205295,"2023-06-12 09:33:05"
2684,101016,bee,fly,0,3,fly,https://www.inaturalist.org/observations/89185563,"2026-06-29 09:30:05"
2685,100139,ant,bee,0,1,,https://www.inaturalist.org/observations/88383026,"2023-06-12 09:45:06"
2686,121563,other,Neuroptera,0,1,Neuroptera,https://www.inaturalist.org/observations/123840912,"2023-08-21 09:54:04"
2687,122033,bee,"bee (sawfly)",0,1,"bee (sawfly)",https://www.inaturalist.org/observations/123993544,"2023-09-04 09:57:05"
2688,120416,bee,"bee (sawfly)",0,1,"bee (sawfly)",https://www.inaturalist.org/observations/123218219,"2023-08-07 09:54:04"
2689,119795,bee,"bee (sawfly)",0,0,"bee (sawfly)",https://www.inaturalist.org/observations/122994133,"2023-07-31 09:48:05"
2690,119684,bee,"bee (sawfly)",0,1,"bee (sawfly)",https://www.inaturalist.org/observations/122963966,"2023-07-31 09:54:06"
2691,119546,bee,"bee (sawfly)",0,0,"bee (sawfly)",https://www.inaturalist.org/observations/122948368,"2023-07-31 09:57:05"
2693,101745,bee,Aquifoliales,0,1,,https://www.inaturalist.org/observations/89651768,"2023-06-12 09:30:07"
2694,87875,grasshopper,fly,0,1,,https://www.inaturalist.org/observations/81606698,"2023-05-08 09:54:05"
2696,117172,bee,"bee (sawfly)",0,0,"bee (sawfly)",https://www.inaturalist.org/observations/121876718,"2023-07-24 09:57:05"
2697,117095,bee,"bee (sawfly)",0,0,"bee (sawfly)",https://www.inaturalist.org/observations/121870887,"2023-07-17 09:21:06"
2700,120224,fly,Psocodea,0,1,,https://www.inaturalist.org/observations/123116225,"2023-08-07 09:57:05"
2703,110902,unidentified,aphid,0,0,aphid,https://www.inaturalist.org/observations/118964358,"2023-07-10 09:54:05"
2704,88915,other,fly,0,5,fly,https://www.inaturalist.org/observations/82425043,"2026-06-29 09:36:05"
2705,127041,unidentified,truebugs,0,0,truebugs,https://www.inaturalist.org/observations/126484656,"2024-05-20 09:36:05"
2706,124743,other,Thysanoptera,0,0,Thysanoptera,https://www.inaturalist.org/observations/125319033,"2024-05-13 09:45:04"
2707,123670,unidentified,grasshopper,0,2,grasshopper,https://www.inaturalist.org/observations/124905457,"2024-05-06 09:45:04"
2708,118046,unidentified,leafhopper,0,0,leafhopper,https://www.inaturalist.org/observations/122161051,"2023-07-24 09:45:06"
2709,114234,unidentified,moths,0,0,moths,https://www.inaturalist.org/observations/120565796,"2023-07-10 09:24:05"
2710,90072,other,Polypodiales,0,0,Polypodiales,https://www.inaturalist.org/observations/83037856,"2023-05-22 09:54:05"
2711,130187,unidentified,truebugs,0,0,truebugs,https://www.inaturalist.org/observations/128999917,"2024-06-03 09:48:06"
2716,134090,bee,"bee (sawfly)",0,2,"bee (sawfly)",https://www.inaturalist.org/observations/159770146,"2024-06-17 09:57:07"
2717,134070,leafhopper,Psocodea,0,1,,https://www.inaturalist.org/observations/159764518,"2024-06-10 09:21:06"
2718,134059,leafhopper,moths,0,1,,https://www.inaturalist.org/observations/159759226,"2024-06-10 09:21:06"
2719,134050,leafhopper,Psocodea,0,1,,https://www.inaturalist.org/observations/159755321,"2024-06-10 09:21:06"
2720,134026,fly,aphid,0,1,,https://www.inaturalist.org/observations/159744446,"2024-06-10 09:21:06"
2721,134582,fly,Psocodea,0,1,,https://www.inaturalist.org/observations/161246196,"2024-06-17 09:51:06"
2722,134503,bee,"bee (sawfly)",0,1,,https://www.inaturalist.org/observations/161227665,"2024-06-17 09:54:07"
2724,134203,unidentified,beetle,0,1,beetle,https://www.inaturalist.org/observations/159777200,"2024-06-17 09:57:07"
2725,135743,fly,ant,0,2,ant,https://www.inaturalist.org/observations/162962568,"2024-06-17 09:27:06"
2727,135477,bee,"bee (sawfly)",0,0,"bee (sawfly)",https://www.inaturalist.org/observations/162480761,"2024-06-17 09:30:08"
2729,135452,caterpillar,"bee (sawfly)",0,3,"bee (sawfly)",https://www.inaturalist.org/observations/162474161,"2024-06-17 09:30:08"
2733,135391,unidentified,moths,0,0,moths,https://www.inaturalist.org/observations/162372712,"2024-06-17 09:30:08"
2734,135384,ant,bee,0,2,bee,https://www.inaturalist.org/observations/162349429,"2024-06-17 09:30:08"
2735,135339,other,Psocodea,0,2,Psocodea,https://www.inaturalist.org/observations/162339213,"2024-06-17 09:33:07"
2736,135210,other,Polydesmida,0,0,Polydesmida,https://www.inaturalist.org/observations/162323918,"2024-06-17 09:33:07"
2737,135200,other,truebugs,0,1,,https://www.inaturalist.org/observations/162322242,"2024-06-17 09:33:07"
2739,135161,aphid,aphid,0,1,,https://www.inaturalist.org/observations/162311113,"2024-06-17 09:36:07"
2740,135088,unidentified,truebugs,0,0,truebugs,https://www.inaturalist.org/observations/162212244,"2024-06-17 09:39:07"
2742,135073,unidentified,leafhopper,0,1,leafhopper,https://www.inaturalist.org/observations/162183740,"2024-06-17 09:39:07"
2743,135055,leafhopper,aphid,0,1,,https://www.inaturalist.org/observations/162178608,"2024-06-17 09:39:07"
2745,134946,aphid,aphid,0,0,aphid,https://www.inaturalist.org/observations/161988533,"2024-06-17 09:42:07"
2746,134887,fly,Psocodea,0,1,,https://www.inaturalist.org/observations/161977891,"2024-06-17 09:42:07"
2747,134866,other,Neuroptera,0,1,Neuroptera,https://www.inaturalist.org/observations/161973442,"2024-06-17 09:45:07"
2748,134860,aphid,aphid,0,0,aphid,https://www.inaturalist.org/observations/161972309,"2024-06-17 09:45:07"
2752,137503,fly,bee,0,1,,https://www.inaturalist.org/observations/164044237,"2024-07-01 09:42:06"
2753,137486,fly,bee,0,1,,https://www.inaturalist.org/observations/164039307,"2024-07-01 09:45:07"
2755,137372,caterpillar,"bee (sawfly)",0,1,,https://www.inaturalist.org/observations/164008078,"2024-07-01 09:48:05"
2760,137155,ant,bee,0,2,bee,https://www.inaturalist.org/observations/163858049,"2024-07-01 09:51:05"
2768,136798,unidentified,fly,0,0,fly,https://www.inaturalist.org/observations/163711030,"2024-07-01 09:57:05"
2770,136610,unidentified,fly,0,0,fly,https://www.inaturalist.org/observations/163663992,"2024-06-24 09:33:08"
2773,136351,beetle,truebugs,0,1,,https://www.inaturalist.org/observations/163567577,"2024-06-24 09:39:07"
2774,136340,unidentified,Neuroptera,0,0,Neuroptera,https://www.inaturalist.org/observations/163566505,"2024-06-24 09:39:07"
2775,136333,other,Psocodea,0,2,Psocodea,https://www.inaturalist.org/observations/163565475,"2024-06-24 09:39:07"
2776,136328,other,Psocodea,0,2,Psocodea,https://www.inaturalist.org/observations/163564009,"2024-06-24 09:39:07"
2778,60721,caterpillar,"bee (sawfly)",0,1,,https://www.inaturalist.org/observations/163517248,"2024-06-24 09:45:07"
2779,60252,caterpillar,"bee (sawfly)",0,1,,https://www.inaturalist.org/observations/163514933,"2024-06-24 09:45:07"
2781,136283,unidentified,Neuroptera,0,0,Neuroptera,https://www.inaturalist.org/observations/163473025,"2024-06-24 09:51:07"
2787,136190,ant,fly,0,1,,https://www.inaturalist.org/observations/163326627,"2024-06-24 09:54:06"
2792,134504,bee,"bee (sawfly)",0,0,"bee (sawfly)",https://www.inaturalist.org/observations/161228093,"2024-06-17 09:54:07"
2795,138575,beetle,Psocodea,0,1,,https://www.inaturalist.org/observations/165156265,"2024-07-08 09:45:05"
2800,138118,unidentified,truebugs,0,1,truebugs,https://www.inaturalist.org/observations/164825129,"2026-07-06 09:39:06"
2802,138066,spider,beetle,0,2,beetle,https://www.inaturalist.org/observations/164812082,"2024-07-08 09:54:05"
2803,138055,other,Psocodea,0,2,Psocodea,https://www.inaturalist.org/observations/164809760,"2024-07-08 09:54:05"
2804,138043,other,Psocodea,0,2,Psocodea,https://www.inaturalist.org/observations/164806928,"2024-07-08 09:54:05"
2805,138014,leafhopper,aphid,0,1,,https://www.inaturalist.org/observations/164801612,"2024-07-08 09:54:05"
2808,137589,moths,Neuroptera,0,1,,https://www.inaturalist.org/observations/164629909,"2024-07-01 09:42:06"
2809,137200,other,"Ixodida, bee",0,1,,https://www.inaturalist.org/observations/164554415,"2024-07-01 09:42:06"
2810,137199,fly,beetle,0,1,,https://www.inaturalist.org/observations/164553970,"2024-07-01 09:42:06"
2812,137552,leafhopper,Psocodea,0,1,,https://www.inaturalist.org/observations/164548566,"2024-07-01 09:42:06"
2817,139710,unidentified,beetle,0,0,beetle,https://www.inaturalist.org/observations/166230890,"2024-07-22 09:57:06"
2819,139664,unidentified,truebugs,0,1,truebugs,https://www.inaturalist.org/observations/166093758,"2024-07-15 09:33:06"
2821,139610,leafhopper,aphid,0,1,,https://www.inaturalist.org/observations/166072665,"2024-07-15 09:36:06"
2829,138937,fly,"bee (sawfly)",0,1,,https://www.inaturalist.org/observations/165788506,"2024-07-15 09:48:05"
2832,139110,fly,Trichoptera,0,1,,https://www.inaturalist.org/observations/165609143,"2024-07-15 09:54:06"
2833,139085,fly,Trichoptera,0,1,,https://www.inaturalist.org/observations/165599159,"2024-07-15 09:54:06"
2840,138167,unidentified,truebugs,0,1,truebugs,https://www.inaturalist.org/observations/164968790,"2026-07-06 09:39:06"
2844,142286,leafhopper,aphid,0,1,,https://www.inaturalist.org/observations/167732082,"2024-08-12 09:54:05"
2848,141897,aphid,truebugs,0,1,,https://www.inaturalist.org/observations/167548462,"2024-08-05 09:51:05"
2850,141763,leafhopper,aphid,0,1,,https://www.inaturalist.org/observations/167526069,"2024-08-05 09:54:06"
2851,141678,unidentified,bee,0,1,bee,https://www.inaturalist.org/observations/167434290,"2024-08-05 09:54:06"
2852,141676,fly,Plecoptera,0,1,,https://www.inaturalist.org/observations/167433878,"2024-08-05 09:54:06"
2853,141674,unidentified,ant,0,1,ant,https://www.inaturalist.org/observations/167433495,"2024-08-05 09:54:06"
2855,141593,unidentified,leafhopper,0,0,leafhopper,https://www.inaturalist.org/observations/167385707,"2024-08-05 09:57:05"
2856,141592,aphid,leafhopper,0,1,,https://www.inaturalist.org/observations/167385269,"2024-08-05 09:57:05"
2857,141493,ant,truebugs,0,1,,https://www.inaturalist.org/observations/167372655,"2024-08-05 09:57:05"
2858,141455,leafhopper,aphid,0,1,,https://www.inaturalist.org/observations/167362559,"2024-07-29 09:48:05"
2859,141441,ant,bee,0,4,bee,https://www.inaturalist.org/observations/167360608,"2026-07-06 09:33:07"
2860,141415,ant,bee,0,3,bee,https://www.inaturalist.org/observations/167355481,"2024-07-29 09:51:05"
2861,141409,fly,Psocodea,0,1,,https://www.inaturalist.org/observations/167354075,"2024-07-29 09:51:05"
2862,141399,unidentified,aphid,0,0,aphid,https://www.inaturalist.org/observations/167288582,"2024-07-29 09:51:05"
2863,141388,unidentified,aphid,0,0,aphid,https://www.inaturalist.org/observations/167285581,"2024-07-29 09:51:05"
2868,140998,other,Neuroptera,0,1,Neuroptera,https://www.inaturalist.org/observations/167222342,"2024-07-29 09:57:04"
2869,140834,leafhopper,aphid,0,1,,https://www.inaturalist.org/observations/167186761,"2024-07-22 09:36:06"
2870,140829,leafhopper,aphid,0,1,,https://www.inaturalist.org/observations/167186417,"2024-07-22 09:36:06"
2875,140631,unidentified,truebugs,0,1,truebugs,https://www.inaturalist.org/observations/166818584,"2026-07-06 09:33:07"
2881,138123,unidentified,aphid,0,1,aphid,https://www.inaturalist.org/observations/164857500,"2024-07-08 09:54:05"
2886,144277,bee,bee,0,0,bee,https://www.inaturalist.org/observations/169072895,"2025-04-14 09:57:04"
2887,144264,unidentified,Psocodea,0,1,Psocodea,https://www.inaturalist.org/observations/169071617,"2025-04-14 09:57:04"
2889,144209,caterpillar,spider,0,1,,https://www.inaturalist.org/observations/169065845,"2026-07-06 09:27:06"
2890,144204,unidentified,truebugs,0,0,truebugs,https://www.inaturalist.org/observations/169065327,"2025-04-14 09:57:04"
2893,144121,caterpillar,"bee (sawfly)",0,1,,https://www.inaturalist.org/observations/169047473,"2025-04-07 09:51:04"
2894,144021,bee,"bee (sawfly)",0,1,,https://www.inaturalist.org/observations/169021833,"2025-04-07 09:54:04"
2895,143964,fly,truebugs,0,1,,https://www.inaturalist.org/observations/169006561,"2025-04-07 09:57:04"
2896,143856,fly,truebugs,0,1,,https://www.inaturalist.org/observations/168898132,"2025-02-24 09:57:04"
2899,143844,fly,aphid,0,1,,https://www.inaturalist.org/observations/168889548,"2025-02-17 09:57:05"
2901,143802,unidentified,beetle,0,1,beetle,https://www.inaturalist.org/observations/168869193,"2025-02-17 09:57:05"
2903,143655,unidentified,aphid,0,1,aphid,https://www.inaturalist.org/observations/168842631,"2024-12-23 09:57:07"
2909,143403,other,Isopoda,0,2,Isopoda,https://www.inaturalist.org/observations/168652023,"2024-09-02 09:54:04"
2913,143375,unidentified,truebugs,0,0,truebugs,https://www.inaturalist.org/observations/168647311,"2024-09-02 09:54:04"
2914,143137,unidentified,fly,0,1,fly,https://www.inaturalist.org/observations/168509079,"2024-09-02 09:57:05"
2915,142382,fly,aphid,0,1,,https://www.inaturalist.org/observations/168369466,"2024-08-26 09:57:04"
2917,142605,fly,truebugs,0,1,,https://www.inaturalist.org/observations/168091516,"2024-08-19 09:57:04"
2918,141477,unidentified,truebugs,0,0,truebugs,https://www.inaturalist.org/observations/167369011,"2024-08-05 09:57:05"
2919,141251,unidentified,beetle,0,1,beetle,https://www.inaturalist.org/observations/167258024,"2024-07-29 09:54:05"
2921,124711,other,truebugs,0,0,truebugs,https://www.inaturalist.org/observations/125312941,"2024-05-13 09:48:04"
2922,146172,fly,bee,0,1,,https://www.inaturalist.org/observations/170327505,"2025-04-28 09:57:04"
2923,146123,caterpillar,bee,0,1,,https://www.inaturalist.org/observations/170323719,"2025-04-28 09:57:04"
2925,146057,leafhopper,aphid,0,1,,https://www.inaturalist.org/observations/170311311,"2025-04-28 09:57:04"
2929,145779,fly,Psocodea,0,1,,https://www.inaturalist.org/observations/170121481,"2025-04-21 09:45:05"
2931,145428,unidentified,Neuroptera,0,0,Neuroptera,https://www.inaturalist.org/observations/169953203,"2025-04-21 09:48:06"
2932,145425,unidentified,Neuroptera,0,0,Neuroptera,https://www.inaturalist.org/observations/169952703,"2025-04-21 09:48:06"
2933,145415,leafhopper,aphid,0,1,,https://www.inaturalist.org/observations/169949123,"2025-04-21 09:48:06"
2934,145413,leafhopper,aphid,0,1,,https://www.inaturalist.org/observations/169948161,"2025-04-21 09:48:06"
2935,145407,leafhopper,aphid,0,1,,https://www.inaturalist.org/observations/169946192,"2025-04-21 09:48:06"
2936,144423,unidentified,Polydesmida,0,0,Polydesmida,https://www.inaturalist.org/observations/169872174,"2025-04-21 09:51:06"
2937,144419,ant,bee,0,1,,https://www.inaturalist.org/observations/169870922,"2025-04-21 09:51:06"
2938,144446,ant,bee,0,2,bee,https://www.inaturalist.org/observations/169868320,"2025-04-21 09:51:06"
2939,145039,beetle,truebugs,0,1,,https://www.inaturalist.org/observations/169785093,"2025-04-21 09:57:06"
2942,144142,unidentified,fly,0,1,fly,https://www.inaturalist.org/observations/169051808,"2025-04-14 09:57:04"
2943,144119,bee,ant,0,2,ant,https://www.inaturalist.org/observations/169046464,"2025-04-07 09:51:04"
2944,137504,beetle,Neuroptera,0,1,Neuroptera,https://www.inaturalist.org/observations/164044880,"2024-07-01 09:42:06"
2947,147636,bee,fly,0,5,fly,https://www.inaturalist.org/observations/171558621,"2026-07-06 09:24:06"
2951,147154,unidentified,grasshopper,0,1,grasshopper,https://www.inaturalist.org/observations/171276152,"2025-05-05 09:54:04"
2953,147022,beetle,leafhopper,0,1,,https://www.inaturalist.org/observations/171219272,"2025-05-05 09:57:04"
2954,147009,spider,leafhopper,0,1,,https://www.inaturalist.org/observations/171216027,"2025-05-05 09:57:04"
2955,146993,leafhopper,"truebugs, aphid",0,2,,https://www.inaturalist.org/observations/171209539,"2025-05-05 09:57:04"
2956,146989,beetle,leafhopper,0,1,,https://www.inaturalist.org/observations/171207762,"2025-05-05 09:57:04"
2957,146982,leafhopper,aphid,0,1,,https://www.inaturalist.org/observations/171205761,"2025-04-28 09:48:04"
2958,146975,leafhopper,aphid,0,1,,https://www.inaturalist.org/observations/171203341,"2025-04-28 09:48:04"
2959,146279,fly,Psocodea,0,1,,https://www.inaturalist.org/observations/170765425,"2025-04-28 09:54:04"
2962,145997,unidentified,truebugs,0,0,truebugs,https://www.inaturalist.org/observations/170298583,"2025-04-21 09:39:07"
2963,145622,other,aphid,0,1,aphid,https://www.inaturalist.org/observations/170020898,"2025-04-21 09:48:06"
2964,115455,other,Trombidiformes,0,0,Trombidiformes,https://www.inaturalist.org/observations/121097929,"2023-07-17 09:39:05"
2967,149769,beetle,Psocodea,0,1,,https://www.inaturalist.org/observations/172900096,"2025-05-12 09:36:06"
2968,149747,fly,Psocodea,0,1,,https://www.inaturalist.org/observations/172895661,"2025-05-12 09:36:06"
2969,149654,bee,ant,0,3,ant,https://www.inaturalist.org/observations/172874461,"2025-05-12 09:39:04"
2970,149645,fly,bee,0,1,,https://www.inaturalist.org/observations/172871823,"2025-05-12 09:39:04"
2971,149541,fly,Psocodea,0,1,,https://www.inaturalist.org/observations/172850650,"2025-05-12 09:42:05"
2976,148780,unidentified,leafhopper,0,1,leafhopper,https://www.inaturalist.org/observations/172427520,"2025-05-12 09:54:05"
2977,148762,fly,truebugs,0,1,,https://www.inaturalist.org/observations/172421672,"2025-05-12 09:54:05"
2978,148688,unidentified,grasshopper,0,1,grasshopper,https://www.inaturalist.org/observations/172410315,"2025-05-12 09:57:05"
2981,148416,other,Spirobolida,0,0,Spirobolida,https://www.inaturalist.org/observations/172336628,"2025-05-05 09:33:05"
2986,148192,leafhopper,aphid,0,1,,https://www.inaturalist.org/observations/172158058,"2025-05-05 09:36:04"
2987,147868,bee,spider,0,0,spider,https://www.inaturalist.org/observations/172076312,"2025-05-05 09:36:04"
2990,147054,other,Polydesmida,0,0,Polydesmida,https://www.inaturalist.org/observations/171228713,"2025-05-05 09:57:04"
2991,139600,other,Psocodea,0,1,Psocodea,https://www.inaturalist.org/observations/166069021,"2024-07-15 09:39:05"
2992,138025,other,Isopoda,0,2,Isopoda,https://www.inaturalist.org/observations/164804251,"2024-07-08 09:54:05"
2994,151450,unidentified,"truebugs, leafhopper",0,1,,https://www.inaturalist.org/observations/174130177,"2025-05-12 09:00:06"
2995,151430,unidentified,bee,0,1,bee,https://www.inaturalist.org/observations/174126104,"2025-05-12 09:00:06"
2996,151352,fly,beetle,0,1,,https://www.inaturalist.org/observations/174108223,"2025-05-12 09:03:05"
2997,151317,fly,truebugs,0,1,,https://www.inaturalist.org/observations/174100987,"2025-05-12 09:03:05"
3003,150848,spider,Rosales,0,1,,https://www.inaturalist.org/observations/173832633,"2025-05-12 09:12:05"
3007,150579,unidentified,truebugs,0,0,truebugs,https://www.inaturalist.org/observations/173649750,"2025-05-12 09:15:06"
3008,150572,other,Stylommatophora,0,2,Stylommatophora,https://www.inaturalist.org/observations/173646161,"2025-05-12 09:15:06"
3011,150435,unidentified,truebugs,0,0,truebugs,https://www.inaturalist.org/observations/173620067,"2025-05-12 09:18:05"
3012,150282,fly,bee,0,1,,https://www.inaturalist.org/observations/173502153,"2025-05-12 09:24:05"
3015,150244,beetle,truebugs,0,1,,https://www.inaturalist.org/observations/173467839,"2025-05-12 09:27:05"
3016,150243,beetle,truebugs,0,1,,https://www.inaturalist.org/observations/173467398,"2025-05-12 09:27:05"
3017,150233,fly,bee,0,1,,https://www.inaturalist.org/observations/173464048,"2025-05-12 09:27:05"
3021,150162,grasshopper,leafhopper,0,1,,https://www.inaturalist.org/observations/173447484,"2025-05-12 09:27:05"
3022,150159,spider,truebugs,0,1,,https://www.inaturalist.org/observations/173445831,"2025-05-12 09:27:05"
3025,145092,moths,leafhopper,0,2,leafhopper,https://www.inaturalist.org/observations/169794151,"2025-04-21 09:57:06"
3026,139509,ant,bee,0,3,bee,https://www.inaturalist.org/observations/165943314,"2024-07-15 09:42:06"
3027,137716,ant,bee,0,2,bee,https://www.inaturalist.org/observations/164656848,"2024-07-01 09:39:05"
3028,136873,ant,bee,0,2,bee,https://www.inaturalist.org/observations/163807907,"2024-07-01 09:57:05"
3031,153010,bee,"bee (sawfly)",0,1,"bee (sawfly)",https://www.inaturalist.org/observations/175381708,"2025-05-12 08:30:05"
3032,152946,moths,fly,0,1,,https://www.inaturalist.org/observations/175370503,"2025-05-12 08:30:06"
3033,152450,other,Stylommatophora,0,0,Stylommatophora,https://www.inaturalist.org/observations/175197721,"2025-05-12 08:36:06"
3035,152364,unidentified,"leafhopper, Psocodea",0,1,,https://www.inaturalist.org/observations/175108984,"2025-05-12 08:39:05"
3038,152233,aphid,leafhopper,0,1,,https://www.inaturalist.org/observations/175042465,"2025-05-12 08:39:05"
3039,152198,beetle,Psocodea,0,1,,https://www.inaturalist.org/observations/175033705,"2025-05-12 08:42:05"
3040,152187,leafhopper,aphid,0,1,,https://www.inaturalist.org/observations/175031314,"2025-05-12 08:42:05"
3042,152111,fly,Psocodea,0,1,,https://www.inaturalist.org/observations/174933956,"2025-05-12 08:42:05"
3043,152090,unidentified,Neuroptera,0,0,Neuroptera,https://www.inaturalist.org/observations/174925640,"2025-05-12 08:45:05"
3046,152019,unidentified,leafhopper,0,1,leafhopper,https://www.inaturalist.org/observations/174904964,"2025-05-12 08:45:05"
3047,151927,other,Psocodea,0,0,Psocodea,https://www.inaturalist.org/observations/174886740,"2025-05-12 08:48:05"
3048,151872,bee,"bee (sawfly)",0,0,"bee (sawfly)",https://www.inaturalist.org/observations/174874452,"2025-05-12 08:51:06"
3049,151826,beetle,Psocodea,0,1,,https://www.inaturalist.org/observations/174861754,"2025-05-12 08:51:06"
3050,151803,leafhopper,aphid,0,1,,https://www.inaturalist.org/observations/174856957,"2025-05-12 08:51:06"
3053,151756,fly,truebugs,0,1,,https://www.inaturalist.org/observations/174712311,"2025-05-12 08:54:05"
3058,151590,fly,aphid,0,1,,https://www.inaturalist.org/observations/174517007,"2025-05-12 08:57:05"
3059,151440,bee,"bee (sawfly)",0,0,"bee (sawfly)",https://www.inaturalist.org/observations/174129678,"2025-05-12 09:00:06"
3062,154235,fly,Psocodea,0,1,,https://www.inaturalist.org/observations/176625792,"2025-05-26 09:45:05"
3063,153879,unidentified,grasshopper,0,0,grasshopper,https://www.inaturalist.org/observations/176433707,"2025-05-26 09:48:05"
3065,153650,fly,truebugs,0,2,truebugs,https://www.inaturalist.org/observations/176276552,"2025-05-26 09:48:05"
3067,153534,fly,Psocodea,0,2,Psocodea,https://www.inaturalist.org/observations/176171326,"2025-05-26 09:51:04"
3068,153531,unidentified,leafhopper,0,0,leafhopper,https://www.inaturalist.org/observations/176170401,"2025-05-26 09:51:04"
3069,153522,unidentified,leafhopper,0,0,leafhopper,https://www.inaturalist.org/observations/176166646,"2025-05-26 09:51:04"
3070,153517,fly,Psocodea,0,1,,https://www.inaturalist.org/observations/176164015,"2025-05-26 09:51:04"
3071,153514,fly,Psocodea,0,1,,https://www.inaturalist.org/observations/176162339,"2025-05-26 09:51:04"
3072,153455,fly,aphid,0,1,,https://www.inaturalist.org/observations/176093147,"2025-05-26 09:54:05"
3073,153311,grasshopper,fly,0,1,,https://www.inaturalist.org/observations/175938361,"2025-05-26 09:54:05"
3074,153308,other,Ephemeroptera,0,2,Ephemeroptera,https://www.inaturalist.org/observations/175937871,"2025-05-26 09:54:05"
3075,153302,fly,beetle,1,1,fly,https://www.inaturalist.org/observations/175934772,"2026-07-06 09:15:07"
3077,150563,unidentified,moths,0,0,moths,https://www.inaturalist.org/observations/173643250,"2025-05-12 09:18:05"
3079,155183,other,fly,0,1,fly,https://www.inaturalist.org/observations/178061929,"2025-05-26 09:36:05"
3083,154781,unidentified,truebugs,0,0,truebugs,https://www.inaturalist.org/observations/177532070,"2025-05-26 09:39:05"
3084,154772,unidentified,truebugs,0,0,truebugs,https://www.inaturalist.org/observations/177529723,"2025-05-26 09:39:05"
3085,154759,fly,moths,0,1,,https://www.inaturalist.org/observations/177526499,"2025-05-26 09:39:05"
3086,154755,unidentified,truebugs,0,0,truebugs,https://www.inaturalist.org/observations/177524527,"2025-05-26 09:39:05"
3089,155547,spider,aphid,0,1,,https://www.inaturalist.org/observations/178859946,"2025-05-26 09:30:06"
3097,153521,leafhopper,truebugs,1,1,leafhopper,https://www.inaturalist.org/observations/176166090,"2025-05-26 09:51:04"
3098,146080,other,aphid,0,1,aphid,https://www.inaturalist.org/observations/170317098,"2025-04-28 09:57:04"
3106,155549,beetle,leafhopper,0,2,leafhopper,https://www.inaturalist.org/observations/178871006,"2025-05-26 09:30:06"
3110,142195,bee,aphid,0,1,,https://www.inaturalist.org/observations/167715190,"2024-08-12 09:54:05"
3111,128613,grasshopper,moths,0,1,,https://www.inaturalist.org/observations/127383765,"2024-05-27 09:39:05"
3113,156269,ant,ant,0,2,ant,https://www.inaturalist.org/observations/181217312,"2025-05-26 09:21:05"
3114,156266,ant,ant,0,2,ant,https://www.inaturalist.org/observations/181215938,"2025-05-26 09:21:05"
3115,156257,unidentified,beetle,0,1,beetle,https://www.inaturalist.org/observations/181212763,"2025-05-26 09:21:05"
3118,156242,ant,ant,0,2,ant,https://www.inaturalist.org/observations/181206841,"2025-05-26 09:21:05"
3119,156220,ant,ant,0,1,,https://www.inaturalist.org/observations/181195588,"2025-05-26 09:21:05"
3121,156348,ant,bee,0,2,bee,https://www.inaturalist.org/observations/181731986,"2026-07-06 09:12:06"
3122,152745,unidentified,Neuroptera,0,1,Neuroptera,https://www.inaturalist.org/observations/175349972,"2025-05-12 08:33:05"
3123,152736,unidentified,truebugs,0,0,truebugs,https://www.inaturalist.org/observations/175347668,"2025-05-12 08:33:05"
3125,144438,other,"leafhopper, bee (sawfly)",0,1,,https://www.inaturalist.org/observations/169936994,"2025-04-21 09:51:06"
3126,139183,other,Blattodea,0,0,Blattodea,https://www.inaturalist.org/observations/165714928,"2024-07-15 09:51:06"
3127,149803,beetle,truebugs,0,1,,https://www.inaturalist.org/observations/172906298,"2025-05-12 09:36:06"
3128,149800,beetle,truebugs,0,1,,https://www.inaturalist.org/observations/172904846,"2025-05-12 09:36:06"
3135,156264,ant,ant,0,2,ant,https://www.inaturalist.org/observations/181215043,"2025-05-26 09:21:05"
3136,146991,grasshopper,bee,0,1,,https://www.inaturalist.org/observations/171208523,"2025-05-05 09:57:04"
3137,143323,grasshopper,truebugs,0,1,,https://www.inaturalist.org/observations/168543200,"2024-09-02 09:57:05"
3138,141103,grasshopper,truebugs,0,1,,https://www.inaturalist.org/observations/167242013,"2024-07-29 09:54:05"
3139,156986,other,Blattodea,0,1,Blattodea,https://www.inaturalist.org/observations/186238829,"2025-05-26 09:12:05"
3145,149693,grasshopper,truebugs,0,1,,https://www.inaturalist.org/observations/172883700,"2025-05-12 09:39:04"
3147,154298,other,Trombidiformes,0,0,Trombidiformes,https://www.inaturalist.org/observations/176766063,"2025-05-26 09:45:05"
3149,139107,unidentified,beetle,0,0,beetle,https://www.inaturalist.org/observations/165608009,"2024-07-15 09:54:06"
3154,152449,other,Entomobryomorpha,0,1,Entomobryomorpha,https://www.inaturalist.org/observations/175197420,"2026-07-06 09:18:06"
3155,147395,unidentified,truebugs,0,0,truebugs,https://www.inaturalist.org/observations/171405452,"2025-05-05 09:51:06"
3156,150265,bee,ant,0,2,ant,https://www.inaturalist.org/observations/173485200,"2025-05-12 09:24:05"
3157,155332,unidentified,truebugs,0,0,truebugs,https://www.inaturalist.org/observations/178576451,"2025-05-26 09:30:06"
3160,143661,unidentified,beetle,0,0,beetle,https://www.inaturalist.org/observations/168843980,"2024-12-30 09:57:06"
3161,143453,unidentified,truebugs,0,0,truebugs,https://www.inaturalist.org/observations/168663243,"2024-09-02 09:54:04"
3162,157112,unidentified,leafhopper,0,1,leafhopper,https://www.inaturalist.org/observations/190920704,"2025-05-26 09:09:05"
3166,157096,unidentified,aphid,0,1,aphid,https://www.inaturalist.org/observations/190917221,"2025-05-26 09:12:05"
3167,157091,unidentified,Neuroptera,0,1,Neuroptera,https://www.inaturalist.org/observations/190916124,"2025-05-26 09:12:05"
3168,157084,unidentified,truebugs,0,0,truebugs,https://www.inaturalist.org/observations/190914139,"2025-05-26 09:12:05"
3169,157078,unidentified,Psocodea,0,0,Psocodea,https://www.inaturalist.org/observations/190912836,"2025-05-26 09:12:05"
3170,157077,unidentified,aphid,0,0,aphid,https://www.inaturalist.org/observations/190912525,"2025-05-26 09:12:05"
3171,157068,unidentified,Archaeognatha,0,0,Archaeognatha,https://www.inaturalist.org/observations/190910797,"2025-05-26 09:12:05"
3172,156354,unidentified,Psocodea,0,0,Psocodea,https://www.inaturalist.org/observations/181733616,"2025-05-26 09:18:05"
3173,155554,bee,leafhopper,0,3,leafhopper,https://www.inaturalist.org/observations/178883599,"2025-05-26 09:27:05"
3174,152792,unidentified,leafhopper,0,1,leafhopper,https://www.inaturalist.org/observations/175355054,"2025-05-12 08:33:05"
3175,152750,unidentified,fly,0,1,fly,https://www.inaturalist.org/observations/175351207,"2025-05-12 08:33:05"
3176,148979,fly,bee,0,1,,https://www.inaturalist.org/observations/172523475,"2025-05-12 09:51:05"
3177,148685,fly,leafhopper,0,1,,https://www.inaturalist.org/observations/172408947,"2025-05-12 09:57:05"
3179,148017,unidentified,aphid,0,0,aphid,https://www.inaturalist.org/observations/171749981,"2025-05-05 09:39:05"
3180,148001,grasshopper,truebugs,0,1,,https://www.inaturalist.org/observations/171740589,"2025-05-05 09:39:05"
3181,146254,other,leafhopper,0,1,,https://www.inaturalist.org/observations/170759161,"2025-04-28 09:54:04"
3182,146265,other,leafhopper,0,0,leafhopper,https://www.inaturalist.org/observations/170758036,"2025-04-28 09:54:04"
3183,146264,other,leafhopper,0,0,leafhopper,https://www.inaturalist.org/observations/170757330,"2025-04-28 09:54:04"
3184,146543,unidentified,beetle,0,2,beetle,https://www.inaturalist.org/observations/170501765,"2025-04-28 09:54:04"
3185,140553,unidentified,aphid,0,1,aphid,https://www.inaturalist.org/observations/166504810,"2024-07-22 09:42:06"
3186,134964,fly,Psocodea,0,1,,https://www.inaturalist.org/observations/161991685,"2024-06-17 09:42:06"
3189,150169,bee,fly,0,1,,https://www.inaturalist.org/observations/173450280,"2025-05-12 09:27:05"
3190,143030,fly,bee,0,1,,https://www.inaturalist.org/observations/168491229,"2024-08-26 09:54:05"
3191,142139,fly,aphid,0,1,,https://www.inaturalist.org/observations/167698630,"2024-08-12 09:57:04"
3192,140812,fly,aphid,0,1,,https://www.inaturalist.org/observations/167083487,"2024-07-22 09:36:06"
3193,140312,fly,truebugs,0,1,,https://www.inaturalist.org/observations/166481835,"2024-07-22 09:42:06"
3194,138893,fly,Plecoptera,0,1,,https://www.inaturalist.org/observations/165193394,"2024-07-15 09:57:06"
3195,133528,fly,aphid,0,1,,https://www.inaturalist.org/observations/159729159,"2024-06-10 09:24:05"
3198,156503,aphid,truebugs,0,1,,https://www.inaturalist.org/observations/182211291,"2025-05-26 09:18:05"
3200,155482,aphid,leafhopper,0,2,leafhopper,https://www.inaturalist.org/observations/178847810,"2025-05-26 09:30:06"
3202,152127,aphid,truebugs,0,1,,https://www.inaturalist.org/observations/174939381,"2025-05-12 08:42:05"
3203,149558,aphid,truebugs,0,1,,https://www.inaturalist.org/observations/172854817,"2025-05-12 09:42:05"
3204,147941,aphid,beetle,0,1,,https://www.inaturalist.org/observations/171602054,"2025-05-05 09:39:05"
3205,147907,aphid,Psocodea,0,1,,https://www.inaturalist.org/observations/171596987,"2025-05-05 09:39:05"
3207,147677,aphid,truebugs,0,1,,https://www.inaturalist.org/observations/171566119,"2025-05-05 09:45:04"
3208,145424,aphid,truebugs,0,1,,https://www.inaturalist.org/observations/169952104,"2025-04-21 09:48:06"
3209,145397,aphid,Psocodea,0,1,,https://www.inaturalist.org/observations/169943637,"2025-04-21 09:51:06"
3210,144126,aphid,Psocodea,0,1,,https://www.inaturalist.org/observations/169048918,"2025-04-07 09:51:04"
3211,144058,aphid,Psocodea,0,1,,https://www.inaturalist.org/observations/169031210,"2025-04-07 09:54:04"
3212,143553,aphid,truebugs,0,1,,https://www.inaturalist.org/observations/168824821,"2024-09-23 09:57:05"
3213,143552,aphid,truebugs,0,1,,https://www.inaturalist.org/observations/168824488,"2024-09-23 09:57:05"
3216,136960,bee,"bee (sawfly)",0,1,,https://www.inaturalist.org/observations/163820523,"2024-07-01 09:54:06"
3217,122804,bee,ant,1,2,,https://www.inaturalist.org/observations/124290116,"2024-05-06 09:54:04"
3218,122772,bee,ant,1,1,bee,https://www.inaturalist.org/observations/124285829,"2024-05-06 09:54:04"
3220,157114,unidentified,Psocodea,0,0,Psocodea,https://www.inaturalist.org/observations/190921138,"2025-05-26 09:09:05"
3221,156799,beetle,Psocodea,0,1,,https://www.inaturalist.org/observations/185152591,"2025-05-26 09:15:05"
3222,156796,aphid,Psocodea,0,1,,https://www.inaturalist.org/observations/185151867,"2025-05-26 09:15:05"
3223,156792,beetle,truebugs,0,1,,https://www.inaturalist.org/observations/185150793,"2025-05-26 09:15:05"
3224,156353,unidentified,Psocodea,0,0,Psocodea,https://www.inaturalist.org/observations/181733241,"2025-05-26 09:18:05"
3225,156342,unidentified,aphid,0,1,aphid,https://www.inaturalist.org/observations/181729896,"2025-05-26 09:18:05"
3226,156336,unidentified,Psocodea,0,0,Psocodea,https://www.inaturalist.org/observations/181728185,"2025-05-26 09:18:05"
3227,156335,unidentified,Psocodea,0,0,Psocodea,https://www.inaturalist.org/observations/181727842,"2025-05-26 09:18:05"
3228,156331,unidentified,Psocodea,0,0,Psocodea,https://www.inaturalist.org/observations/181726772,"2025-05-26 09:18:05"
3229,156325,unidentified,fly,0,0,fly,https://www.inaturalist.org/observations/181724912,"2025-05-26 09:18:05"
3230,156321,unidentified,truebugs,0,0,truebugs,https://www.inaturalist.org/observations/181723840,"2025-05-26 09:21:05"
3231,156262,other,truebugs,0,0,truebugs,https://www.inaturalist.org/observations/181214108,"2025-05-26 09:21:05"
3232,156246,unidentified,Thysanoptera,0,0,Thysanoptera,https://www.inaturalist.org/observations/181208877,"2025-05-26 09:21:05"
3233,156238,unidentified,truebugs,0,0,truebugs,https://www.inaturalist.org/observations/181205269,"2025-05-26 09:21:05"
3234,156100,leafhopper,aphid,0,1,,https://www.inaturalist.org/observations/179992670,"2025-05-26 09:24:06"
3235,155572,bee,fly,0,1,,https://www.inaturalist.org/observations/178914477,"2025-05-26 09:27:05"
3237,155541,bee,Psocodea,0,1,,https://www.inaturalist.org/observations/178856840,"2025-05-26 09:30:06"
3238,155540,bee,fly,0,1,,https://www.inaturalist.org/observations/178856454,"2025-05-26 09:30:06"
3240,155184,leafhopper,fly,0,1,,https://www.inaturalist.org/observations/178263364,"2025-05-26 09:36:05"
3241,155163,unidentified,beetle,0,0,beetle,https://www.inaturalist.org/observations/178041704,"2025-05-26 09:36:05"
3242,155152,bee,leafhopper,0,1,,https://www.inaturalist.org/observations/177854538,"2025-05-26 09:36:05"
3243,154743,unidentified,"beetle, leafhopper",0,1,,https://www.inaturalist.org/observations/177518500,"2025-05-26 09:39:05"
3244,154418,caterpillar,fly,0,1,,https://www.inaturalist.org/observations/177165720,"2025-05-26 09:42:05"
3245,154411,leafhopper,Neuroptera,0,3,Neuroptera,https://www.inaturalist.org/observations/177163223,"2025-05-26 09:42:05"
3246,154011,leafhopper,moths,0,1,,https://www.inaturalist.org/observations/176590806,"2025-05-26 09:45:05"
3248,152064,beetle,leafhopper,0,1,,https://www.inaturalist.org/observations/175707756,"2025-05-26 09:57:05"
3253,151538,bee,ant,0,2,ant,https://www.inaturalist.org/observations/174137689,"2025-05-12 09:00:06"
3255,150599,leafhopper,aphid,0,1,,https://www.inaturalist.org/observations/173656774,"2025-05-12 09:15:06"
3256,150341,beetle,Psocodea,0,1,,https://www.inaturalist.org/observations/173595301,"2025-05-12 09:24:05"
3258,148007,unidentified,Neuroptera,0,0,Neuroptera,https://www.inaturalist.org/observations/171745119,"2025-05-05 09:39:05"
3261,147035,other,Psocodea,0,1,,https://www.inaturalist.org/observations/171223169,"2025-05-05 09:57:04"
3262,147026,truebugs,truebugs,0,2,truebugs,https://www.inaturalist.org/observations/171220696,"2025-05-05 09:57:04"
3263,146905,other,Psocodea,0,0,Psocodea,https://www.inaturalist.org/observations/171037127,"2025-04-28 09:48:04"
3265,146278,unidentified,leafhopper,0,0,leafhopper,https://www.inaturalist.org/observations/170758783,"2025-04-28 09:54:04"
3266,146253,leafhopper,Psocodea,0,1,,https://www.inaturalist.org/observations/170755053,"2025-04-28 09:54:04"
3267,146104,other,truebugs,0,1,truebugs,https://www.inaturalist.org/observations/170322335,"2026-07-06 09:27:06"
3268,146073,unidentified,beetle,0,0,beetle,https://www.inaturalist.org/observations/170314673,"2025-04-28 09:57:04"
3269,145945,leafhopper,Trichoptera,0,1,,https://www.inaturalist.org/observations/170289131,"2025-04-21 09:42:05"
3270,145673,leafhopper,leafhopper,0,2,leafhopper,https://www.inaturalist.org/observations/170106901,"2025-04-21 09:45:05"
3271,145439,beetle,truebugs,0,1,,https://www.inaturalist.org/observations/169955875,"2025-04-21 09:48:06"
3272,144962,leafhopper,aphid,0,1,,https://www.inaturalist.org/observations/169765188,"2025-04-14 09:48:04"
3273,144599,leafhopper,aphid,0,1,,https://www.inaturalist.org/observations/169256192,"2025-04-14 09:54:04"
3274,144591,leafhopper,beetle,0,1,,https://www.inaturalist.org/observations/169252839,"2025-04-14 09:54:04"
3275,144579,leafhopper,Psocodea,0,1,,https://www.inaturalist.org/observations/169247644,"2025-04-14 09:54:04"
3281,142260,other,Neuroptera,0,0,Neuroptera,https://www.inaturalist.org/observations/167727329,"2024-08-12 09:54:05"
3282,142175,beetle,leafhopper,0,1,,https://www.inaturalist.org/observations/167708528,"2024-08-12 09:57:04"
3283,142156,beetle,truebugs,0,1,,https://www.inaturalist.org/observations/167703983,"2024-08-12 09:57:04"
3285,141454,beetle,truebugs,0,1,,https://www.inaturalist.org/observations/167362222,"2024-07-29 09:48:05"
3286,140861,beetle,Psocodea,0,1,,https://www.inaturalist.org/observations/167193366,"2024-07-22 09:33:07"
3289,139549,bee,aphid,0,1,,https://www.inaturalist.org/observations/165953068,"2024-07-15 09:39:05"
3290,138915,bee,Plecoptera,0,1,,https://www.inaturalist.org/observations/165199506,"2024-07-15 09:57:06"
3291,138253,bee,"bee (sawfly)",0,0,"bee (sawfly)",https://www.inaturalist.org/observations/164982224,"2024-07-08 09:51:05"
3292,137769,bee,"bee (sawfly)",0,1,,https://www.inaturalist.org/observations/164666501,"2024-07-01 09:36:05"
3294,135459,bee,"bee (sawfly)",0,0,"bee (sawfly)",https://www.inaturalist.org/observations/162476143,"2024-06-17 09:30:08"
3295,135457,bee,"bee (sawfly)",0,0,"bee (sawfly)",https://www.inaturalist.org/observations/162475688,"2024-06-17 09:30:08"
3296,134817,bee,"bee (sawfly)",0,0,"bee (sawfly)",https://www.inaturalist.org/observations/161852471,"2024-06-17 09:45:07"
3297,134089,bee,"bee (sawfly)",0,1,,https://www.inaturalist.org/observations/159769595,"2024-06-17 09:57:07"
3298,127188,bee,"bee (sawfly)",0,1,,https://www.inaturalist.org/observations/126686015,"2024-05-20 09:36:05"
3299,127187,bee,"bee (sawfly)",0,1,,https://www.inaturalist.org/observations/126685376,"2024-05-20 09:36:05"
3300,124982,bee,"bee (sawfly)",0,1,,https://www.inaturalist.org/observations/125973510,"2024-05-20 09:57:05"
3301,125667,bee,ant,0,1,,https://www.inaturalist.org/observations/125923006,"2024-05-13 09:36:04"
3302,123783,bee,ant,0,1,,https://www.inaturalist.org/observations/124929018,"2024-05-06 09:45:04"
3303,150151,bee,fly,0,1,,https://www.inaturalist.org/observations/173436540,"2025-05-12 09:30:06"
3304,129470,bee,"bee (sawfly)",0,1,,https://www.inaturalist.org/observations/128159766,"2024-05-27 09:30:07"
3305,126718,bee,fly,0,1,,https://www.inaturalist.org/observations/126335769,"2024-05-20 09:45:05"
3306,157203,fly,Psocodea,0,1,,https://www.inaturalist.org/observations/206802637,"2025-05-26 09:09:05"
3311,157216,fly,aphid,0,1,,https://www.inaturalist.org/observations/207798791,"2025-05-26 09:09:05"
3314,157424,unidentified,fly,0,2,fly,https://www.inaturalist.org/observations/213707524,"2026-07-06 09:09:06"
3316,157274,other,beetle,0,0,beetle,https://www.inaturalist.org/observations/209678892,"2025-05-26 09:09:05"
3317,158392,unidentified,fly,0,1,fly,https://www.inaturalist.org/observations/215284518,"2025-06-02 09:39:04"
3324,158014,unidentified,truebugs,0,0,truebugs,https://www.inaturalist.org/observations/214481868,"2025-06-02 09:48:05"
3325,157648,other,Trichoptera,0,1,,https://www.inaturalist.org/observations/214179944,"2025-06-02 09:54:05"
3326,157644,other,Entomobryomorpha,0,0,Entomobryomorpha,https://www.inaturalist.org/observations/214179007,"2025-06-02 09:54:05"
3329,152046,other,Stylommatophora,0,0,Stylommatophora,https://www.inaturalist.org/observations/174907224,"2025-05-12 08:45:05"
3331,159721,moths,Trichoptera,0,1,,https://www.inaturalist.org/observations/216852523,"2025-06-02 09:15:05"
3334,159399,unidentified,aphid,0,1,aphid,https://www.inaturalist.org/observations/216334419,"2025-06-02 09:21:05"
3335,159388,truebugs,Phasmida,0,1,,https://www.inaturalist.org/observations/216330755,"2025-06-02 09:21:05"
3337,159139,bee,"bee (sawfly)",0,0,"bee (sawfly)",https://www.inaturalist.org/observations/216137167,"2025-06-02 09:27:05"
3338,159073,fly,aphid,0,1,,https://www.inaturalist.org/observations/216108744,"2025-06-02 09:27:05"
3339,159068,fly,Plecoptera,0,1,,https://www.inaturalist.org/observations/216107514,"2025-06-02 09:27:05"
3340,158853,fly,Psocodea,0,1,,https://www.inaturalist.org/observations/215911423,"2025-06-02 09:33:05"
3341,158762,bee,"bee (sawfly)",0,1,,https://www.inaturalist.org/observations/215744996,"2025-06-02 09:33:05"
3342,158714,unidentified,beetle,0,2,beetle,https://www.inaturalist.org/observations/215570057,"2025-06-02 09:36:05"
3343,158713,unidentified,beetle,0,2,beetle,https://www.inaturalist.org/observations/215569556,"2025-06-02 09:36:05"
3345,158563,other,Ephemeroptera,0,1,Ephemeroptera,https://www.inaturalist.org/observations/215500287,"2025-06-02 09:36:05"
3346,158501,other,Plecoptera,0,2,Plecoptera,https://www.inaturalist.org/observations/215490414,"2025-06-02 09:39:04"
3348,158037,unidentified,truebugs,0,0,truebugs,https://www.inaturalist.org/observations/214578073,"2025-06-02 09:48:05"
3349,157921,other,leafhopper,0,0,leafhopper,https://www.inaturalist.org/observations/214399853,"2025-06-02 09:48:05"
3350,161543,unidentified,beetle,0,0,beetle,https://www.inaturalist.org/observations/218368197,"2025-06-09 09:45:04"
3353,161335,unidentified,Neuroptera,0,1,Neuroptera,https://www.inaturalist.org/observations/218112953,"2025-06-09 09:48:04"
3357,161180,other,Stylommatophora,0,0,Stylommatophora,https://www.inaturalist.org/observations/217899193,"2025-06-09 09:51:04"
3363,160767,fly,Psocodea,0,3,Psocodea,https://www.inaturalist.org/observations/217683037,"2026-07-06 09:06:06"
3366,160277,leafhopper,aphid,0,1,,https://www.inaturalist.org/observations/217326621,"2025-06-02 09:06:05"
3368,164242,unidentified,truebugs,0,0,truebugs,https://www.inaturalist.org/observations/220100079,"2025-06-09 09:12:05"
3370,164071,other,Entomobryomorpha,0,0,Entomobryomorpha,https://www.inaturalist.org/observations/219814317,"2025-06-09 09:12:05"
3372,163289,unidentified,bee,0,0,bee,https://www.inaturalist.org/observations/219631519,"2025-06-09 09:12:05"
3373,163288,unidentified,aphid,0,1,aphid,https://www.inaturalist.org/observations/219631123,"2025-06-09 09:12:05"
3374,163895,bee,"bee (sawfly)",0,1,,https://www.inaturalist.org/observations/219599172,"2025-06-09 09:15:05"
3377,163615,caterpillar,"bee (sawfly)",0,2,"bee (sawfly)",https://www.inaturalist.org/observations/219562316,"2025-06-09 09:15:05"
3378,163579,beetle,truebugs,0,2,truebugs,https://www.inaturalist.org/observations/219557353,"2025-06-09 09:15:05"
3383,163245,unidentified,truebugs,0,0,truebugs,https://www.inaturalist.org/observations/219424124,"2025-06-09 09:21:05"
3384,163235,caterpillar,"bee (sawfly)",0,2,"bee (sawfly)",https://www.inaturalist.org/observations/219410183,"2025-06-09 09:21:05"
3385,163234,caterpillar,"bee (sawfly)",0,2,"bee (sawfly)",https://www.inaturalist.org/observations/219409281,"2025-06-09 09:21:05"
3386,163230,caterpillar,"bee (sawfly)",0,2,"bee (sawfly)",https://www.inaturalist.org/observations/219406688,"2025-06-09 09:21:05"
3388,163221,caterpillar,"bee (sawfly)",0,2,"bee (sawfly)",https://www.inaturalist.org/observations/219399856,"2025-06-09 09:21:05"
3389,163215,caterpillar,"bee (sawfly)",0,2,"bee (sawfly)",https://www.inaturalist.org/observations/219395261,"2025-06-09 09:21:05"
3390,163207,caterpillar,"bee (sawfly)",0,2,"bee (sawfly)",https://www.inaturalist.org/observations/219392842,"2025-06-09 09:24:05"
3392,162855,other,Psocodea,0,1,Psocodea,https://www.inaturalist.org/observations/219309055,"2025-06-09 09:27:05"
3394,162418,other,Spirobolida,0,1,Spirobolida,https://www.inaturalist.org/observations/219157329,"2025-06-09 09:30:06"
3400,161759,caterpillar,"bee (sawfly)",0,2,"bee (sawfly)",https://www.inaturalist.org/observations/218704059,"2025-06-09 09:39:04"
3401,161758,caterpillar,"bee (sawfly)",0,2,"bee (sawfly)",https://www.inaturalist.org/observations/218703292,"2025-06-09 09:39:04"
3402,161757,caterpillar,"bee (sawfly)",0,2,"bee (sawfly)",https://www.inaturalist.org/observations/218702537,"2025-06-09 09:39:04"
3405,161733,truebugs,leafhopper,0,1,,https://www.inaturalist.org/observations/218691449,"2025-06-09 09:42:04"
3406,161712,caterpillar,"bee (sawfly)",0,2,"bee (sawfly)",https://www.inaturalist.org/observations/218687050,"2025-06-09 09:42:04"
3409,161675,caterpillar,"bee (sawfly)",0,2,"bee (sawfly)",https://www.inaturalist.org/observations/218674836,"2025-06-09 09:42:04"
3412,161620,other,Polydesmida,0,1,Polydesmida,https://www.inaturalist.org/observations/218637113,"2025-06-09 09:42:04"
3413,161454,unidentified,truebugs,0,0,truebugs,https://www.inaturalist.org/observations/218142064,"2025-06-09 09:48:04"
3414,161421,beetle,truebugs,0,2,truebugs,https://www.inaturalist.org/observations/218136897,"2025-06-09 09:48:04"
3415,161394,unidentified,"fly, bee",0,1,,https://www.inaturalist.org/observations/218127758,"2025-06-09 09:48:04"
3416,161265,other,truebugs,0,1,truebugs,https://www.inaturalist.org/observations/217913368,"2025-06-09 09:51:04"
3419,166440,beetle,leafhopper,0,2,leafhopper,https://www.inaturalist.org/observations/221422541,"2025-06-16 09:45:06"
3423,166165,spider,beetle,0,2,beetle,https://www.inaturalist.org/observations/221122262,"2025-06-16 09:51:04"
3424,165280,bee,ant,0,1,,https://www.inaturalist.org/observations/220910032,"2025-06-16 09:57:05"
3427,165064,bee,ant,0,1,,https://www.inaturalist.org/observations/220685895,"2025-06-09 09:00:06"
3428,164845,bee,caterpillar,0,2,caterpillar,https://www.inaturalist.org/observations/220489316,"2025-06-09 09:03:04"
3429,164359,unidentified,Entomobryomorpha,0,1,Entomobryomorpha,https://www.inaturalist.org/observations/220245490,"2026-07-06 09:00:06"
3430,164318,leafhopper,aphid,0,1,,https://www.inaturalist.org/observations/220239928,"2025-06-09 09:09:05"
3433,162590,fly,"Mecoptera, Trichoptera",0,5,Mecoptera,https://www.inaturalist.org/observations/219182962,"2025-06-09 09:27:05"
3434,162516,aphid,Psocodea,0,2,Psocodea,https://www.inaturalist.org/observations/219170824,"2025-06-09 09:27:05"
3436,162268,fly,Psocodea,0,2,Psocodea,https://www.inaturalist.org/observations/219116842,"2025-06-09 09:33:04"
3437,161835,other,"Trichoptera, Plecoptera",0,2,Trichoptera,https://www.inaturalist.org/observations/218887731,"2025-06-09 09:39:04"
3438,147286,other,Trichoptera,0,1,Trichoptera,https://www.inaturalist.org/observations/171387791,"2025-05-05 09:51:06"
3439,168832,other,Polydesmida,0,1,Polydesmida,https://www.inaturalist.org/observations/222955536,"2025-06-16 09:06:06"
3443,168749,unidentified,grasshopper,0,1,grasshopper,https://www.inaturalist.org/observations/222902771,"2025-06-16 09:09:06"
3444,168722,aphid,truebugs,0,1,,https://www.inaturalist.org/observations/222895083,"2025-06-16 09:09:06"
3445,168545,truebugs,leafhopper,0,2,leafhopper,https://www.inaturalist.org/observations/222740378,"2025-06-16 09:12:05"
3446,167833,bee,moths,0,2,moths,https://www.inaturalist.org/observations/222687970,"2025-06-16 09:12:05"
3447,168397,bee,ant,0,1,,https://www.inaturalist.org/observations/222660524,"2025-06-16 09:15:06"
3449,168381,bee,ant,0,1,,https://www.inaturalist.org/observations/222654489,"2025-06-16 09:15:06"
3451,168306,aphid,leafhopper,0,1,,https://www.inaturalist.org/observations/222636288,"2025-06-16 09:15:06"
3452,168267,aphid,leafhopper,0,1,,https://www.inaturalist.org/observations/222506059,"2025-06-16 09:18:05"
3454,168096,bee,ant,0,1,,https://www.inaturalist.org/observations/222463298,"2025-06-16 09:18:05"
3456,168035,fly,Psocodea,0,3,Psocodea,https://www.inaturalist.org/observations/222455764,"2026-07-06 08:57:05"
3457,167954,beetle,Psocodea,0,2,Psocodea,https://www.inaturalist.org/observations/222433547,"2025-06-16 09:21:06"
3458,167886,unidentified,truebugs,0,0,truebugs,https://www.inaturalist.org/observations/222349973,"2025-06-09 08:24:04"
3460,167883,unidentified,Psocodea,0,2,Psocodea,https://www.inaturalist.org/observations/222348669,"2025-06-16 09:24:05"
3461,167861,unidentified,fly,0,0,fly,https://www.inaturalist.org/observations/222344971,"2025-06-09 08:24:04"
3462,167848,unidentified,aphid,0,1,aphid,https://www.inaturalist.org/observations/222342475,"2025-06-16 09:24:05"
3466,167746,truebugs,beetle,0,1,,https://www.inaturalist.org/observations/222311528,"2025-06-16 09:24:06"
3468,167680,bee,moths,0,2,moths,https://www.inaturalist.org/observations/222300603,"2025-06-16 09:27:06"
3469,167678,aphid,truebugs,0,1,,https://www.inaturalist.org/observations/222299539,"2025-06-16 09:27:06"
3472,167477,bee,ant,0,1,,https://www.inaturalist.org/observations/222258298,"2025-06-16 09:30:07"
3473,167368,other,"truebugs, Neuroptera",0,2,truebugs,https://www.inaturalist.org/observations/222234961,"2025-06-16 09:33:05"
3475,167260,aphid,leafhopper,0,1,,https://www.inaturalist.org/observations/222111263,"2025-06-16 09:33:05"
3477,166890,other,Plecoptera,0,1,Plecoptera,https://www.inaturalist.org/observations/222028668,"2025-06-16 09:39:07"
3479,166741,bee,fly,0,3,fly,https://www.inaturalist.org/observations/221853058,"2026-07-06 08:57:05"
3483,166700,unidentified,leafhopper,0,0,leafhopper,https://www.inaturalist.org/observations/221843972,"2025-06-09 08:42:05"
3484,166593,other,Entomobryomorpha,0,0,Entomobryomorpha,https://www.inaturalist.org/observations/221815330,"2025-06-09 08:45:04"
3485,166592,other,Entomobryomorpha,0,0,Entomobryomorpha,https://www.inaturalist.org/observations/221814719,"2025-06-09 08:45:04"
3486,166556,other,Entomobryomorpha,0,0,Entomobryomorpha,https://www.inaturalist.org/observations/221812672,"2025-06-09 08:45:04"
3488,166535,other,Entomobryomorpha,0,1,Entomobryomorpha,https://www.inaturalist.org/observations/221808354,"2026-07-06 08:57:05"
3490,166134,aphid,leafhopper,0,1,,https://www.inaturalist.org/observations/221206909,"2025-06-16 09:48:05"
3491,166071,aphid,leafhopper,0,2,leafhopper,https://www.inaturalist.org/observations/221194948,"2026-07-06 09:00:06"
3493,166251,aphid,truebugs,0,1,,https://www.inaturalist.org/observations/221134815,"2025-06-16 09:48:05"
3494,164241,unidentified,beetle,0,1,beetle,https://www.inaturalist.org/observations/220099495,"2025-06-09 09:12:05"
3495,163744,aphid,truebugs,0,2,truebugs,https://www.inaturalist.org/observations/219568334,"2025-06-09 09:15:05"
3496,163241,aphid,truebugs,0,2,truebugs,https://www.inaturalist.org/observations/219422077,"2025-06-09 09:21:05"
3497,162217,aphid,Psocodea,0,2,Psocodea,https://www.inaturalist.org/observations/219102093,"2025-06-09 09:36:04"
3499,159071,aphid,beetle,0,1,,https://www.inaturalist.org/observations/216108356,"2025-06-02 09:27:05"
3500,156092,aphid,moths,0,1,,https://www.inaturalist.org/observations/179984423,"2025-05-26 09:24:06"
3501,154420,aphid,leafhopper,0,1,,https://www.inaturalist.org/observations/177166525,"2025-05-26 09:42:05"
3502,154137,aphid,leafhopper,0,1,,https://www.inaturalist.org/observations/176607569,"2025-05-26 09:45:05"
3503,153503,unidentified,truebugs,0,0,truebugs,https://www.inaturalist.org/observations/176156823,"2025-05-26 09:51:04"
3505,151588,aphid,beetle,0,1,,https://www.inaturalist.org/observations/174515584,"2025-05-12 08:57:05"
3506,151338,aphid,Psocodea,0,1,,https://www.inaturalist.org/observations/174103258,"2025-05-12 09:03:05"
3507,151244,other,moths,0,3,moths,https://www.inaturalist.org/observations/174088368,"2026-07-06 09:18:06"
3509,150823,aphid,beetle,0,1,,https://www.inaturalist.org/observations/173823343,"2025-05-12 09:12:05"
3511,150746,aphid,truebugs,0,1,,https://www.inaturalist.org/observations/173776931,"2025-05-12 09:12:05"
3512,148664,aphid,truebugs,0,2,truebugs,https://www.inaturalist.org/observations/172401915,"2026-07-06 09:24:06"
3513,146270,aphid,leafhopper,0,1,,https://www.inaturalist.org/observations/170764383,"2025-04-28 09:54:04"
3514,146163,aphid,leafhopper,0,1,,https://www.inaturalist.org/observations/170763312,"2025-04-28 09:54:04"
3515,144610,aphid,leafhopper,0,1,,https://www.inaturalist.org/observations/169261118,"2025-04-14 09:54:04"
3516,143497,aphid,beetle,0,1,,https://www.inaturalist.org/observations/168674822,"2024-09-09 09:57:04"
3517,141670,aphid,leafhopper,0,1,,https://www.inaturalist.org/observations/167432383,"2024-08-05 09:54:06"
3518,141144,aphid,truebugs,0,1,,https://www.inaturalist.org/observations/167247801,"2024-07-29 09:54:05"
3519,137440,truebugs,aphid,0,1,,https://www.inaturalist.org/observations/164028746,"2024-07-01 09:45:07"
3520,135085,unidentified,aphid,0,0,aphid,https://www.inaturalist.org/observations/162210541,"2024-06-17 09:39:07"
3521,171334,unidentified,fly,0,2,fly,https://www.inaturalist.org/observations/224677554,"2025-06-23 09:24:04"
3522,171333,other,truebugs,0,2,truebugs,https://www.inaturalist.org/observations/224676841,"2026-07-06 08:54:06"
3525,171117,truebugs,Psocodea,0,2,Psocodea,https://www.inaturalist.org/observations/224410765,"2025-06-23 09:30:06"
3528,171107,other,leafhopper,0,2,leafhopper,https://www.inaturalist.org/observations/224277365,"2026-07-06 08:54:06"
3531,171076,unidentified,moths,0,0,moths,https://www.inaturalist.org/observations/224233184,"2025-06-09 07:39:04"
3532,170999,aphid,leafhopper,0,1,,https://www.inaturalist.org/observations/224202278,"2025-06-23 09:33:06"
3534,170631,unidentified,truebugs,0,1,truebugs,https://www.inaturalist.org/observations/224167037,"2025-06-23 09:36:06"
3536,170776,aphid,leafhopper,0,1,,https://www.inaturalist.org/observations/224071840,"2025-06-23 09:39:05"
3537,170779,aphid,leafhopper,0,1,,https://www.inaturalist.org/observations/224069055,"2025-06-23 09:39:05"
3540,170447,fly,Neuroptera,0,2,Neuroptera,https://www.inaturalist.org/observations/223975777,"2025-06-23 09:39:05"
3542,170420,fly,Psocodea,0,3,Psocodea,https://www.inaturalist.org/observations/223968287,"2025-06-23 09:39:05"
3543,170407,ant,bee,0,1,,https://www.inaturalist.org/observations/223967274,"2025-06-23 09:39:05"
3544,170406,bee,ant,0,1,,https://www.inaturalist.org/observations/223966772,"2025-06-23 09:39:05"
3548,170210,unidentified,Ixodida,0,0,Ixodida,https://www.inaturalist.org/observations/223857107,"2025-06-09 07:48:05"
3549,170050,caterpillar,"bee (sawfly)",0,2,"bee (sawfly)",https://www.inaturalist.org/observations/223798045,"2025-06-23 09:45:06"
3550,169951,truebugs,Psocodea,0,2,Psocodea,https://www.inaturalist.org/observations/223768619,"2025-06-23 09:48:06"
3552,169897,fly,Psocodea,0,2,Psocodea,https://www.inaturalist.org/observations/223756104,"2025-06-23 09:48:06"
3553,169891,ant,Psocodea,0,2,Psocodea,https://www.inaturalist.org/observations/223752968,"2025-06-23 09:48:06"
3554,169871,bee,ant,0,1,,https://www.inaturalist.org/observations/223748469,"2025-06-23 09:48:06"
3556,169337,caterpillar,caterpillar,0,1,caterpillar,https://www.inaturalist.org/observations/223625873,"2025-06-23 09:48:06"
3558,169676,other,Entomobryomorpha,0,0,Entomobryomorpha,https://www.inaturalist.org/observations/223617120,"2025-06-09 07:57:05"
3559,169675,other,Entomobryomorpha,0,0,Entomobryomorpha,https://www.inaturalist.org/observations/223616524,"2025-06-09 07:57:05"
3560,169664,unidentified,truebugs,0,0,truebugs,https://www.inaturalist.org/observations/223597441,"2025-06-09 07:57:05"
3561,169560,aphid,leafhopper,0,1,,https://www.inaturalist.org/observations/223568371,"2025-06-23 09:51:04"
3563,169346,bee,ant,0,1,,https://www.inaturalist.org/observations/223538457,"2025-06-23 09:54:06"
3564,169087,bee,aphid,0,2,aphid,https://www.inaturalist.org/observations/223342234,"2025-06-23 09:57:04"
3565,168828,aphid,Psocodea,0,1,,https://www.inaturalist.org/observations/222950506,"2025-06-16 09:09:06"
3567,161528,fly,Psocodea,0,2,Psocodea,https://www.inaturalist.org/observations/218186292,"2025-06-09 09:45:04"
3571,173413,unidentified,"bee, fly",0,4,bee,https://www.inaturalist.org/observations/225910555,"2025-06-23 08:57:04"
3574,172715,caterpillar,"bee (sawfly)",0,2,"bee (sawfly)",https://www.inaturalist.org/observations/225573587,"2025-06-23 09:03:06"
3578,172872,other,truebugs,0,2,truebugs,https://www.inaturalist.org/observations/225511158,"2025-06-23 09:06:06"
3579,172866,other,grasshopper,0,2,grasshopper,https://www.inaturalist.org/observations/225510732,"2025-06-23 09:06:06"
3580,172745,caterpillar,leafhopper,0,2,leafhopper,https://www.inaturalist.org/observations/225494951,"2025-06-23 09:06:06"
3581,172581,leafhopper,Psocodea,0,2,Psocodea,https://www.inaturalist.org/observations/225356014,"2025-06-23 09:09:04"
3583,172347,caterpillar,"bee (sawfly)",0,2,"bee (sawfly)",https://www.inaturalist.org/observations/225337412,"2025-06-23 09:12:06"
3584,172333,fly,truebugs,0,2,truebugs,https://www.inaturalist.org/observations/225334675,"2025-06-23 09:12:06"
3585,171615,unidentified,beetle,0,2,beetle,https://www.inaturalist.org/observations/224910355,"2025-06-23 09:21:05"
3589,168249,bee,"truebugs, leafhopper",0,2,,https://www.inaturalist.org/observations/224881932,"2025-06-23 09:24:04"
3590,171469,aphid,leafhopper,0,2,leafhopper,https://www.inaturalist.org/observations/224878340,"2025-06-23 09:24:04"
3591,171410,unidentified,beetle,0,1,beetle,https://www.inaturalist.org/observations/224872132,"2025-06-23 09:24:04"
3592,171311,aphid,leafhopper,0,1,,https://www.inaturalist.org/observations/224644111,"2025-06-23 09:27:06"
3593,171298,aphid,bee,0,1,,https://www.inaturalist.org/observations/224640567,"2025-06-23 09:27:06"
3594,170350,unidentified,Psocodea,0,1,Psocodea,https://www.inaturalist.org/observations/223876744,"2025-06-23 09:42:05"
3595,170342,unidentified,Psocodea,0,1,Psocodea,https://www.inaturalist.org/observations/223875052,"2025-06-23 09:42:05"
3596,175301,leafhopper,Neuroptera,0,2,Neuroptera,https://www.inaturalist.org/observations/227417698,"2025-06-30 09:39:05"
3601,175175,aphid,leafhopper,0,1,,https://www.inaturalist.org/observations/227289635,"2025-06-30 09:45:06"
3605,174982,other,Odonata,0,1,Odonata,https://www.inaturalist.org/observations/227096861,"2025-06-30 09:48:05"
3608,174029,leafhopper,grasshopper,0,2,grasshopper,https://www.inaturalist.org/observations/226734320,"2025-06-30 09:54:05"
3615,173398,aphid,leafhopper,0,1,,https://www.inaturalist.org/observations/225900646,"2025-06-23 09:00:07"
3616,173301,aphid,leafhopper,0,1,,https://www.inaturalist.org/observations/225744625,"2025-06-23 09:00:07"
3617,173278,aphid,leafhopper,0,1,,https://www.inaturalist.org/observations/225743549,"2025-06-23 09:00:07"
3618,173276,aphid,leafhopper,0,1,,https://www.inaturalist.org/observations/225742437,"2025-06-23 09:00:07"
3619,173210,aphid,Psocodea,0,2,Psocodea,https://www.inaturalist.org/observations/225730233,"2025-06-23 09:00:07"
3620,173122,aphid,leafhopper,0,1,,https://www.inaturalist.org/observations/225712175,"2025-06-23 09:03:06"
3621,173086,aphid,leafhopper,0,1,,https://www.inaturalist.org/observations/225705358,"2025-06-23 09:03:06"
3623,159111,beetle,truebugs,0,1,,https://www.inaturalist.org/observations/216117832,"2025-06-02 09:27:05"
3625,176442,unidentified,truebugs,0,0,truebugs,https://www.inaturalist.org/observations/228853589,"2025-06-09 06:27:05"
3626,176397,unidentified,leafhopper,0,0,leafhopper,https://www.inaturalist.org/observations/228830881,"2025-06-09 06:27:05"
3630,176195,unidentified,leafhopper,0,0,leafhopper,https://www.inaturalist.org/observations/228518807,"2025-06-09 06:30:05"
3631,176194,fly,Ephemeroptera,0,3,Ephemeroptera,https://www.inaturalist.org/observations/228518277,"2025-06-30 09:30:06"
3634,176179,leafhopper,Psocodea,0,1,,https://www.inaturalist.org/observations/228505159,"2025-06-30 09:30:06"
3637,175927,aphid,leafhopper,0,1,,https://www.inaturalist.org/observations/228241297,"2025-06-30 09:33:05"
3638,175846,other,Polydesmida,0,1,Polydesmida,https://www.inaturalist.org/observations/228226894,"2025-06-30 09:36:06"
3639,175781,other,Neuroptera,0,2,Neuroptera,https://www.inaturalist.org/observations/228037256,"2025-06-30 09:36:06"
3640,175714,other,Polydesmida,0,0,Polydesmida,https://www.inaturalist.org/observations/228018626,"2025-06-09 06:39:05"
3641,175653,aphid,leafhopper,0,1,,https://www.inaturalist.org/observations/227871620,"2025-06-30 09:39:05"
3643,172549,fly,Psocodea,0,2,Psocodea,https://www.inaturalist.org/observations/225349877,"2025-06-23 09:09:04"
3647,177761,unidentified,leafhopper,0,0,leafhopper,https://www.inaturalist.org/observations/230527697,"2025-06-09 06:03:05"
3649,177671,beetle,truebugs,0,3,truebugs,https://www.inaturalist.org/observations/230297179,"2025-07-07 09:42:05"
3650,177654,other,Odonata,0,2,Odonata,https://www.inaturalist.org/observations/230295446,"2025-07-07 09:42:05"
3653,177616,unidentified,truebugs,0,0,truebugs,https://www.inaturalist.org/observations/230286477,"2025-06-09 06:06:05"
3655,177571,aphid,leafhopper,0,1,,https://www.inaturalist.org/observations/230279250,"2025-07-07 09:45:06"
3657,177565,aphid,leafhopper,0,1,,https://www.inaturalist.org/observations/230277100,"2025-07-07 09:45:06"
3658,176325,fly,leafhopper,0,1,,https://www.inaturalist.org/observations/230222702,"2025-07-07 09:45:06"
3660,176284,leafhopper,grasshopper,0,3,grasshopper,https://www.inaturalist.org/observations/230212613,"2026-07-06 08:48:05"
3662,177442,unidentified,truebugs,0,0,truebugs,https://www.inaturalist.org/observations/230184050,"2025-06-09 06:09:04"
3663,177318,other,Psocodea,0,0,Psocodea,https://www.inaturalist.org/observations/230092642,"2025-06-09 06:12:05"
3665,177033,other,moths,0,2,moths,https://www.inaturalist.org/observations/229786455,"2025-07-07 09:54:04"
3666,176829,leafhopper,Psocodea,0,2,Psocodea,https://www.inaturalist.org/observations/229575831,"2025-06-30 09:18:05"
3668,176814,leafhopper,Psocodea,0,2,Psocodea,https://www.inaturalist.org/observations/229567846,"2025-06-30 09:18:05"
3678,176622,aphid,leafhopper,0,1,,https://www.inaturalist.org/observations/229369228,"2025-06-30 09:24:05"
3679,168763,caterpillar,"bee (sawfly)",0,1,,https://www.inaturalist.org/observations/222910399,"2025-06-16 09:09:06"
3680,160750,other,Psocodea,0,0,Psocodea,https://www.inaturalist.org/observations/217681688,"2025-06-09 09:57:04"
3681,179016,truebugs,beetle,0,2,beetle,https://www.inaturalist.org/observations/232131737,"2025-07-14 09:48:04"
3683,178972,fly,Neuroptera,0,3,Neuroptera,https://www.inaturalist.org/observations/232079044,"2025-07-14 09:48:04"
3684,178971,aphid,beetle,0,2,beetle,https://www.inaturalist.org/observations/232078451,"2026-07-06 08:42:06"
3687,178966,fly,truebugs,0,2,truebugs,https://www.inaturalist.org/observations/232074878,"2026-07-06 08:42:06"
3688,178961,truebugs,beetle,0,1,,https://www.inaturalist.org/observations/232072156,"2025-07-14 09:51:04"
3689,178952,spider,Trombidiformes,0,1,,https://www.inaturalist.org/observations/232069003,"2025-07-14 09:51:04"
3690,178950,aphid,beetle,0,3,beetle,https://www.inaturalist.org/observations/232067712,"2025-07-14 09:51:04"
3692,178929,fly,truebugs,0,2,truebugs,https://www.inaturalist.org/observations/231918014,"2025-07-14 09:51:04"
3693,178894,other,truebugs,0,1,truebugs,https://www.inaturalist.org/observations/231858602,"2026-07-06 08:42:06"
3694,178802,fly,leafhopper,0,2,leafhopper,https://www.inaturalist.org/observations/231850555,"2025-07-14 09:51:04"
3695,178765,other,Neuroptera,0,1,Neuroptera,https://www.inaturalist.org/observations/231840163,"2025-07-14 09:54:04"
3696,178747,truebugs,leafhopper,0,2,leafhopper,https://www.inaturalist.org/observations/231832407,"2025-07-14 09:54:04"
3699,178705,unidentified,truebugs,0,0,truebugs,https://www.inaturalist.org/observations/231821109,"2025-06-09 05:42:04"
3700,178692,aphid,leafhopper,0,2,leafhopper,https://www.inaturalist.org/observations/231816372,"2025-07-14 09:54:05"
3714,178442,aphid,Neuroptera,0,3,Neuroptera,https://www.inaturalist.org/observations/231446270,"2025-07-07 09:27:05"
3715,178357,other,Blattodea,0,1,Blattodea,https://www.inaturalist.org/observations/231429870,"2025-07-07 09:30:06"
3716,178331,truebugs,Psocodea,0,3,Psocodea,https://www.inaturalist.org/observations/231422391,"2025-07-07 09:30:06"
3719,178172,beetle,truebugs,0,3,truebugs,https://www.inaturalist.org/observations/231398106,"2025-07-07 09:33:06"
3722,177862,unidentified,leafhopper,0,1,leafhopper,https://www.inaturalist.org/observations/230863902,"2025-07-07 09:39:05"
3723,177856,beetle,"leafhopper, truebugs",0,3,leafhopper,https://www.inaturalist.org/observations/230862820,"2025-07-07 09:39:05"
3725,177774,ant,beetle,0,1,,https://www.inaturalist.org/observations/230537558,"2025-07-07 09:39:05"
3726,177771,caterpillar,"bee (sawfly)",0,1,,https://www.inaturalist.org/observations/230534517,"2025-07-07 09:39:05"
3727,174803,other,Psocodea,0,2,Psocodea,https://www.inaturalist.org/observations/227199226,"2025-06-30 09:48:05"
3728,174339,other,Psocodea,0,1,Psocodea,https://www.inaturalist.org/observations/226886131,"2025-06-30 09:54:05"
3729,173411,moths,leafhopper,0,2,leafhopper,https://www.inaturalist.org/observations/225909602,"2025-06-23 08:57:04"
3730,179585,unidentified,leafhopper,0,0,leafhopper,https://www.inaturalist.org/observations/233290390,"2025-06-09 05:27:04"
3732,179409,unidentified,bee,0,1,bee,https://www.inaturalist.org/observations/232979811,"2025-07-14 09:42:05"
3733,179395,unidentified,truebugs,0,0,truebugs,https://www.inaturalist.org/observations/232974638,"2025-06-09 05:33:04"
3734,179355,leafhopper,Psocodea,0,2,Psocodea,https://www.inaturalist.org/observations/232915662,"2026-07-06 08:42:06"
3736,179331,caterpillar,"bee (sawfly)",0,1,,https://www.inaturalist.org/observations/232908246,"2025-07-14 09:45:05"
3737,179199,unidentified,fly,0,0,fly,https://www.inaturalist.org/observations/232893693,"2025-06-09 05:33:04"
3740,178943,aphid,truebugs,0,1,,https://www.inaturalist.org/observations/232046484,"2025-07-14 09:51:04"
3741,178786,moths,aphid,0,1,,https://www.inaturalist.org/observations/231846615,"2025-07-14 09:51:04"
3742,178769,aphid,leafhopper,0,1,,https://www.inaturalist.org/observations/231842109,"2025-07-14 09:51:04"
3744,178739,aphid,leafhopper,0,3,leafhopper,https://www.inaturalist.org/observations/231830160,"2026-07-06 08:42:06"
3745,178737,other,Psocodea,0,2,Psocodea,https://www.inaturalist.org/observations/231828958,"2025-07-14 09:54:04"
3752,178666,aphid,leafhopper,0,1,,https://www.inaturalist.org/observations/231807048,"2025-07-14 09:57:04"
3755,148848,beetle,leafhopper,0,1,,https://www.inaturalist.org/observations/172500672,"2025-05-12 09:54:05"
3756,148665,aphid,truebugs,0,1,,https://www.inaturalist.org/observations/172402267,"2025-05-12 09:57:05"
3757,148651,aphid,truebugs,0,1,,https://www.inaturalist.org/observations/172399180,"2025-05-12 09:57:05"
3758,148637,aphid,moths,0,1,,https://www.inaturalist.org/observations/172393646,"2025-05-05 09:24:04"
3759,148628,aphid,leafhopper,0,1,,https://www.inaturalist.org/observations/172389187,"2025-05-05 09:27:04"
3760,144609,unidentified,beetle,0,0,beetle,https://www.inaturalist.org/observations/169260356,"2025-04-14 09:54:04"
3761,144109,beetle,truebugs,0,1,,https://www.inaturalist.org/observations/169043586,"2025-04-07 09:51:04"
3764,179819,other,Polydesmida,0,0,Polydesmida,https://www.inaturalist.org/observations/234436049,"2025-06-09 05:21:04"
3765,179801,caterpillar,beetle,0,2,beetle,https://www.inaturalist.org/observations/234164257,"2025-07-14 09:30:05"
3766,179762,leafhopper,truebugs,0,3,truebugs,https://www.inaturalist.org/observations/234131358,"2025-07-14 09:33:04"
3772,179696,aphid,Psocodea,0,3,Psocodea,https://www.inaturalist.org/observations/233984804,"2026-07-06 08:42:06"
3775,178076,other,Entomobryomorpha,0,0,Entomobryomorpha,https://www.inaturalist.org/observations/231199066,"2025-06-09 05:57:04"
3776,176328,leafhopper,truebugs,0,2,truebugs,https://www.inaturalist.org/observations/230223310,"2025-07-07 09:45:06"
3779,175255,leafhopper,grasshopper,0,2,grasshopper,https://www.inaturalist.org/observations/227300483,"2025-06-30 09:45:06"
3781,175225,leafhopper,truebugs,0,1,,https://www.inaturalist.org/observations/227294074,"2025-06-30 09:45:06"
3782,175220,leafhopper,truebugs,0,2,truebugs,https://www.inaturalist.org/observations/227293560,"2025-06-30 09:45:06"
3784,168428,unidentified,Psocodea,0,1,Psocodea,https://www.inaturalist.org/observations/222671851,"2025-06-16 09:12:05"
3785,145429,unidentified,truebugs,0,0,truebugs,https://www.inaturalist.org/observations/169953796,"2025-04-21 09:48:06"
3789,180232,beetle,truebugs,0,4,truebugs,https://www.inaturalist.org/observations/235738673,"2025-07-21 09:54:03"
3793,180213,truebugs,beetle,0,1,,https://www.inaturalist.org/observations/235732097,"2025-07-21 09:54:03"
3797,180119,other,"Mantodea, moths",0,3,Mantodea,https://www.inaturalist.org/observations/235349228,"2025-07-21 09:57:04"
3798,180103,ant,spider,0,1,,https://www.inaturalist.org/observations/235171153,"2025-07-21 09:57:04"
3800,180079,unidentified,truebugs,0,0,truebugs,https://www.inaturalist.org/observations/234926390,"2025-06-09 05:15:05"
3801,180065,grasshopper,truebugs,0,2,truebugs,https://www.inaturalist.org/observations/234805424,"2025-07-14 09:27:04"
3802,180058,truebugs,aphid,0,2,aphid,https://www.inaturalist.org/observations/234803437,"2025-07-14 09:27:04"
3803,180022,other,truebugs,0,0,truebugs,https://www.inaturalist.org/observations/234733932,"2025-06-09 05:18:05"
3804,179724,fly,leafhopper,0,3,leafhopper,https://www.inaturalist.org/observations/234001525,"2026-07-06 08:39:06"
3808,179629,other,Psocodea,0,2,Psocodea,https://www.inaturalist.org/observations/233552130,"2025-07-14 09:36:06"
3812,180752,unidentified,Dermaptera,0,2,Dermaptera,https://www.inaturalist.org/observations/237320006,"2025-07-21 09:48:04"
3819,180671,truebugs,Dermaptera,0,6,Dermaptera,https://www.inaturalist.org/observations/237294169,"2025-07-21 09:48:04"
3822,180355,unidentified,bee,0,0,bee,https://www.inaturalist.org/observations/236122122,"2025-06-09 05:09:05"
3824,180109,aphid,leafhopper,0,2,leafhopper,https://www.inaturalist.org/observations/235174756,"2025-07-21 09:57:04"
3825,180107,aphid,leafhopper,0,3,leafhopper,https://www.inaturalist.org/observations/235173433,"2025-07-21 09:57:04"
3826,179768,aphid,moths,0,1,,https://www.inaturalist.org/observations/234133612,"2025-07-14 09:33:04"
3828,179470,aphid,leafhopper,0,1,,https://www.inaturalist.org/observations/233089511,"2025-07-14 09:42:05"
3829,179469,aphid,leafhopper,0,1,,https://www.inaturalist.org/observations/233088853,"2025-07-14 09:42:05"
3830,179461,aphid,leafhopper,0,1,,https://www.inaturalist.org/observations/233085377,"2025-07-14 09:42:05"
3833,179439,aphid,leafhopper,0,1,,https://www.inaturalist.org/observations/233075530,"2025-07-14 09:42:05"
3838,181242,unidentified,fly,0,0,fly,https://www.inaturalist.org/observations/238583847,"2025-06-09 05:03:05"
3839,181231,unidentified,fly,0,0,fly,https://www.inaturalist.org/observations/238582347,"2025-06-09 05:03:05"
3841,181177,unidentified,beetle,0,1,beetle,https://www.inaturalist.org/observations/238490324,"2025-07-21 09:45:04"
3844,176632,leafhopper,beetle,0,2,beetle,https://www.inaturalist.org/observations/229373629,"2025-06-30 09:24:05"
3845,175523,aphid,beetle,0,2,beetle,https://www.inaturalist.org/observations/227356865,"2025-06-30 09:42:05"
3847,168043,moths,Neuroptera,0,2,Neuroptera,https://www.inaturalist.org/observations/222456925,"2025-06-16 09:18:05"
3852,181509,beetle,truebugs,0,1,,https://www.inaturalist.org/observations/239644842,"2025-07-21 09:39:05"
3855,181478,beetle,leafhopper,0,2,leafhopper,https://www.inaturalist.org/observations/239637039,"2025-07-21 09:39:05"
3856,181435,unidentified,bee,0,0,bee,https://www.inaturalist.org/observations/239626653,"2025-06-09 05:00:06"
3857,181433,unidentified,bee,0,0,bee,https://www.inaturalist.org/observations/239625534,"2025-06-09 05:00:06"
3858,181425,unidentified,Neuroptera,0,0,Neuroptera,https://www.inaturalist.org/observations/239622803,"2025-07-21 09:39:05"
3859,181380,truebugs,bee,0,2,bee,https://www.inaturalist.org/observations/239273786,"2025-07-21 09:42:04"
3860,181362,truebugs,Psocodea,0,1,,https://www.inaturalist.org/observations/239267521,"2025-07-21 09:42:04"
3864,176432,unidentified,Dermaptera,0,0,Dermaptera,https://www.inaturalist.org/observations/228848941,"2025-06-09 06:27:05"
3869,161868,other,beetle,0,1,beetle,https://www.inaturalist.org/observations/218893935,"2025-06-09 09:39:04"
3879,181737,unidentified,Isopoda,0,0,Isopoda,https://www.inaturalist.org/observations/240951368,"2025-06-09 04:54:05"
3882,182149,aphid,spider,0,1,,https://www.inaturalist.org/observations/243449277,"2025-07-21 09:30:05"
3885,181542,aphid,truebugs,0,1,,https://www.inaturalist.org/observations/239660795,"2025-07-21 09:36:04"
3886,181541,aphid,truebugs,0,1,,https://www.inaturalist.org/observations/239660221,"2025-07-21 09:36:04"
3887,181540,aphid,truebugs,1,1,aphid,https://www.inaturalist.org/observations/239659736,"2025-07-21 09:36:04"
3888,181518,unidentified,moths,0,2,moths,https://www.inaturalist.org/observations/239649019,"2026-07-06 08:36:07"
3889,181451,aphid,truebugs,0,1,,https://www.inaturalist.org/observations/239629592,"2025-07-21 09:39:05"
3891,155422,other,Stylommatophora,0,0,Stylommatophora,https://www.inaturalist.org/observations/178841038,"2025-05-26 09:30:06"
3892,155201,other,Stylommatophora,0,0,Stylommatophora,https://www.inaturalist.org/observations/178363129,"2025-05-26 09:33:06"
3893,153490,other,Stylommatophora,0,0,Stylommatophora,https://www.inaturalist.org/observations/176135245,"2025-05-26 09:51:04"
3894,144134,other,Neuroptera,0,0,Neuroptera,https://www.inaturalist.org/observations/169049774,"2025-04-07 09:51:04"
3898,163899,bee,"bee (sawfly)",0,1,,https://www.inaturalist.org/observations/219601210,"2025-06-09 09:15:05"
3900,172190,moths,Neuroptera,0,2,Neuroptera,https://www.inaturalist.org/observations/225306403,"2025-06-23 09:15:07"
3901,167106,moths,Neuroptera,0,2,Neuroptera,https://www.inaturalist.org/observations/222065003,"2025-06-16 09:36:06"
3902,166712,moths,Trichoptera,0,2,Trichoptera,https://www.inaturalist.org/observations/221845495,"2025-06-16 09:39:07"
3903,159533,fly,bee,0,4,bee,https://www.inaturalist.org/observations/216781923,"2026-07-06 09:06:06"
3904,163527,moths,Trichoptera,0,2,Trichoptera,https://www.inaturalist.org/observations/219552008,"2025-06-09 09:18:05"
3905,162447,moths,leafhopper,0,2,leafhopper,https://www.inaturalist.org/observations/219164969,"2025-06-09 09:30:06"
3906,159393,moths,truebugs,0,1,,https://www.inaturalist.org/observations/216331878,"2025-06-02 09:21:05"
3907,157575,moths,fly,0,1,,https://www.inaturalist.org/observations/213993726,"2025-06-02 09:57:05"
3908,182102,other,Stylommatophora,0,0,Stylommatophora,https://www.inaturalist.org/observations/242933027,"2025-06-09 04:51:05"
3909,151310,other,Neuroptera,0,0,Neuroptera,https://www.inaturalist.org/observations/174098408,"2025-05-12 09:03:05"
3911,175130,leafhopper,grasshopper,0,2,grasshopper,https://www.inaturalist.org/observations/227190222,"2025-06-30 09:48:05"
3912,172994,leafhopper,Psocodea,0,2,Psocodea,https://www.inaturalist.org/observations/226715111,"2025-06-30 09:57:06"
3913,169264,leafhopper,Psocodea,0,2,Psocodea,https://www.inaturalist.org/observations/223453605,"2025-06-23 09:54:06"
3915,182180,unidentified,leafhopper,0,0,leafhopper,https://www.inaturalist.org/observations/243809051,"2025-06-09 04:51:05"
3916,169903,other,Dermaptera,0,1,Dermaptera,https://www.inaturalist.org/observations/223757224,"2025-06-23 09:48:06"
3917,162303,other,Dermaptera,0,2,Dermaptera,https://www.inaturalist.org/observations/219126653,"2025-06-09 09:33:04"
3918,158248,other,Stylommatophora,0,0,Stylommatophora,https://www.inaturalist.org/observations/214806157,"2025-06-02 09:45:06"
3919,168240,bee,leafhopper,0,2,leafhopper,https://www.inaturalist.org/observations/224882943,"2025-06-23 09:21:05"
3920,170941,beetle,"truebugs, Psocodea",0,2,,https://www.inaturalist.org/observations/224192131,"2025-06-23 09:33:06"
3921,168776,other,moths,0,1,moths,https://www.inaturalist.org/observations/222917766,"2025-06-16 09:09:06"
3922,151875,moths,leafhopper,0,1,,https://www.inaturalist.org/observations/174875002,"2025-05-12 08:51:06"
3923,148733,moths,leafhopper,0,1,,https://www.inaturalist.org/observations/172417736,"2025-05-12 09:57:05"
3924,180524,unidentified,moths,0,0,moths,https://www.inaturalist.org/observations/236557595,"2025-06-09 05:09:05"
3925,176510,other,moths,0,0,moths,https://www.inaturalist.org/observations/229079987,"2025-06-09 06:27:05"
3926,168881,unidentified,moths,0,0,moths,https://www.inaturalist.org/observations/222965750,"2025-06-09 08:09:04"
3928,151455,unidentified,bee,0,0,bee,https://www.inaturalist.org/observations/174131110,"2025-05-12 09:00:06"
3929,181926,unidentified,aphid,0,2,aphid,https://www.inaturalist.org/observations/241516321,"2025-07-21 09:33:04"
3930,181447,unidentified,aphid,0,1,aphid,https://www.inaturalist.org/observations/239629046,"2025-07-21 09:39:05"
3933,159137,other,Psocodea,0,1,Psocodea,https://www.inaturalist.org/observations/216135969,"2025-06-02 09:27:05"
3934,157473,other,"Psocodea, aphid",0,1,,https://www.inaturalist.org/observations/213978811,"2025-06-02 09:57:05"
3935,149904,other,"bee (sawfly)",0,1,"bee (sawfly)",https://www.inaturalist.org/observations/173438766,"2025-05-12 09:30:06"
3936,178039,other,aphid,0,2,aphid,https://www.inaturalist.org/observations/231189114,"2025-07-07 09:36:05"
3937,173600,other,Psocodea,0,1,Psocodea,https://www.inaturalist.org/observations/226239532,"2025-06-23 08:57:04"
3938,144942,leafhopper,beetle,0,1,,https://www.inaturalist.org/observations/169754451,"2025-04-14 09:48:04"
3939,144941,leafhopper,aphid,0,1,,https://www.inaturalist.org/observations/169754162,"2025-04-14 09:48:04"
3940,144349,leafhopper,aphid,0,1,,https://www.inaturalist.org/observations/169161302,"2025-04-14 09:54:04"
3941,178534,other,Psocodea,0,0,Psocodea,https://www.inaturalist.org/observations/231527748,"2025-06-09 05:48:05"
3942,162308,other,Psocodea,0,2,Psocodea,https://www.inaturalist.org/observations/219129620,"2025-06-09 09:33:04"
3943,160872,other,Psocodea,0,2,Psocodea,https://www.inaturalist.org/observations/217699146,"2025-06-09 09:57:04"
3944,160775,other,Psocodea,0,2,Psocodea,https://www.inaturalist.org/observations/217685134,"2025-06-09 09:57:04"
3945,148764,unidentified,truebugs,0,0,truebugs,https://www.inaturalist.org/observations/172422468,"2025-05-12 09:54:05"
3946,180698,truebugs,leafhopper,0,1,,https://www.inaturalist.org/observations/237302076,"2025-07-21 09:48:04"
3948,171321,unidentified,grasshopper,0,0,grasshopper,https://www.inaturalist.org/observations/224648008,"2025-06-09 07:33:05"
3949,171181,unidentified,leafhopper,0,0,leafhopper,https://www.inaturalist.org/observations/224452719,"2025-06-09 07:33:05"
3950,180433,unidentified,Neuroptera,0,1,Neuroptera,https://www.inaturalist.org/observations/236386087,"2026-07-06 08:39:06"
3951,180094,unidentified,Psocodea,0,0,Psocodea,https://www.inaturalist.org/observations/235024523,"2025-06-09 05:15:05"
3952,179081,unidentified,Psocodea,0,1,Psocodea,https://www.inaturalist.org/observations/232511957,"2025-07-14 09:45:05"
3953,177453,other,Psocodea,0,1,Psocodea,https://www.inaturalist.org/observations/230185408,"2025-07-07 09:48:05"
3954,176450,unidentified,beetle,0,1,beetle,https://www.inaturalist.org/observations/228859354,"2025-06-30 09:24:05"
3955,169723,unidentified,Psocodea,0,1,Psocodea,https://www.inaturalist.org/observations/223636432,"2025-06-23 09:48:06"
3956,169700,unidentified,truebugs,0,0,truebugs,https://www.inaturalist.org/observations/223624703,"2025-06-09 07:57:05"
3957,169698,unidentified,beetle,0,0,beetle,https://www.inaturalist.org/observations/223624259,"2025-06-09 07:57:05"
3958,169674,unidentified,beetle,0,0,beetle,https://www.inaturalist.org/observations/223606883,"2025-06-09 07:57:05"
3959,169659,unidentified,aphid,0,0,aphid,https://www.inaturalist.org/observations/223595565,"2025-06-09 07:57:05"
3960,169411,unidentified,beetle,0,0,beetle,https://www.inaturalist.org/observations/223545410,"2025-06-09 08:00:05"
3961,168839,other,Psocodea,0,0,Psocodea,https://www.inaturalist.org/observations/222956183,"2025-06-09 08:09:04"
3962,164002,unidentified,"ant, bee",0,3,ant,https://www.inaturalist.org/observations/219780181,"2025-06-09 09:12:05"
3963,163371,bee,"bee (sawfly)",0,0,"bee (sawfly)",https://www.inaturalist.org/observations/219521425,"2025-06-09 09:21:05"
3964,161743,other,Psocodea,0,1,Psocodea,https://www.inaturalist.org/observations/218696432,"2025-06-09 09:39:04"
3965,160963,unidentified,leafhopper,0,0,leafhopper,https://www.inaturalist.org/observations/218251327,"2025-06-09 09:45:04"
3966,159572,unidentified,leafhopper,0,0,leafhopper,https://www.inaturalist.org/observations/216801446,"2025-06-02 09:18:04"
3967,159396,unidentified,aphid,0,1,aphid,https://www.inaturalist.org/observations/216333822,"2025-06-02 09:21:05"
3968,158388,unidentified,truebugs,0,0,truebugs,https://www.inaturalist.org/observations/215276409,"2025-06-02 09:39:04"
3969,157890,unidentified,truebugs,0,0,truebugs,https://www.inaturalist.org/observations/214395731,"2025-06-02 09:51:05"
3970,157868,other,Neuroptera,0,0,Neuroptera,https://www.inaturalist.org/observations/214392856,"2025-06-02 09:51:05"
3971,155287,unidentified,truebugs,0,0,truebugs,https://www.inaturalist.org/observations/178560189,"2025-05-26 09:33:06"
3972,155279,unidentified,truebugs,0,1,truebugs,https://www.inaturalist.org/observations/178556674,"2026-07-06 09:15:07"
3973,154787,unidentified,truebugs,0,2,truebugs,https://www.inaturalist.org/observations/177534870,"2026-07-06 09:15:07"
3974,154763,unidentified,Psocodea,0,1,Psocodea,https://www.inaturalist.org/observations/177528118,"2025-05-26 09:39:05"
3975,153416,unidentified,aphid,0,4,aphid,https://www.inaturalist.org/observations/175996740,"2025-05-26 09:54:05"
3976,152217,unidentified,truebugs,0,0,truebugs,https://www.inaturalist.org/observations/175039243,"2025-05-12 08:39:05"
3977,150680,unidentified,truebugs,0,0,truebugs,https://www.inaturalist.org/observations/173760165,"2025-05-12 09:12:05"
3978,150670,unidentified,truebugs,0,0,truebugs,https://www.inaturalist.org/observations/173758132,"2025-05-12 09:12:05"
3979,148895,unidentified,truebugs,0,0,truebugs,https://www.inaturalist.org/observations/172510548,"2025-05-12 09:51:05"
3980,147004,unidentified,Psocodea,0,1,Psocodea,https://www.inaturalist.org/observations/171214016,"2025-05-05 09:57:04"
3981,146971,unidentified,Psocodea,0,2,Psocodea,https://www.inaturalist.org/observations/171202397,"2025-04-28 09:48:04"
3982,146952,unidentified,truebugs,0,0,truebugs,https://www.inaturalist.org/observations/171199219,"2025-04-28 09:48:04"
3983,145741,unidentified,Psocodea,0,0,Psocodea,https://www.inaturalist.org/observations/170115646,"2025-04-21 09:45:05"
3984,145240,unidentified,"truebugs, aphid",0,4,truebugs,https://www.inaturalist.org/observations/169816553,"2026-07-06 09:27:06"
3985,145082,other,Psocodea,0,1,Psocodea,https://www.inaturalist.org/observations/169790367,"2025-04-21 09:57:06"
3986,182250,unidentified,truebugs,0,0,truebugs,https://www.inaturalist.org/observations/244720108,"2025-06-09 04:48:05"
3987,148132,other,Entomobryomorpha,0,0,Entomobryomorpha,https://www.inaturalist.org/observations/172150750,"2025-05-05 09:36:04"
3988,146389,beetle,truebugs,0,1,,https://www.inaturalist.org/observations/170456674,"2025-04-28 09:54:04"
3989,159730,ant,bee,0,1,,https://www.inaturalist.org/observations/216875585,"2025-06-02 09:15:05"
3990,148770,unidentified,leafhopper,0,0,leafhopper,https://www.inaturalist.org/observations/172424538,"2025-05-12 09:54:05"
3992,173965,other,grasshopper,0,0,grasshopper,https://www.inaturalist.org/observations/226696018,"2025-06-09 07:00:05"
3995,160335,other,Neuroptera,0,0,Neuroptera,https://www.inaturalist.org/observations/217484982,"2025-06-02 09:06:05"
3997,150148,unidentified,beetle,0,0,beetle,https://www.inaturalist.org/observations/173432231,"2025-05-12 09:30:06"
4003,178539,other,Polydesmida,0,0,Polydesmida,https://www.inaturalist.org/observations/231528492,"2025-06-09 05:45:05"
4004,150078,bee,ant,1,1,bee,https://www.inaturalist.org/observations/173410802,"2025-05-12 09:33:05"
4005,150045,bee,ant,1,1,bee,https://www.inaturalist.org/observations/173401968,"2025-05-12 09:33:05"
4006,184230,ant,bee,0,1,,https://www.inaturalist.org/observations/263574097,"2025-07-28 09:48:04"
4007,184228,ant,bee,0,1,,https://www.inaturalist.org/observations/263573501,"2025-07-28 09:48:04"
4008,171329,ant,bee,0,1,,https://www.inaturalist.org/observations/224652548,"2025-06-23 09:24:04"
4010,168547,ant,truebugs,0,1,,https://www.inaturalist.org/observations/222744211,"2025-06-16 09:12:05"
4011,163217,truebugs,truebugs,0,0,truebugs,https://www.inaturalist.org/observations/219395983,"2025-06-09 09:21:05"
4012,161216,other,Psocodea,0,1,,https://www.inaturalist.org/observations/217906796,"2025-06-09 09:51:04"
4013,160405,unidentified,truebugs,0,0,truebugs,https://www.inaturalist.org/observations/217497641,"2025-06-02 09:03:05"
4014,179942,caterpillar,grasshopper,0,2,grasshopper,https://www.inaturalist.org/observations/234696403,"2025-07-14 09:30:05"
4016,166386,other,Polyxenida,0,0,Polyxenida,https://www.inaturalist.org/observations/221386712,"2025-06-09 08:48:05"
4017,151365,other,Polyxenida,0,0,Polyxenida,https://www.inaturalist.org/observations/174110639,"2025-05-12 09:03:05"
4018,148476,other,Polyxenida,0,0,Polyxenida,https://www.inaturalist.org/observations/172350884,"2025-05-05 09:30:04"
4019,181328,unidentified,aphid,0,2,aphid,https://www.inaturalist.org/observations/239040281,"2025-07-21 09:42:04"
4020,180244,unidentified,aphid,0,1,aphid,https://www.inaturalist.org/observations/235830244,"2026-07-06 08:39:06"
4021,149899,aphid,leafhopper,1,1,aphid,https://www.inaturalist.org/observations/173439260,"2025-05-12 09:30:06"
4023,184479,beetle,moths,0,2,moths,https://www.inaturalist.org/observations/269651546,"2026-07-06 08:33:06"
4024,184474,unidentified,truebugs,0,0,truebugs,https://www.inaturalist.org/observations/269648211,"2025-06-09 04:39:04"
4025,184472,caterpillar,beetle,0,2,beetle,https://www.inaturalist.org/observations/269639768,"2026-07-06 08:33:06"
4026,184471,caterpillar,beetle,0,2,beetle,https://www.inaturalist.org/observations/269639285,"2026-07-06 08:33:06"
4027,184469,caterpillar,beetle,0,1,,https://www.inaturalist.org/observations/269638234,"2025-07-28 09:42:04"
4028,184468,unidentified,beetle,0,2,beetle,https://www.inaturalist.org/observations/269637777,"2026-07-06 08:33:06"
4029,184467,caterpillar,beetle,0,2,beetle,https://www.inaturalist.org/observations/269637277,"2026-07-06 08:33:06"
4030,184465,unidentified,beetle,0,1,beetle,https://www.inaturalist.org/observations/269636127,"2025-07-28 09:42:04"
4032,184460,unidentified,Psocodea,0,0,Psocodea,https://www.inaturalist.org/observations/269626018,"2025-07-28 09:42:04"
4033,184457,unidentified,beetle,0,1,beetle,https://www.inaturalist.org/observations/269625546,"2025-07-28 09:42:04"
4034,184446,ant,fly,0,1,,https://www.inaturalist.org/observations/269526292,"2025-07-28 09:42:04"
4038,184428,fly,aphid,0,2,aphid,https://www.inaturalist.org/observations/269515634,"2025-07-28 09:45:04"
4040,184420,beetle,truebugs,0,3,truebugs,https://www.inaturalist.org/observations/269488342,"2026-07-06 08:33:06"
4041,184414,bee,ant,0,1,,https://www.inaturalist.org/observations/269485551,"2025-07-28 09:45:04"
4043,184409,leafhopper,beetle,0,2,beetle,https://www.inaturalist.org/observations/269482810,"2026-07-06 08:33:06"
4044,184402,fly,truebugs,0,1,,https://www.inaturalist.org/observations/269480383,"2025-07-28 09:45:04"
4048,184377,bee,ant,0,1,,https://www.inaturalist.org/observations/269457406,"2025-07-28 09:48:04"
4050,184369,unidentified,moths,0,0,moths,https://www.inaturalist.org/observations/269451432,"2025-06-09 04:45:05"
4052,184305,unidentified,Blattodea,0,0,Blattodea,https://www.inaturalist.org/observations/268258717,"2025-06-09 04:45:05"
4053,180176,unidentified,grasshopper,0,0,grasshopper,https://www.inaturalist.org/observations/235719492,"2025-06-09 05:15:05"
4054,179722,beetle,"Psocodea, truebugs",0,2,,https://www.inaturalist.org/observations/234000402,"2025-07-14 09:33:04"
4055,179709,beetle,"truebugs, Psocodea",0,2,,https://www.inaturalist.org/observations/233994404,"2025-07-14 09:33:04"
4056,179704,beetle,"Psocodea, truebugs",0,2,,https://www.inaturalist.org/observations/233990750,"2025-07-14 09:36:06"
4057,179700,beetle,"truebugs, Psocodea",0,2,,https://www.inaturalist.org/observations/233987172,"2025-07-14 09:36:06"
4059,176203,beetle,truebugs,0,2,truebugs,https://www.inaturalist.org/observations/228610751,"2025-06-30 09:30:06"
4061,160566,beetle,truebugs,0,1,,https://www.inaturalist.org/observations/217521017,"2025-06-02 09:00:05"
4062,160530,beetle,truebugs,0,1,,https://www.inaturalist.org/observations/217514946,"2025-06-02 09:03:05"
4063,158960,beetle,truebugs,0,1,,https://www.inaturalist.org/observations/215928643,"2025-06-02 09:30:04"
4064,158485,beetle,truebugs,0,1,,https://www.inaturalist.org/observations/215487238,"2025-06-02 09:39:04"
4065,157705,beetle,"Psocodea, truebugs",0,4,Psocodea,https://www.inaturalist.org/observations/214193806,"2026-07-06 09:09:06"
4067,184767,caterpillar,"bee (sawfly)",0,1,,https://www.inaturalist.org/observations/271269876,"2025-08-04 09:51:04"
4069,184762,aphid,beetle,0,2,beetle,https://www.inaturalist.org/observations/271261435,"2025-08-04 09:51:04"
4072,184755,unidentified,leafhopper,0,0,leafhopper,https://www.inaturalist.org/observations/271257157,"2025-06-09 04:27:04"
4074,184722,unidentified,aphid,0,0,aphid,https://www.inaturalist.org/observations/271080394,"2025-06-09 04:27:04"
4075,184630,caterpillar,"bee (sawfly)",0,1,,https://www.inaturalist.org/observations/270823647,"2025-08-04 09:57:04"
4078,184606,other,beetle,0,0,beetle,https://www.inaturalist.org/observations/270677335,"2025-06-09 04:33:05"
4079,184605,other,beetle,0,0,beetle,https://www.inaturalist.org/observations/270676781,"2025-06-09 04:33:05"
4080,184596,unidentified,aphid,0,1,aphid,https://www.inaturalist.org/observations/270673872,"2026-07-06 08:33:06"
4081,184593,unidentified,beetle,0,1,beetle,https://www.inaturalist.org/observations/270672276,"2025-07-28 09:36:04"
4082,184548,aphid,leafhopper,0,1,,https://www.inaturalist.org/observations/270502111,"2025-07-28 09:39:04"
4083,184535,unidentified,aphid,0,1,aphid,https://www.inaturalist.org/observations/270482079,"2026-07-06 08:33:06"
4084,184517,unidentified,fly,0,0,fly,https://www.inaturalist.org/observations/270452198,"2025-06-09 04:36:04"
4085,184515,unidentified,spider,0,2,spider,https://www.inaturalist.org/observations/270347328,"2025-07-28 09:39:04"
4087,184501,fly,leafhopper,0,2,leafhopper,https://www.inaturalist.org/observations/269791780,"2026-07-06 08:33:06"
4088,177142,unidentified,fly,0,0,fly,https://www.inaturalist.org/observations/229898646,"2025-06-09 06:15:05"
4089,176615,unidentified,truebugs,0,0,truebugs,https://www.inaturalist.org/observations/229299816,"2025-06-09 06:27:05"
4090,169694,unidentified,truebugs,0,0,truebugs,https://www.inaturalist.org/observations/223622228,"2025-06-09 07:57:05"
4091,167888,unidentified,Psocodea,0,0,Psocodea,https://www.inaturalist.org/observations/222350570,"2025-06-09 08:24:04"
4092,185192,unidentified,fly,0,2,fly,https://www.inaturalist.org/observations/273997888,"2026-07-06 08:30:07"
4093,185139,bee,Sarcoptiformes,0,1,,https://www.inaturalist.org/observations/273385831,"2025-08-18 09:48:05"
4094,185120,unidentified,beetle,0,3,beetle,https://www.inaturalist.org/observations/273358625,"2025-08-18 09:48:05"
4096,185108,unidentified,beetle,0,2,beetle,https://www.inaturalist.org/observations/273336833,"2025-08-18 09:51:04"
4101,185085,other,beetle,0,1,beetle,https://www.inaturalist.org/observations/273294282,"2025-08-18 09:51:04"
4102,185057,caterpillar,beetle,0,1,,https://www.inaturalist.org/observations/272517189,"2025-08-18 09:54:05"
4103,185046,unidentified,beetle,0,2,beetle,https://www.inaturalist.org/observations/272505100,"2025-08-18 09:54:05"
4105,185039,unidentified,beetle,0,0,beetle,https://www.inaturalist.org/observations/272500257,"2025-06-09 04:18:05"
4106,185033,unidentified,truebugs,0,0,truebugs,https://www.inaturalist.org/observations/272485988,"2025-06-09 04:18:05"
4107,185029,unidentified,beetle,0,2,beetle,https://www.inaturalist.org/observations/272483034,"2025-08-18 09:54:05"
4109,185001,unidentified,beetle,0,2,beetle,https://www.inaturalist.org/observations/272470776,"2025-08-18 09:57:04"
4111,184967,aphid,beetle,0,1,,https://www.inaturalist.org/observations/272286641,"2025-08-18 09:57:04"
4112,184966,unidentified,aphid,0,1,aphid,https://www.inaturalist.org/observations/272286015,"2025-08-18 09:57:04"
4113,184965,truebugs,aphid,0,2,aphid,https://www.inaturalist.org/observations/272285343,"2025-08-18 09:57:04"
4114,184962,truebugs,aphid,0,2,aphid,https://www.inaturalist.org/observations/272283360,"2025-08-18 09:57:04"
4115,184961,leafhopper,"bee (sawfly)",0,1,,https://www.inaturalist.org/observations/272270077,"2025-08-18 09:57:04"
4117,184941,other,Neuroptera,0,1,Neuroptera,https://www.inaturalist.org/observations/272259107,"2025-08-18 09:57:04"
4118,184907,truebugs,Psocodea,0,1,,https://www.inaturalist.org/observations/272249533,"2025-08-11 09:54:04"
4120,184901,unidentified,beetle,0,2,beetle,https://www.inaturalist.org/observations/272245162,"2025-08-11 09:57:06"
4121,184900,unidentified,beetle,0,1,beetle,https://www.inaturalist.org/observations/272244588,"2025-08-11 09:57:06"
4122,184897,ant,bee,0,1,,https://www.inaturalist.org/observations/272243401,"2025-08-11 09:57:06"
4123,184896,truebugs,Psocodea,0,1,,https://www.inaturalist.org/observations/272242619,"2025-08-11 09:57:06"
4124,184890,unidentified,truebugs,0,0,truebugs,https://www.inaturalist.org/observations/272239954,"2025-06-09 04:24:04"
4125,184888,truebugs,leafhopper,0,2,leafhopper,https://www.inaturalist.org/observations/272238613,"2025-08-11 09:57:06"
4126,184869,fly,Psocodea,0,1,,https://www.inaturalist.org/observations/272069338,"2025-08-11 09:57:06"
4127,184868,other,truebugs,0,1,truebugs,https://www.inaturalist.org/observations/272068636,"2025-08-11 09:57:06"
4131,184849,unidentified,aphid,0,0,aphid,https://www.inaturalist.org/observations/271990975,"2025-06-09 04:27:04"
4133,167885,unidentified,truebugs,0,0,truebugs,https://www.inaturalist.org/observations/222349537,"2025-06-09 08:24:04"
4134,166050,unidentified,leafhopper,0,0,leafhopper,https://www.inaturalist.org/observations/221104001,"2025-06-09 08:54:05"
4135,185526,unidentified,leafhopper,0,1,leafhopper,https://www.inaturalist.org/observations/277509875,"2025-08-25 09:48:04"
4137,185473,aphid,leafhopper,0,1,,https://www.inaturalist.org/observations/276750841,"2025-08-25 09:51:05"
4138,185472,unidentified,beetle,0,1,beetle,https://www.inaturalist.org/observations/276749512,"2025-08-25 09:51:05"
4139,185469,aphid,beetle,0,2,beetle,https://www.inaturalist.org/observations/276745516,"2025-08-25 09:51:05"
4140,185467,unidentified,aphid,0,1,aphid,https://www.inaturalist.org/observations/276740579,"2026-07-06 08:27:06"
4142,185448,aphid,beetle,0,2,beetle,https://www.inaturalist.org/observations/276659761,"2025-08-25 09:51:05"
4143,185414,unidentified,aphid,0,1,aphid,https://www.inaturalist.org/observations/276604541,"2026-07-06 08:30:07"
4144,185409,unidentified,beetle,0,2,beetle,https://www.inaturalist.org/observations/276118674,"2025-08-25 09:54:05"
4146,185398,ant,beetle,0,2,beetle,https://www.inaturalist.org/observations/276029627,"2026-07-06 08:30:07"
4147,185396,ant,beetle,0,1,,https://www.inaturalist.org/observations/276024330,"2025-08-25 09:54:05"
4148,185395,moths,aphid,0,2,aphid,https://www.inaturalist.org/observations/275995324,"2026-07-06 08:30:07"
4149,185389,other,beetle,0,2,beetle,https://www.inaturalist.org/observations/275980929,"2025-08-25 09:54:05"
4153,185269,other,beetle,0,2,beetle,https://www.inaturalist.org/observations/274950769,"2025-08-18 09:45:05"
4154,185264,aphid,truebugs,0,1,,https://www.inaturalist.org/observations/274937930,"2025-08-18 09:45:05"
4155,185243,aphid,truebugs,0,1,,https://www.inaturalist.org/observations/274883001,"2025-08-18 09:45:05"
4156,185107,unidentified,beetle,0,1,beetle,https://www.inaturalist.org/observations/273334845,"2026-07-06 08:30:07"
4157,151016,other,Trombidiformes,0,1,Trombidiformes,https://www.inaturalist.org/observations/173952304,"2025-05-12 09:09:05"
4160,186623,unidentified,truebugs,0,1,truebugs,https://www.inaturalist.org/observations/279765729,"2026-07-06 08:24:06"
4161,186619,fly,aphid,0,1,,https://www.inaturalist.org/observations/279763894,"2025-09-08 09:45:06"
4162,186614,aphid,truebugs,0,2,truebugs,https://www.inaturalist.org/observations/279760543,"2026-07-06 08:24:06"
4164,186601,beetle,truebugs,0,4,truebugs,https://www.inaturalist.org/observations/279754501,"2026-07-06 08:24:06"
4165,186593,unidentified,Neuroptera,0,0,Neuroptera,https://www.inaturalist.org/observations/279749028,"2025-06-09 03:24:05"
4166,186583,unidentified,leafhopper,0,1,leafhopper,https://www.inaturalist.org/observations/279745553,"2026-07-06 08:24:06"
4167,186582,leafhopper,aphid,0,1,,https://www.inaturalist.org/observations/279744857,"2025-09-08 09:48:04"
4168,186579,leafhopper,aphid,0,1,,https://www.inaturalist.org/observations/279743413,"2025-09-08 09:48:04"
4173,186124,other,truebugs,0,0,truebugs,https://www.inaturalist.org/observations/279305725,"2025-06-09 03:39:05"
4174,186070,unidentified,fly,0,0,fly,https://www.inaturalist.org/observations/279289429,"2025-06-09 03:39:05"
4176,186035,unidentified,aphid,0,0,aphid,https://www.inaturalist.org/observations/279272712,"2025-06-09 03:42:05"
4179,185996,unidentified,fly,0,0,fly,https://www.inaturalist.org/observations/279253919,"2025-06-09 03:42:05"
4181,185883,other,beetle,0,1,,https://www.inaturalist.org/observations/279046476,"2025-05-26 01:54:05"
4182,185872,unidentified,beetle,0,1,beetle,https://www.inaturalist.org/observations/279041230,"2025-09-01 09:54:04"
4187,185751,other,Neuroptera,0,2,Neuroptera,https://www.inaturalist.org/observations/278993878,"2025-09-01 09:57:05"
4188,185740,other,Psocodea,0,1,Psocodea,https://www.inaturalist.org/observations/278989017,"2025-09-01 09:57:05"
4189,185728,other,"Psocodea, Neuroptera",0,2,Psocodea,https://www.inaturalist.org/observations/278986006,"2025-09-01 09:57:05"
4191,185716,other,Neuroptera,0,2,Neuroptera,https://www.inaturalist.org/observations/278979498,"2025-09-01 09:57:05"
4192,185569,fly,Psocodea,0,1,,https://www.inaturalist.org/observations/278752938,"2025-08-25 09:48:04"
4194,185560,fly,Psocodea,0,1,,https://www.inaturalist.org/observations/278750265,"2025-08-25 09:48:04"
4195,181519,moths,truebugs,0,2,truebugs,https://www.inaturalist.org/observations/239649634,"2025-07-21 09:39:05"
4196,189874,unidentified,Dermaptera,0,2,Dermaptera,https://www.inaturalist.org/observations/283634939,"2026-07-06 08:18:05"
4197,189873,unidentified,Dermaptera,0,2,Dermaptera,https://www.inaturalist.org/observations/283634044,"2026-07-06 08:18:05"
4202,189749,beetle,Plecoptera,0,3,Plecoptera,https://www.inaturalist.org/observations/283446065,"2026-07-06 08:18:05"
4204,189746,caterpillar,"bee (sawfly)",0,2,"bee (sawfly)",https://www.inaturalist.org/observations/283443862,"2026-05-06 05:21:04"
4207,189727,caterpillar,"bee (sawfly)",0,3,"bee (sawfly)",https://www.inaturalist.org/observations/283438876,"2026-07-06 08:18:05"
4209,189725,caterpillar,"bee (sawfly)",0,3,"bee (sawfly)",https://www.inaturalist.org/observations/283437529,"2026-07-06 08:18:05"
4210,189695,leafhopper,aphid,0,2,aphid,https://www.inaturalist.org/observations/283423072,"2026-05-06 05:24:04"
4212,189657,ant,bee,0,1,,https://www.inaturalist.org/observations/283406589,"2026-05-06 05:24:04"
4214,189640,aphid,truebugs,0,2,truebugs,https://www.inaturalist.org/observations/283398669,"2026-05-06 05:24:04"
4221,189444,bee,ant,0,1,,https://www.inaturalist.org/observations/283191071,"2026-05-06 05:33:04"
4222,189409,leafhopper,aphid,0,2,aphid,https://www.inaturalist.org/observations/283180018,"2026-05-06 05:33:04"
4223,189355,other,Neuroptera,0,1,Neuroptera,https://www.inaturalist.org/observations/283160495,"2026-05-06 05:33:04"
4224,189316,other,Neuroptera,0,1,Neuroptera,https://www.inaturalist.org/observations/283148634,"2026-05-06 05:36:04"
4225,189311,caterpillar,"bee (sawfly)",0,2,"bee (sawfly)",https://www.inaturalist.org/observations/283147030,"2026-05-06 05:36:04"
4226,189309,caterpillar,"bee (sawfly)",0,2,"bee (sawfly)",https://www.inaturalist.org/observations/283146297,"2026-05-06 05:36:04"
4227,189293,caterpillar,"bee (sawfly)",0,2,"bee (sawfly)",https://www.inaturalist.org/observations/283144857,"2026-05-06 05:36:04"
4228,189292,caterpillar,"bee (sawfly)",0,2,"bee (sawfly)",https://www.inaturalist.org/observations/283144093,"2026-05-06 05:36:04"
4230,189217,unidentified,spider,0,1,spider,https://www.inaturalist.org/observations/283121168,"2026-05-06 05:39:04"
4232,189189,other,Neuroptera,0,2,Neuroptera,https://www.inaturalist.org/observations/283118611,"2026-05-06 05:39:04"
4233,189186,aphid,leafhopper,0,2,leafhopper,https://www.inaturalist.org/observations/283117593,"2026-05-06 05:39:04"
4234,189142,unidentified,truebugs,0,0,truebugs,https://www.inaturalist.org/observations/283106351,"2025-06-09 02:12:04"
4235,189128,unidentified,aphid,0,0,aphid,https://www.inaturalist.org/observations/283102527,"2025-06-09 02:15:05"
4236,189107,other,Anura,0,2,Anura,https://www.inaturalist.org/observations/283098216,"2026-07-06 08:18:05"
4240,188806,unidentified,spider,0,3,spider,https://www.inaturalist.org/observations/283060431,"2026-05-06 05:48:04"
4243,188459,bee,"bee (sawfly)",0,1,,https://www.inaturalist.org/observations/282972053,"2026-05-06 05:57:05"
4253,188157,caterpillar,"bee (sawfly)",0,3,"bee (sawfly)",https://www.inaturalist.org/observations/282877414,"2026-07-06 08:21:05"
4254,188156,caterpillar,"bee (sawfly)",0,3,"bee (sawfly)",https://www.inaturalist.org/observations/282876901,"2026-07-06 08:21:05"
4255,188057,unidentified,Psocodea,0,2,Psocodea,https://www.inaturalist.org/observations/282857661,"2026-07-06 08:21:05"
4259,187765,aphid,leafhopper,0,2,leafhopper,https://www.inaturalist.org/observations/282802825,"2026-02-23 09:36:03"
4262,187637,aphid,leafhopper,0,1,,https://www.inaturalist.org/observations/282767318,"2026-02-23 09:39:05"
4263,187634,other,Entomobryomorpha,0,1,Entomobryomorpha,https://www.inaturalist.org/observations/282765513,"2026-02-23 09:39:05"
4272,187547,caterpillar,"bee (sawfly)",0,2,"bee (sawfly)",https://www.inaturalist.org/observations/281088620,"2026-02-23 09:45:04"
4273,187535,fly,Psocodea,0,3,Psocodea,https://www.inaturalist.org/observations/281086846,"2026-07-06 08:24:06"
4279,187219,caterpillar,"bee (sawfly)",0,2,"bee (sawfly)",https://www.inaturalist.org/observations/280995270,"2026-02-23 09:51:04"
4280,187218,caterpillar,"bee (sawfly)",0,2,"bee (sawfly)",https://www.inaturalist.org/observations/280994861,"2026-02-23 09:51:04"
4281,187217,caterpillar,"bee (sawfly)",0,2,"bee (sawfly)",https://www.inaturalist.org/observations/280994203,"2026-02-23 09:51:04"
4282,187203,caterpillar,"bee (sawfly)",0,2,"bee (sawfly)",https://www.inaturalist.org/observations/280849379,"2026-02-23 09:54:04"
4283,187200,caterpillar,"bee (sawfly)",0,2,"bee (sawfly)",https://www.inaturalist.org/observations/280847513,"2026-02-23 09:54:04"
4284,187195,caterpillar,"bee (sawfly)",0,2,"bee (sawfly)",https://www.inaturalist.org/observations/280844872,"2026-02-23 09:54:04"
4285,187194,caterpillar,"bee (sawfly)",0,2,"bee (sawfly)",https://www.inaturalist.org/observations/280844271,"2026-02-23 09:54:04"
4286,187105,unidentified,truebugs,0,0,truebugs,https://www.inaturalist.org/observations/280808145,"2025-06-09 03:12:04"
4288,187065,unidentified,Psocodea,0,0,Psocodea,https://www.inaturalist.org/observations/280793522,"2025-06-09 03:15:04"
4289,187059,aphid,leafhopper,0,1,,https://www.inaturalist.org/observations/280790824,"2026-02-23 09:57:04"
4290,187020,aphid,moths,0,2,moths,https://www.inaturalist.org/observations/280776763,"2025-11-17 09:57:04"
4291,186990,unidentified,spider,0,2,spider,https://www.inaturalist.org/observations/280759489,"2025-10-27 09:57:05"
4292,186952,unidentified,truebugs,0,1,truebugs,https://www.inaturalist.org/observations/280625593,"2025-10-13 09:57:05"
4293,186918,other,truebugs,0,2,truebugs,https://www.inaturalist.org/observations/280618126,"2026-07-06 08:24:06"
4294,186856,aphid,leafhopper,0,1,,https://www.inaturalist.org/observations/280538338,"2025-09-22 09:57:04"
4295,186851,beetle,"truebugs, Psocodea",0,2,,https://www.inaturalist.org/observations/280535225,"2025-09-22 09:57:04"
4296,185710,beetle,"truebugs, Psocodea",0,2,,https://www.inaturalist.org/observations/278977068,"2025-09-01 09:57:05"
4297,180757,other,Dermaptera,0,1,Dermaptera,https://www.inaturalist.org/observations/237322974,"2025-07-21 09:48:04"
4298,168212,beetle,beetle,0,0,beetle,https://www.inaturalist.org/observations/222549278,"2025-06-16 09:18:05"
4299,167764,beetle,beetle,0,0,beetle,https://www.inaturalist.org/observations/222316602,"2025-06-16 09:24:05"
4304,191511,other,Polydesmida,0,1,Polydesmida,https://www.inaturalist.org/observations/285324287,"2026-05-06 04:36:05"
4305,191510,other,Polydesmida,0,1,Polydesmida,https://www.inaturalist.org/observations/285324267,"2026-05-06 04:36:05"
4306,191497,other,Polydesmida,0,0,Polydesmida,https://www.inaturalist.org/observations/285322886,"2025-06-09 01:09:05"
4307,191484,other,Entomobryomorpha,0,0,Entomobryomorpha,https://www.inaturalist.org/observations/285320937,"2025-06-09 01:12:06"
4308,191478,other,Entomobryomorpha,0,0,Entomobryomorpha,https://www.inaturalist.org/observations/285319203,"2025-06-09 01:12:06"
4310,191474,leafhopper,aphid,0,2,aphid,https://www.inaturalist.org/observations/285318444,"2026-05-06 04:36:05"
4311,191316,leafhopper,aphid,0,2,aphid,https://www.inaturalist.org/observations/285102971,"2026-05-06 04:42:04"
4312,191226,leafhopper,aphid,0,2,aphid,https://www.inaturalist.org/observations/285072372,"2026-05-06 04:45:03"
4314,191171,other,Chordeumatida,0,0,Chordeumatida,https://www.inaturalist.org/observations/285052154,"2025-06-09 01:18:04"
4315,191147,caterpillar,"bee (sawfly)",0,2,"bee (sawfly)",https://www.inaturalist.org/observations/285042256,"2026-05-06 04:45:03"
4316,191139,beetle,beetle,0,0,beetle,https://www.inaturalist.org/observations/284963399,"2025-06-09 01:21:04"
4317,190921,aphid,leafhopper,0,2,leafhopper,https://www.inaturalist.org/observations/284890499,"2026-07-06 08:15:07"
4319,190846,aphid,leafhopper,0,2,leafhopper,https://www.inaturalist.org/observations/284864850,"2026-07-06 08:15:07"
4320,190826,aphid,leafhopper,0,2,leafhopper,https://www.inaturalist.org/observations/284854834,"2026-07-06 08:15:07"
4321,190744,other,Polydesmida,0,0,Polydesmida,https://www.inaturalist.org/observations/284819892,"2025-06-09 01:30:06"
4322,190733,leafhopper,aphid,0,2,aphid,https://www.inaturalist.org/observations/284815957,"2026-05-06 04:57:04"
4329,190159,aphid,Psocodea,0,3,Psocodea,https://www.inaturalist.org/observations/284328489,"2026-07-06 08:18:05"
4330,190144,aphid,leafhopper,0,1,,https://www.inaturalist.org/observations/284309091,"2026-05-06 05:12:04"
4331,190035,other,Neuroptera,0,1,Neuroptera,https://www.inaturalist.org/observations/284249662,"2026-05-06 05:18:04"
4332,189927,aphid,leafhopper,0,2,leafhopper,https://www.inaturalist.org/observations/284089844,"2026-05-06 05:18:04"
4333,189924,unidentified,fly,0,1,fly,https://www.inaturalist.org/observations/284087382,"2026-05-06 05:18:04"
4334,189945,unidentified,bee,0,0,bee,https://www.inaturalist.org/observations/283989824,"2025-06-09 01:51:04"
4335,189227,fly,Mecoptera,0,2,Mecoptera,https://www.inaturalist.org/observations/283121823,"2026-07-06 08:18:05"
4336,188452,bee,"bee (sawfly)",0,1,,https://www.inaturalist.org/observations/282967727,"2026-05-06 05:57:05"
4337,188437,unidentified,leafhopper,0,0,leafhopper,https://www.inaturalist.org/observations/282964150,"2025-06-09 02:33:05"
4340,194007,unidentified,moths,0,0,moths,https://www.inaturalist.org/observations/287915596,"2025-06-09 00:00:06"
4341,193962,other,Polydesmida,0,1,Polydesmida,https://www.inaturalist.org/observations/287657187,"2026-05-06 03:27:04"
4342,193957,other,Polydesmida,0,1,Polydesmida,https://www.inaturalist.org/observations/287656272,"2026-05-06 03:27:04"
4343,193752,other,Isopoda,0,3,Isopoda,https://www.inaturalist.org/observations/287305639,"2026-05-06 03:33:03"
4344,193739,other,Polydesmida,0,0,Polydesmida,https://www.inaturalist.org/observations/287304152,"2025-06-09 00:06:06"
4345,193721,other,Polydesmida,0,0,Polydesmida,https://www.inaturalist.org/observations/287301296,"2025-06-09 00:09:04"
4346,193714,other,Polydesmida,0,0,Polydesmida,https://www.inaturalist.org/observations/287299937,"2025-06-09 00:09:04"
4347,193691,other,Polydesmida,0,0,Polydesmida,https://www.inaturalist.org/observations/287296131,"2025-06-09 00:09:04"
4348,193668,other,Polydesmida,0,0,Polydesmida,https://www.inaturalist.org/observations/287291278,"2025-06-09 00:09:04"
4349,193648,other,Isopoda,0,2,Isopoda,https://www.inaturalist.org/observations/287285820,"2026-05-06 03:36:04"
4350,193645,other,Neuroptera,0,1,Neuroptera,https://www.inaturalist.org/observations/287285243,"2026-05-06 03:36:04"
4353,193512,bee,ant,0,1,,https://www.inaturalist.org/observations/287058012,"2026-05-06 03:39:04"
4354,193459,bee,ant,0,1,,https://www.inaturalist.org/observations/287041783,"2026-05-06 03:42:04"
4355,193433,other,Entomobryomorpha,0,0,Entomobryomorpha,https://www.inaturalist.org/observations/287036087,"2025-06-09 00:18:06"
4358,193170,bee,ant,0,1,,https://www.inaturalist.org/observations/286810911,"2026-05-06 03:48:03"
4359,193101,other,Entomobryomorpha,0,0,Entomobryomorpha,https://www.inaturalist.org/observations/286804416,"2025-06-09 00:24:04"
4360,192987,bee,ant,0,1,,https://www.inaturalist.org/observations/286795797,"2026-05-06 03:54:04"
4362,192925,bee,ant,0,1,,https://www.inaturalist.org/observations/286790040,"2026-05-06 03:57:03"
4366,192857,bee,ant,0,1,,https://www.inaturalist.org/observations/286783581,"2026-05-06 04:00:05"
4368,189818,unidentified,truebugs,0,0,truebugs,https://www.inaturalist.org/observations/286635270,"2025-06-09 00:36:05"
4370,192618,leafhopper,aphid,0,2,aphid,https://www.inaturalist.org/observations/286567417,"2026-05-06 04:03:04"
4373,192609,beetle,beetle,0,2,beetle,https://www.inaturalist.org/observations/286566353,"2026-05-06 04:03:04"
4374,192605,beetle,beetle,0,1,,https://www.inaturalist.org/observations/286565599,"2026-05-06 04:03:04"
4375,192575,beetle,beetle,0,2,beetle,https://www.inaturalist.org/observations/286561156,"2026-05-06 04:06:04"
4376,192566,beetle,beetle,0,2,beetle,https://www.inaturalist.org/observations/286559445,"2026-05-06 04:06:04"
4384,192089,leafhopper,aphid,0,2,aphid,https://www.inaturalist.org/observations/286268717,"2026-05-06 04:21:04"
4385,192082,leafhopper,aphid,0,2,aphid,https://www.inaturalist.org/observations/286268001,"2026-05-06 04:21:04"
4386,192040,other,Neuroptera,0,1,Neuroptera,https://www.inaturalist.org/observations/286261264,"2026-05-06 04:21:04"
4390,191761,bee,"bee (sawfly)",0,1,,https://www.inaturalist.org/observations/286018182,"2026-05-06 04:27:05"
4392,191210,other,Spirobolida,0,0,Spirobolida,https://www.inaturalist.org/observations/285064196,"2025-06-09 01:18:04"
4393,191201,bee,ant,0,1,,https://www.inaturalist.org/observations/285060802,"2026-05-06 04:45:03"
4394,190125,bee,ant,0,1,,https://www.inaturalist.org/observations/284295859,"2026-05-06 05:15:04"
4398,162937,moths,leafhopper,0,1,,https://www.inaturalist.org/observations/219319020,"2025-06-09 09:24:05"
4400,196098,aphid,leafhopper,0,2,leafhopper,https://www.inaturalist.org/observations/289270682,"2026-05-06 02:27:04"
4401,196024,leafhopper,"Neuroptera, aphid",0,3,Neuroptera,https://www.inaturalist.org/observations/289259910,"2026-07-06 08:06:06"
4403,195929,leafhopper,aphid,0,2,aphid,https://www.inaturalist.org/observations/289248750,"2026-05-06 02:36:04"
4407,195768,aphid,leafhopper,0,2,leafhopper,https://www.inaturalist.org/observations/289074013,"2026-05-06 02:42:03"
4408,195295,aphid,leafhopper,0,2,leafhopper,https://www.inaturalist.org/observations/288825503,"2026-07-06 08:06:06"
4409,195245,unidentified,ant,0,2,ant,https://www.inaturalist.org/observations/288806117,"2026-05-06 02:51:04"
4410,195181,fly,leafhopper,0,3,leafhopper,https://www.inaturalist.org/observations/288754794,"2026-07-06 08:06:06"
4413,195117,leafhopper,aphid,0,2,aphid,https://www.inaturalist.org/observations/288749284,"2026-07-06 08:06:06"
4415,194943,other,Odonata,0,1,Odonata,https://www.inaturalist.org/observations/288734684,"2026-05-06 03:00:05"
4416,194938,other,aphid,3,1,Neuroptera,https://www.inaturalist.org/observations/288734113,"2026-07-06 08:06:06"
4419,194847,leafhopper,aphid,2,1,leafhopper,https://www.inaturalist.org/observations/288726188,"2026-07-06 08:09:06"
4426,194017,bee,ant,0,1,,https://www.inaturalist.org/observations/287950687,"2026-05-06 03:24:04"
4430,189582,bee,ant,0,1,,https://www.inaturalist.org/observations/283374133,"2026-05-06 05:27:04"
4431,187956,other,Psocodea,0,2,Psocodea,https://www.inaturalist.org/observations/282831324,"2026-07-06 08:21:05"
4432,187863,other,Psocodea,0,2,Psocodea,https://www.inaturalist.org/observations/282820030,"2026-02-23 09:33:04"
4433,186502,other,aphid,0,1,,https://www.inaturalist.org/observations/279709102,"2025-09-08 09:51:04"
4434,186330,other,truebugs,0,2,truebugs,https://www.inaturalist.org/observations/279510894,"2026-07-06 08:27:06"
4436,184194,fly,aphid,0,1,,https://www.inaturalist.org/observations/262343229,"2025-07-28 09:48:04"
4437,178191,beetle,Blattodea,0,1,,https://www.inaturalist.org/observations/231402818,"2025-07-07 09:33:06"
4438,176166,fly,beetle,0,1,,https://www.inaturalist.org/observations/228493522,"2025-06-30 09:30:06"
4439,174932,caterpillar,beetle,0,1,,https://www.inaturalist.org/observations/227076102,"2025-06-30 09:51:05"
4440,172847,other,truebugs,0,2,truebugs,https://www.inaturalist.org/observations/225507761,"2025-06-23 09:06:06"
4447,198360,leafhopper,aphid,0,2,aphid,https://www.inaturalist.org/observations/291203428,"2026-07-06 08:00:07"
4448,198337,other,Polydesmida,0,1,Polydesmida,https://www.inaturalist.org/observations/291200222,"2026-05-06 01:36:05"
4449,198195,other,Blattodea,0,1,Blattodea,https://www.inaturalist.org/observations/291198282,"2026-05-06 01:39:04"
4450,198199,aphid,leafhopper,0,2,leafhopper,https://www.inaturalist.org/observations/291196548,"2026-07-06 08:00:07"
4451,198207,aphid,leafhopper,0,2,leafhopper,https://www.inaturalist.org/observations/291195362,"2026-07-06 08:00:07"
4452,198208,aphid,leafhopper,0,2,leafhopper,https://www.inaturalist.org/observations/291194708,"2026-05-06 01:39:04"
4454,198118,bee,ant,0,1,,https://www.inaturalist.org/observations/290930702,"2026-05-06 01:45:05"
4455,198054,leafhopper,aphid,0,2,aphid,https://www.inaturalist.org/observations/290920053,"2026-05-06 01:45:05"
4456,198041,other,Neuroptera,0,1,Neuroptera,https://www.inaturalist.org/observations/290918880,"2026-05-06 01:48:04"
4457,197983,other,Polydesmida,0,2,Polydesmida,https://www.inaturalist.org/observations/290753679,"2026-05-06 01:48:04"
4466,197234,other,Entomobryomorpha,0,1,Entomobryomorpha,https://www.inaturalist.org/observations/290418589,"2026-05-06 02:06:04"
4469,196839,beetle,truebugs,0,2,truebugs,https://www.inaturalist.org/observations/290164880,"2026-05-06 02:18:46"
4470,196733,truebugs,Psocodea,0,2,Psocodea,https://www.inaturalist.org/observations/290156159,"2026-05-06 02:21:04"
4472,193695,other,Tricladida,0,1,Tricladida,https://www.inaturalist.org/observations/287296913,"2026-05-06 03:33:03"
4477,199851,ant,ant,0,1,ant,https://www.inaturalist.org/observations/293123044,"2026-05-06 00:36:05"
4478,199832,spider,spider,0,2,spider,https://www.inaturalist.org/observations/293119384,"2026-05-06 00:36:05"
4479,199810,spider,spider,0,2,spider,https://www.inaturalist.org/observations/293116039,"2026-07-06 07:57:05"
4480,199792,truebugs,truebugs,0,1,truebugs,https://www.inaturalist.org/observations/293113226,"2026-05-06 00:39:04"
4481,199754,spider,spider,0,1,spider,https://www.inaturalist.org/observations/293106022,"2026-05-06 00:39:04"
4482,199746,other,Psocodea,0,2,Psocodea,https://www.inaturalist.org/observations/293104965,"2026-07-06 07:57:05"
4483,199730,bee,"bee, ant",0,1,,https://www.inaturalist.org/observations/293103633,"2026-05-06 00:42:04"
4484,199561,grasshopper,grasshopper,0,2,grasshopper,https://www.inaturalist.org/observations/292881110,"2026-05-06 00:45:04"
4485,199559,grasshopper,grasshopper,0,2,grasshopper,https://www.inaturalist.org/observations/292881062,"2026-05-06 00:45:04"
4486,199555,spider,spider,0,3,spider,https://www.inaturalist.org/observations/292880330,"2026-05-06 00:45:04"
4487,199552,bee,"bee, ant",0,1,,https://www.inaturalist.org/observations/292880262,"2026-05-06 00:45:04"
4488,199549,spider,spider,0,0,spider,https://www.inaturalist.org/observations/292879618,"2026-05-06 00:45:04"
4489,199548,grasshopper,grasshopper,0,1,grasshopper,https://www.inaturalist.org/observations/292879600,"2026-05-06 00:45:04"
4490,199540,bee,"ant, bee",0,1,,https://www.inaturalist.org/observations/292878406,"2026-07-06 07:57:05"
4491,199527,caterpillar,caterpillar,0,1,caterpillar,https://www.inaturalist.org/observations/292876802,"2026-05-06 00:45:04"
4492,199524,bee,"bee, ant",0,1,,https://www.inaturalist.org/observations/292876748,"2026-05-06 00:45:04"
4493,199521,grasshopper,grasshopper,0,1,grasshopper,https://www.inaturalist.org/observations/292876267,"2026-05-06 00:48:04"
4494,199520,other,Psocodea,0,2,Psocodea,https://www.inaturalist.org/observations/292876239,"2026-05-06 00:48:04"
4495,199512,bee,"ant, bee",0,1,,https://www.inaturalist.org/observations/292875462,"2026-05-06 00:48:04"
4496,199507,beetle,beetle,0,2,beetle,https://www.inaturalist.org/observations/292874875,"2026-05-06 00:48:04"
4497,199497,beetle,beetle,0,1,beetle,https://www.inaturalist.org/observations/292874755,"2026-05-06 00:48:04"
4498,199496,beetle,beetle,0,1,beetle,https://www.inaturalist.org/observations/292874318,"2026-05-06 00:48:04"
4499,199492,beetle,beetle,0,1,beetle,https://www.inaturalist.org/observations/292874219,"2026-05-06 00:48:04"
4500,199481,spider,spider,0,3,spider,https://www.inaturalist.org/observations/292872036,"2026-05-06 00:48:04"
4501,199474,beetle,beetle,0,1,beetle,https://www.inaturalist.org/observations/292871942,"2026-05-06 00:48:04"
4502,199470,spider,spider,0,1,spider,https://www.inaturalist.org/observations/292866529,"2026-05-06 00:48:04"
4504,199373,bee,ant,0,1,,https://www.inaturalist.org/observations/292637136,"2026-05-06 00:51:04"
4505,199361,bee,ant,0,1,,https://www.inaturalist.org/observations/292635084,"2026-05-06 00:54:04"
4509,199204,bee,ant,0,1,,https://www.inaturalist.org/observations/292612191,"2026-05-06 01:00:05"
4512,198815,other,Blattodea,0,1,Blattodea,https://www.inaturalist.org/observations/292147445,"2026-05-06 01:15:04"
4515,198552,aphid,leafhopper,0,2,leafhopper,https://www.inaturalist.org/observations/292071159,"2026-05-06 01:27:05"
4516,198504,unidentified,caterpillar,0,1,caterpillar,https://www.inaturalist.org/observations/291784648,"2026-05-06 01:27:05"
4517,198404,other,Psocodea,0,1,Psocodea,https://www.inaturalist.org/observations/291281430,"2026-05-06 01:30:04"
4518,198076,bee,ant,0,1,,https://www.inaturalist.org/observations/290923092,"2026-05-06 01:45:05"
4520,197871,bee,ant,0,1,,https://www.inaturalist.org/observations/290685511,"2026-05-06 01:51:04"
4521,197666,bee,ant,0,1,,https://www.inaturalist.org/observations/290666710,"2026-05-06 01:57:04"
4522,197611,bee,ant,0,1,,https://www.inaturalist.org/observations/290661611,"2026-05-06 02:00:05"
4523,194918,bee,ant,0,1,,https://www.inaturalist.org/observations/288732294,"2026-05-06 03:00:05"
4524,201418,ant,bee,0,1,,https://www.inaturalist.org/observations/295817469,"2026-05-05 23:45:04"
4529,201012,spider,spider,0,2,spider,https://www.inaturalist.org/observations/294870984,"2026-05-05 23:54:05"
4530,201002,spider,spider,0,1,spider,https://www.inaturalist.org/observations/294870218,"2026-07-06 07:54:06"
4531,201000,beetle,beetle,0,1,beetle,https://www.inaturalist.org/observations/294869381,"2026-05-05 23:57:05"
4532,200989,fly,"Psocodea, truebugs",0,5,Psocodea,https://www.inaturalist.org/observations/294868651,"2026-07-06 07:54:06"
4533,200983,spider,spider,0,1,spider,https://www.inaturalist.org/observations/294867983,"2026-05-05 23:57:05"
4534,200974,ant,ant,0,1,ant,https://www.inaturalist.org/observations/294866289,"2026-05-05 23:57:05"
4535,200971,other,truebugs,0,1,truebugs,https://www.inaturalist.org/observations/294865781,"2026-05-05 23:57:05"
4536,200970,ant,ant,0,1,ant,https://www.inaturalist.org/observations/294865759,"2026-05-05 23:57:05"
4537,200966,spider,spider,0,1,spider,https://www.inaturalist.org/observations/294865136,"2026-05-05 23:57:05"
4538,200965,ant,ant,0,1,ant,https://www.inaturalist.org/observations/294865118,"2026-05-05 23:57:05"
4539,200963,ant,ant,0,1,ant,https://www.inaturalist.org/observations/294865086,"2026-05-05 23:57:05"
4540,200959,ant,ant,0,1,ant,https://www.inaturalist.org/observations/294864369,"2026-05-05 23:57:05"
4541,200948,spider,spider,0,2,spider,https://www.inaturalist.org/observations/294862821,"2026-05-05 23:57:05"
4542,200946,other,Psocodea,0,2,Psocodea,https://www.inaturalist.org/observations/294862067,"2026-07-06 07:54:06"
4544,200919,spider,spider,0,0,spider,https://www.inaturalist.org/observations/294858021,"2026-05-05 23:57:05"
4545,200918,spider,spider,0,0,spider,https://www.inaturalist.org/observations/294857396,"2026-05-05 23:57:05"
4546,200904,caterpillar,caterpillar,0,2,caterpillar,https://www.inaturalist.org/observations/294854665,"2026-05-06 00:00:04"
4547,200895,unidentified,leafhopper,0,1,leafhopper,https://www.inaturalist.org/observations/294852295,"2026-05-06 00:00:04"
4549,200884,spider,spider,0,0,spider,https://www.inaturalist.org/observations/294849505,"2026-05-06 00:00:04"
4550,200867,ant,ant,0,1,ant,https://www.inaturalist.org/observations/294843643,"2026-05-06 00:00:04"
4551,200865,spider,spider,0,2,spider,https://www.inaturalist.org/observations/294842897,"2026-05-06 00:00:04"
4552,200859,ant,"bee, ant",0,2,bee,https://www.inaturalist.org/observations/294840745,"2026-05-06 00:00:04"
4553,200851,spider,spider,0,1,spider,https://www.inaturalist.org/observations/294839577,"2026-05-06 00:00:04"
4554,200849,caterpillar,caterpillar,0,3,caterpillar,https://www.inaturalist.org/observations/294838966,"2026-05-06 00:00:04"
4555,200835,truebugs,truebugs,0,2,truebugs,https://www.inaturalist.org/observations/294835394,"2026-05-06 00:03:04"
4556,200830,grasshopper,grasshopper,0,0,grasshopper,https://www.inaturalist.org/observations/294833100,"2026-05-06 00:03:04"
4557,200826,beetle,beetle,0,0,beetle,https://www.inaturalist.org/observations/294832554,"2026-05-06 00:03:04"
4558,200813,grasshopper,grasshopper,0,1,grasshopper,https://www.inaturalist.org/observations/294830103,"2026-05-06 00:03:04"
4559,200809,spider,spider,0,1,spider,https://www.inaturalist.org/observations/294828729,"2026-05-06 00:03:04"
4560,200800,bee,"bee, ant",0,1,,https://www.inaturalist.org/observations/294826431,"2026-05-06 00:03:04"
4561,200795,truebugs,truebugs,0,2,truebugs,https://www.inaturalist.org/observations/294825913,"2026-07-06 07:54:06"
4572,200697,spider,spider,0,1,spider,https://www.inaturalist.org/observations/294629793,"2026-05-06 00:06:05"
4573,200695,leafhopper,leafhopper,0,5,leafhopper,https://www.inaturalist.org/observations/294629117,"2026-05-06 00:09:04"
4574,200679,spider,spider,0,1,spider,https://www.inaturalist.org/observations/294626574,"2026-05-06 00:09:04"
4575,200678,spider,spider,0,3,spider,https://www.inaturalist.org/observations/294626552,"2026-05-06 00:09:04"
4576,200672,spider,spider,0,3,spider,https://www.inaturalist.org/observations/294625557,"2026-05-06 00:09:04"
4577,200659,spider,spider,0,2,spider,https://www.inaturalist.org/observations/294623225,"2026-05-06 00:09:04"
4578,200638,moths,moths,0,3,moths,https://www.inaturalist.org/observations/294611547,"2026-05-06 00:12:04"
4584,200614,leafhopper,leafhopper,0,3,leafhopper,https://www.inaturalist.org/observations/294606118,"2026-05-06 00:12:04"
4585,200601,spider,spider,0,1,spider,https://www.inaturalist.org/observations/294603083,"2026-07-06 07:57:05"
4586,200591,beetle,beetle,0,1,beetle,https://www.inaturalist.org/observations/294600898,"2026-05-06 00:12:04"
4587,200589,beetle,beetle,0,1,beetle,https://www.inaturalist.org/observations/294599598,"2026-05-06 00:12:04"
4588,200587,beetle,beetle,0,0,beetle,https://www.inaturalist.org/observations/294599565,"2026-05-06 00:12:04"
4589,200577,spider,spider,0,1,spider,https://www.inaturalist.org/observations/294597810,"2026-05-06 00:12:04"
4590,200575,spider,spider,0,2,spider,https://www.inaturalist.org/observations/294597089,"2026-05-06 00:12:04"
4591,200564,spider,spider,0,0,spider,https://www.inaturalist.org/observations/294594213,"2026-05-06 00:12:04"
4592,200557,caterpillar,caterpillar,0,1,caterpillar,https://www.inaturalist.org/observations/294592146,"2026-05-06 00:15:04"
4593,200552,spider,spider,0,2,spider,https://www.inaturalist.org/observations/294591515,"2026-05-06 00:15:04"
4594,200550,ant,bee,0,3,bee,https://www.inaturalist.org/observations/294591498,"2026-05-06 00:15:04"
4595,200548,caterpillar,caterpillar,0,1,caterpillar,https://www.inaturalist.org/observations/294591477,"2026-07-06 07:57:05"
4596,200535,ant,ant,0,1,ant,https://www.inaturalist.org/observations/294588735,"2026-05-06 00:15:04"
4597,200531,truebugs,truebugs,0,1,truebugs,https://www.inaturalist.org/observations/294586005,"2026-05-06 00:15:04"
4598,200530,spider,spider,0,1,spider,https://www.inaturalist.org/observations/294585951,"2026-05-06 00:15:04"
4599,200525,caterpillar,caterpillar,0,3,caterpillar,https://www.inaturalist.org/observations/294585341,"2026-05-06 00:15:04"
4600,200523,caterpillar,caterpillar,0,3,caterpillar,https://www.inaturalist.org/observations/294585304,"2026-05-06 00:15:04"
4601,200500,caterpillar,caterpillar,0,0,caterpillar,https://www.inaturalist.org/observations/294578476,"2026-07-06 07:57:05"
4602,200498,spider,spider,0,2,spider,https://www.inaturalist.org/observations/294577852,"2026-07-06 07:57:05"
4603,200496,caterpillar,caterpillar,0,0,caterpillar,https://www.inaturalist.org/observations/294577146,"2026-07-06 07:57:05"
4604,200495,caterpillar,caterpillar,0,2,caterpillar,https://www.inaturalist.org/observations/294577117,"2026-05-06 00:15:04"
4605,200490,caterpillar,caterpillar,0,2,caterpillar,https://www.inaturalist.org/observations/294574952,"2026-05-06 00:18:04"
4606,200488,spider,spider,0,2,spider,https://www.inaturalist.org/observations/294574900,"2026-05-06 00:18:04"
4607,200487,leafhopper,leafhopper,0,1,leafhopper,https://www.inaturalist.org/observations/294574881,"2026-05-06 00:18:04"
4608,200484,spider,spider,0,1,spider,https://www.inaturalist.org/observations/294574357,"2026-05-06 00:18:04"
4609,200482,spider,spider,0,3,spider,https://www.inaturalist.org/observations/294573679,"2026-05-06 00:18:04"
4610,200481,spider,spider,0,2,spider,https://www.inaturalist.org/observations/294573634,"2026-05-06 00:18:04"
4612,200381,spider,spider,0,1,spider,https://www.inaturalist.org/observations/294350475,"2026-05-06 00:18:04"
4613,200359,spider,spider,0,3,spider,https://www.inaturalist.org/observations/294347620,"2026-05-06 00:21:04"
4614,200354,beetle,beetle,0,0,beetle,https://www.inaturalist.org/observations/294334294,"2026-05-06 00:21:04"
4615,200351,caterpillar,caterpillar,0,2,caterpillar,https://www.inaturalist.org/observations/294332929,"2026-05-06 00:21:04"
4616,200349,beetle,beetle,0,1,beetle,https://www.inaturalist.org/observations/294332804,"2026-05-06 00:21:04"
4617,200333,beetle,beetle,0,1,beetle,https://www.inaturalist.org/observations/294326805,"2026-05-06 00:21:04"
4618,200332,spider,spider,0,1,spider,https://www.inaturalist.org/observations/294325454,"2026-05-06 00:21:04"
4619,200328,grasshopper,grasshopper,0,1,grasshopper,https://www.inaturalist.org/observations/294325395,"2026-05-06 00:21:04"
4620,200321,leafhopper,leafhopper,0,1,leafhopper,https://www.inaturalist.org/observations/294320938,"2026-05-06 00:21:04"
4621,200314,spider,spider,0,2,spider,https://www.inaturalist.org/observations/294317432,"2026-05-06 00:21:04"
4622,200311,spider,spider,0,3,spider,https://www.inaturalist.org/observations/294316545,"2026-05-06 00:21:04"
4623,200306,caterpillar,caterpillar,0,1,caterpillar,https://www.inaturalist.org/observations/294313865,"2026-07-06 07:57:05"
4624,200296,caterpillar,caterpillar,0,1,caterpillar,https://www.inaturalist.org/observations/294311488,"2026-05-06 00:24:04"
4625,200289,spider,spider,0,1,spider,https://www.inaturalist.org/observations/294311437,"2026-05-06 00:24:04"
4627,200227,grasshopper,grasshopper,0,1,grasshopper,https://www.inaturalist.org/observations/294079598,"2026-05-06 00:24:04"
4628,200224,moths,moths,0,2,moths,https://www.inaturalist.org/observations/294066790,"2026-05-06 00:27:04"
4629,200215,spider,spider,0,2,spider,https://www.inaturalist.org/observations/294065435,"2026-05-06 00:27:04"
4630,200202,beetle,beetle,0,3,beetle,https://www.inaturalist.org/observations/294060013,"2026-05-06 00:27:04"
4631,200199,caterpillar,caterpillar,0,3,caterpillar,https://www.inaturalist.org/observations/294059196,"2026-07-06 07:57:05"
4632,200171,beetle,beetle,0,1,beetle,https://www.inaturalist.org/observations/294053270,"2026-05-06 00:27:04"
4633,200165,beetle,beetle,0,2,beetle,https://www.inaturalist.org/observations/294051749,"2026-05-06 00:27:04"
4634,200164,beetle,beetle,0,1,beetle,https://www.inaturalist.org/observations/294051697,"2026-05-06 00:30:04"
4635,200162,spider,spider,0,0,spider,https://www.inaturalist.org/observations/294049295,"2026-05-06 00:30:04"
4636,200161,spider,spider,0,0,spider,https://www.inaturalist.org/observations/294049266,"2026-05-06 00:30:04"
4637,200158,beetle,beetle,0,3,beetle,https://www.inaturalist.org/observations/294047946,"2026-05-06 00:30:04"
4638,200150,spider,spider,0,1,spider,https://www.inaturalist.org/observations/294045462,"2026-05-06 00:30:04"
4639,200140,spider,spider,0,0,spider,https://www.inaturalist.org/observations/294044798,"2026-05-06 00:30:04"
4640,200134,spider,spider,0,1,spider,https://www.inaturalist.org/observations/294043946,"2026-05-06 00:30:04"
4641,200116,grasshopper,grasshopper,0,1,grasshopper,https://www.inaturalist.org/observations/294041156,"2026-05-06 00:30:04"
4642,200112,beetle,beetle,0,2,beetle,https://www.inaturalist.org/observations/294038494,"2026-05-06 00:30:04"
4647,199695,other,Isopoda,0,2,Isopoda,https://www.inaturalist.org/observations/292995710,"2026-05-06 00:42:04"
4648,199256,caterpillar,aphid,3,1,caterpillar,https://www.inaturalist.org/observations/292618583,"2026-07-06 08:00:07"
4649,198782,bee,ant,0,1,,https://www.inaturalist.org/observations/292144436,"2026-05-06 01:18:05"
4650,198699,bee,ant,0,1,,https://www.inaturalist.org/observations/292102060,"2026-05-06 01:18:05"
4651,198572,bee,ant,0,1,,https://www.inaturalist.org/observations/292075766,"2026-05-06 01:24:04"
4652,198569,bee,ant,0,1,,https://www.inaturalist.org/observations/292075630,"2026-05-06 01:24:04"
4661,186894,aphid,truebugs,0,3,truebugs,https://www.inaturalist.org/observations/280596890,"2025-09-22 09:57:04"
4663,186340,aphid,truebugs,0,2,truebugs,https://www.inaturalist.org/observations/279515223,"2025-09-08 09:51:04"
4668,185272,aphid,truebugs,0,3,truebugs,https://www.inaturalist.org/observations/274958608,"2025-08-18 09:42:04"
4670,185258,aphid,beetle,0,2,beetle,https://www.inaturalist.org/observations/274922165,"2025-08-18 09:45:05"
4675,181864,aphid,truebugs,0,3,truebugs,https://www.inaturalist.org/observations/241005924,"2025-07-21 09:33:04"
4682,181522,aphid,truebugs,0,3,truebugs,https://www.inaturalist.org/observations/239651051,"2025-07-21 09:36:04"
4687,181455,aphid,truebugs,0,2,truebugs,https://www.inaturalist.org/observations/239631837,"2025-07-21 09:39:05"
4688,181454,aphid,truebugs,0,2,truebugs,https://www.inaturalist.org/observations/239631325,"2025-07-21 09:39:05"
4700,178750,aphid,leafhopper,0,3,leafhopper,https://www.inaturalist.org/observations/231832966,"2025-07-14 09:54:04"
4703,178702,aphid,leafhopper,0,3,leafhopper,https://www.inaturalist.org/observations/231820220,"2025-07-14 09:54:05"
4714,176930,aphid,truebugs,0,2,truebugs,https://www.inaturalist.org/observations/229715383,"2025-07-07 09:57:06"
4718,202401,spider,spider,0,1,spider,https://www.inaturalist.org/observations/297411116,"2026-05-05 23:09:03"
4728,202264,spider,spider,0,1,spider,https://www.inaturalist.org/observations/297016708,"2026-05-05 23:18:04"
4729,202258,other,Isopoda,0,2,Isopoda,https://www.inaturalist.org/observations/297015360,"2026-05-05 23:18:04"
4730,202250,other,Isopoda,0,2,Isopoda,https://www.inaturalist.org/observations/297014143,"2026-05-05 23:18:04"
4731,202249,other,Isopoda,0,2,Isopoda,https://www.inaturalist.org/observations/297014116,"2026-05-05 23:18:04"
4732,202244,other,Isopoda,0,2,Isopoda,https://www.inaturalist.org/observations/297013046,"2026-05-05 23:18:04"
4733,202236,leafhopper,leafhopper,0,2,leafhopper,https://www.inaturalist.org/observations/297011971,"2026-05-05 23:18:04"
4734,202210,spider,spider,0,2,spider,https://www.inaturalist.org/observations/297007328,"2026-07-06 07:51:05"
4735,202208,other,Isopoda,0,2,Isopoda,https://www.inaturalist.org/observations/297007291,"2026-05-05 23:18:04"
4736,202205,spider,spider,0,1,spider,https://www.inaturalist.org/observations/297006823,"2026-05-05 23:21:04"
4737,202200,other,Isopoda,0,1,Isopoda,https://www.inaturalist.org/observations/297006264,"2026-05-05 23:21:04"
4738,202199,spider,spider,0,1,spider,https://www.inaturalist.org/observations/297006234,"2026-05-05 23:21:04"
4739,202197,other,Polydesmida,0,1,Polydesmida,https://www.inaturalist.org/observations/297005695,"2026-05-05 23:21:04"
4740,202196,spider,spider,0,1,spider,https://www.inaturalist.org/observations/297005268,"2026-05-05 23:21:04"
4741,202195,other,Isopoda,0,1,Isopoda,https://www.inaturalist.org/observations/297005243,"2026-05-05 23:21:04"
4742,202194,spider,spider,0,1,spider,https://www.inaturalist.org/observations/297005190,"2026-05-05 23:21:04"
4743,202191,spider,spider,0,2,spider,https://www.inaturalist.org/observations/297004745,"2026-05-05 23:21:04"
4744,202190,spider,spider,0,2,spider,https://www.inaturalist.org/observations/297004732,"2026-05-05 23:21:04"
4745,202188,other,Isopoda,0,1,Isopoda,https://www.inaturalist.org/observations/297004690,"2026-05-05 23:21:04"
4746,202186,spider,spider,0,1,spider,https://www.inaturalist.org/observations/297004672,"2026-05-05 23:21:04"
4747,202183,other,Isopoda,0,2,Isopoda,https://www.inaturalist.org/observations/297003747,"2026-05-05 23:21:04"
4748,202182,other,Isopoda,0,2,Isopoda,https://www.inaturalist.org/observations/297003731,"2026-05-05 23:21:04"
4749,202178,other,Isopoda,0,2,Isopoda,https://www.inaturalist.org/observations/297003673,"2026-05-05 23:21:04"
4750,202177,other,Isopoda,0,2,Isopoda,https://www.inaturalist.org/observations/297003139,"2026-05-05 23:21:04"
4751,202174,other,Isopoda,0,2,Isopoda,https://www.inaturalist.org/observations/297003108,"2026-05-05 23:21:04"
4752,202173,spider,spider,0,2,spider,https://www.inaturalist.org/observations/297002732,"2026-05-05 23:21:04"
4753,202172,other,"Polydesmida, Isopoda",0,3,Polydesmida,https://www.inaturalist.org/observations/297002705,"2026-05-05 23:21:04"
4754,202168,other,Isopoda,0,2,Isopoda,https://www.inaturalist.org/observations/297002116,"2026-05-05 23:21:04"
4755,202163,other,Isopoda,0,2,Isopoda,https://www.inaturalist.org/observations/297001561,"2026-05-05 23:21:04"
4756,202100,spider,spider,0,1,spider,https://www.inaturalist.org/observations/296801565,"2026-05-05 23:21:04"
4757,202094,other,beetle,0,3,beetle,https://www.inaturalist.org/observations/296799803,"2026-05-05 23:21:04"
4758,202092,other,bee,0,1,bee,https://www.inaturalist.org/observations/296797920,"2026-05-05 23:21:04"
4759,202085,spider,spider,0,1,spider,https://www.inaturalist.org/observations/296794145,"2026-05-05 23:21:04"
4760,201933,spider,spider,0,1,spider,https://www.inaturalist.org/observations/296506068,"2026-05-05 23:24:04"
4761,201929,spider,spider,0,0,spider,https://www.inaturalist.org/observations/296506006,"2026-05-05 23:24:04"
4762,201919,grasshopper,grasshopper,0,1,grasshopper,https://www.inaturalist.org/observations/296505392,"2026-05-05 23:24:04"
4763,201912,leafhopper,leafhopper,0,1,leafhopper,https://www.inaturalist.org/observations/296504179,"2026-05-05 23:24:04"
4764,201910,ant,ant,0,1,ant,https://www.inaturalist.org/observations/296504112,"2026-05-05 23:24:04"
4765,201906,leafhopper,leafhopper,0,2,leafhopper,https://www.inaturalist.org/observations/296504004,"2026-05-05 23:24:04"
4766,201905,spider,spider,0,1,spider,https://www.inaturalist.org/observations/296503467,"2026-05-05 23:24:04"
4767,201904,leafhopper,leafhopper,0,1,leafhopper,https://www.inaturalist.org/observations/296503436,"2026-05-05 23:24:04"
4768,201894,leafhopper,leafhopper,0,2,leafhopper,https://www.inaturalist.org/observations/296502828,"2026-05-05 23:27:04"
4769,201889,beetle,beetle,0,1,beetle,https://www.inaturalist.org/observations/296502004,"2026-05-05 23:27:04"
4770,201887,truebugs,truebugs,0,1,truebugs,https://www.inaturalist.org/observations/296500602,"2026-05-05 23:27:04"
4771,201886,spider,spider,0,3,spider,https://www.inaturalist.org/observations/296500590,"2026-05-05 23:27:04"
4772,201868,ant,ant,0,1,ant,https://www.inaturalist.org/observations/296497867,"2026-05-05 23:27:04"
4773,201839,caterpillar,caterpillar,0,1,caterpillar,https://www.inaturalist.org/observations/296494934,"2026-05-05 23:27:04"
4774,201837,leafhopper,leafhopper,0,0,leafhopper,https://www.inaturalist.org/observations/296494179,"2026-05-05 23:27:04"
4775,201814,grasshopper,grasshopper,0,1,grasshopper,https://www.inaturalist.org/observations/296491509,"2026-05-05 23:27:04"
4776,201811,grasshopper,grasshopper,0,1,grasshopper,https://www.inaturalist.org/observations/296490913,"2026-05-05 23:30:04"
4777,201801,spider,spider,0,2,spider,https://www.inaturalist.org/observations/296489397,"2026-05-05 23:30:04"
4778,201800,ant,ant,0,1,ant,https://www.inaturalist.org/observations/296489381,"2026-05-05 23:30:04"
4779,201769,aphid,beetle,0,1,,https://www.inaturalist.org/observations/296274652,"2026-05-05 23:30:04"
4780,201768,aphid,truebugs,0,2,truebugs,https://www.inaturalist.org/observations/296274628,"2026-05-05 23:30:04"
4781,201748,aphid,aphid,0,1,aphid,https://www.inaturalist.org/observations/296265926,"2026-05-05 23:30:04"
4782,201747,spider,spider,0,2,spider,https://www.inaturalist.org/observations/296265900,"2026-05-05 23:30:04"
4783,201740,aphid,aphid,0,1,aphid,https://www.inaturalist.org/observations/296265246,"2026-05-05 23:30:04"
4784,201739,spider,spider,0,2,spider,https://www.inaturalist.org/observations/296265215,"2026-05-05 23:30:04"
4785,201733,spider,spider,0,2,spider,https://www.inaturalist.org/observations/296264522,"2026-05-05 23:30:04"
4786,201729,spider,spider,0,1,spider,https://www.inaturalist.org/observations/296263847,"2026-05-05 23:30:04"
4787,201728,beetle,beetle,0,3,beetle,https://www.inaturalist.org/observations/296263814,"2026-05-05 23:30:04"
4788,201724,leafhopper,leafhopper,0,3,leafhopper,https://www.inaturalist.org/observations/296263131,"2026-05-05 23:33:04"
4789,201717,spider,spider,0,2,spider,https://www.inaturalist.org/observations/296262356,"2026-05-05 23:33:04"
4790,201710,spider,spider,0,2,spider,https://www.inaturalist.org/observations/296261662,"2026-05-05 23:33:04"
4791,201704,spider,spider,0,1,spider,https://www.inaturalist.org/observations/296260314,"2026-05-05 23:33:04"
4792,201696,caterpillar,caterpillar,0,1,caterpillar,https://www.inaturalist.org/observations/296258277,"2026-05-05 23:33:04"
4793,201689,caterpillar,caterpillar,0,2,caterpillar,https://www.inaturalist.org/observations/296256955,"2026-05-05 23:33:04"
4794,201687,spider,spider,0,0,spider,https://www.inaturalist.org/observations/296256217,"2026-05-05 23:33:04"
4795,201684,spider,spider,0,2,spider,https://www.inaturalist.org/observations/296255167,"2026-05-05 23:33:04"
4796,201682,ant,ant,0,1,ant,https://www.inaturalist.org/observations/296255137,"2026-05-05 23:33:04"
4797,201675,beetle,beetle,0,1,beetle,https://www.inaturalist.org/observations/296253811,"2026-05-05 23:33:04"
4798,201669,spider,spider,0,2,spider,https://www.inaturalist.org/observations/296252661,"2026-05-05 23:36:05"
4799,201666,spider,spider,0,2,spider,https://www.inaturalist.org/observations/296252566,"2026-05-05 23:36:05"
4800,201664,grasshopper,grasshopper,0,0,grasshopper,https://www.inaturalist.org/observations/296252497,"2026-05-05 23:36:05"
4801,201663,spider,spider,0,2,spider,https://www.inaturalist.org/observations/296251877,"2026-05-05 23:36:05"
4802,201661,spider,spider,0,1,spider,https://www.inaturalist.org/observations/296251858,"2026-05-05 23:36:05"
4803,201650,other,Trichoptera,0,0,Trichoptera,https://www.inaturalist.org/observations/296250501,"2026-05-05 23:36:05"
4804,201643,grasshopper,grasshopper,0,0,grasshopper,https://www.inaturalist.org/observations/296249238,"2026-05-05 23:36:05"
4805,201639,spider,spider,0,2,spider,https://www.inaturalist.org/observations/296248539,"2026-05-05 23:36:05"
4806,201638,fly,fly,0,1,fly,https://www.inaturalist.org/observations/296247981,"2026-05-05 23:36:05"
4807,201635,spider,spider,0,2,spider,https://www.inaturalist.org/observations/296247961,"2026-05-05 23:36:05"
4808,201627,beetle,beetle,0,2,beetle,https://www.inaturalist.org/observations/296246734,"2026-05-05 23:36:05"
4809,201626,spider,spider,0,1,spider,https://www.inaturalist.org/observations/296246715,"2026-05-05 23:36:05"
4810,201621,aphid,aphid,0,1,aphid,https://www.inaturalist.org/observations/296246001,"2026-05-05 23:36:05"
4811,201607,spider,spider,0,1,spider,https://www.inaturalist.org/observations/296244129,"2026-05-05 23:39:04"
4812,201592,leafhopper,leafhopper,0,1,leafhopper,https://www.inaturalist.org/observations/296241848,"2026-05-05 23:39:04"
4813,201583,beetle,beetle,0,0,beetle,https://www.inaturalist.org/observations/296241096,"2026-05-05 23:39:04"
4814,201531,spider,spider,0,2,spider,https://www.inaturalist.org/observations/296015580,"2026-05-05 23:42:04"
4815,201529,spider,spider,0,3,spider,https://www.inaturalist.org/observations/296015518,"2026-05-05 23:42:04"
4816,201516,spider,spider,0,1,spider,https://www.inaturalist.org/observations/296013557,"2026-05-05 23:42:04"
4817,201509,other,Polydesmida,0,1,Polydesmida,https://www.inaturalist.org/observations/296012761,"2026-05-05 23:42:04"
4818,201497,spider,spider,0,1,spider,https://www.inaturalist.org/observations/296011495,"2026-05-05 23:42:04"
4819,201462,spider,spider,0,1,spider,https://www.inaturalist.org/observations/295992231,"2026-05-05 23:45:04"
4820,201460,truebugs,truebugs,0,1,truebugs,https://www.inaturalist.org/observations/295990794,"2026-05-05 23:45:04"
4825,200952,grasshopper,grasshopper,0,0,grasshopper,https://www.inaturalist.org/observations/294863504,"2026-05-05 23:57:05"
4826,200901,aphid,aphid,0,1,aphid,https://www.inaturalist.org/observations/294854117,"2026-05-06 00:00:04"
4827,200832,aphid,aphid,0,1,aphid,https://www.inaturalist.org/observations/294833596,"2026-05-06 00:03:04"
4829,200655,aphid,"truebugs, aphid",0,3,truebugs,https://www.inaturalist.org/observations/294623160,"2026-07-06 07:57:05"
4830,200616,grasshopper,grasshopper,0,0,grasshopper,https://www.inaturalist.org/observations/294606893,"2026-05-06 00:12:04"
4831,200492,aphid,"truebugs, aphid",0,3,truebugs,https://www.inaturalist.org/observations/294575570,"2026-05-06 00:15:04"
4833,200152,grasshopper,grasshopper,0,0,grasshopper,https://www.inaturalist.org/observations/294046059,"2026-05-06 00:30:04"
4834,199545,grasshopper,grasshopper,0,1,grasshopper,https://www.inaturalist.org/observations/292879083,"2026-05-06 00:45:04"
4835,199516,grasshopper,grasshopper,0,0,grasshopper,https://www.inaturalist.org/observations/292875507,"2026-05-06 00:48:04"
4836,199488,grasshopper,grasshopper,0,0,grasshopper,https://www.inaturalist.org/observations/292874127,"2026-05-06 00:48:04"
4860,180067,beetle,Psocodea,0,1,,https://www.inaturalist.org/observations/234806128,"2025-07-14 09:27:04"
4861,180063,caterpillar,Psocodea,0,1,,https://www.inaturalist.org/observations/234805162,"2025-07-14 09:27:04"
4862,180062,caterpillar,Psocodea,0,1,,https://www.inaturalist.org/observations/234804855,"2025-07-14 09:27:04"
4863,180060,beetle,Psocodea,0,1,,https://www.inaturalist.org/observations/234804205,"2025-07-14 09:27:04"
4864,179382,fly,ant,0,3,ant,https://www.inaturalist.org/observations/232971297,"2026-07-06 08:42:06"
4868,203503,leafhopper,"truebugs, leafhopper",0,3,truebugs,https://www.inaturalist.org/observations/298974508,"2026-07-06 07:48:06"
4869,203498,truebugs,"Psocodea, truebugs",0,3,Psocodea,https://www.inaturalist.org/observations/298940877,"2026-07-06 07:48:06"
4870,203495,spider,spider,0,1,spider,https://www.inaturalist.org/observations/298937045,"2026-05-05 22:39:04"
4871,203486,aphid,"leafhopper, aphid",0,1,,https://www.inaturalist.org/observations/298926519,"2026-05-05 22:39:04"
4872,203475,spider,spider,0,2,spider,https://www.inaturalist.org/observations/298920204,"2026-05-05 22:39:04"
4873,203471,spider,spider,0,1,spider,https://www.inaturalist.org/observations/298919044,"2026-05-05 22:39:04"
4874,203469,spider,spider,0,1,spider,https://www.inaturalist.org/observations/298918958,"2026-05-05 22:42:04"
4875,203466,other,Isopoda,0,4,Isopoda,https://www.inaturalist.org/observations/298918209,"2026-07-06 07:48:06"
4876,203461,spider,spider,0,1,spider,https://www.inaturalist.org/observations/298917565,"2026-05-05 22:42:04"
4877,203455,beetle,beetle,0,2,beetle,https://www.inaturalist.org/observations/298916923,"2026-05-05 22:42:04"
4878,203451,beetle,beetle,0,2,beetle,https://www.inaturalist.org/observations/298916328,"2026-05-05 22:42:04"
4879,203450,spider,spider,0,1,spider,https://www.inaturalist.org/observations/298916309,"2026-05-05 22:42:04"
4880,203447,beetle,beetle,0,2,beetle,https://www.inaturalist.org/observations/298916273,"2026-05-05 22:42:04"
4881,203443,spider,spider,0,1,spider,https://www.inaturalist.org/observations/298915586,"2026-05-05 22:42:04"
4882,203428,spider,spider,0,1,spider,https://www.inaturalist.org/observations/298912416,"2026-05-05 22:42:04"
4883,203426,truebugs,truebugs,0,2,truebugs,https://www.inaturalist.org/observations/298911833,"2026-05-05 22:42:04"
4884,203421,spider,spider,0,2,spider,https://www.inaturalist.org/observations/298911159,"2026-05-05 22:42:04"
4885,203420,spider,spider,0,3,spider,https://www.inaturalist.org/observations/298911146,"2026-05-05 22:42:04"
4886,203416,other,Psocodea,0,2,Psocodea,https://www.inaturalist.org/observations/298909393,"2026-07-06 07:48:06"
4887,203409,bee,bee,0,1,bee,https://www.inaturalist.org/observations/298907747,"2026-05-05 22:45:03"
4888,203404,beetle,beetle,0,3,beetle,https://www.inaturalist.org/observations/298907041,"2026-05-05 22:45:03"
4889,203283,fly,fly,0,1,fly,https://www.inaturalist.org/observations/298722737,"2026-05-05 22:45:03"
4890,203276,spider,spider,0,2,spider,https://www.inaturalist.org/observations/298721967,"2026-05-05 22:45:03"
4891,203267,other,beetle,0,1,beetle,https://www.inaturalist.org/observations/298694420,"2026-05-05 22:48:04"
4892,203257,other,beetle,0,2,beetle,https://www.inaturalist.org/observations/298690095,"2026-05-05 22:48:04"
4893,203243,leafhopper,leafhopper,0,2,leafhopper,https://www.inaturalist.org/observations/298688186,"2026-05-05 22:48:04"
4894,203221,spider,spider,0,1,spider,https://www.inaturalist.org/observations/298684787,"2026-05-05 22:48:04"
4895,203218,bee,beetle,0,1,beetle,https://www.inaturalist.org/observations/298683488,"2026-05-05 22:48:04"
4896,203207,spider,spider,0,2,spider,https://www.inaturalist.org/observations/298682283,"2026-05-05 22:48:04"
4899,203196,spider,spider,0,1,spider,https://www.inaturalist.org/observations/298678775,"2026-05-05 22:48:04"
4900,203186,other,Ephemeroptera,0,1,Ephemeroptera,https://www.inaturalist.org/observations/298675411,"2026-05-05 22:48:04"
4901,203184,caterpillar,caterpillar,0,2,caterpillar,https://www.inaturalist.org/observations/298674726,"2026-07-06 07:51:05"
4902,203181,spider,spider,0,2,spider,https://www.inaturalist.org/observations/298672297,"2026-05-05 22:48:04"
4903,203179,other,Ephemeroptera,0,1,Ephemeroptera,https://www.inaturalist.org/observations/298672261,"2026-05-05 22:48:04"
4904,203172,spider,spider,0,1,spider,https://www.inaturalist.org/observations/298667586,"2026-05-05 22:51:04"
4905,203170,truebugs,truebugs,0,1,truebugs,https://www.inaturalist.org/observations/298662312,"2026-07-06 07:51:05"
4906,203157,spider,spider,0,2,spider,https://www.inaturalist.org/observations/298659380,"2026-05-05 22:51:04"
4907,203154,caterpillar,caterpillar,0,2,caterpillar,https://www.inaturalist.org/observations/298658836,"2026-05-05 22:51:04"
4908,203151,beetle,beetle,0,2,beetle,https://www.inaturalist.org/observations/298658182,"2026-05-05 22:51:04"
4909,203148,truebugs,truebugs,0,2,truebugs,https://www.inaturalist.org/observations/298657319,"2026-05-05 22:51:04"
4910,203085,beetle,beetle,0,2,beetle,https://www.inaturalist.org/observations/298429651,"2026-05-05 22:51:04"
4911,203079,spider,spider,0,1,spider,https://www.inaturalist.org/observations/298428413,"2026-05-05 22:54:04"
4912,203078,spider,spider,0,2,spider,https://www.inaturalist.org/observations/298428396,"2026-05-05 22:54:04"
4913,203073,spider,spider,0,1,spider,https://www.inaturalist.org/observations/298427709,"2026-05-05 22:54:04"
4914,203050,leafhopper,leafhopper,0,1,leafhopper,https://www.inaturalist.org/observations/298421318,"2026-05-05 22:54:04"
4915,203045,spider,spider,0,0,spider,https://www.inaturalist.org/observations/298419236,"2026-05-05 22:54:04"
4916,203042,spider,spider,0,1,spider,https://www.inaturalist.org/observations/298417894,"2026-05-05 22:54:04"
4917,203032,beetle,beetle,0,2,beetle,https://www.inaturalist.org/observations/298417275,"2026-05-05 22:54:04"
4918,203016,spider,spider,0,1,spider,https://www.inaturalist.org/observations/298413988,"2026-05-05 22:54:04"
4919,203007,spider,spider,0,3,spider,https://www.inaturalist.org/observations/298412247,"2026-05-05 22:54:04"
4920,203001,caterpillar,caterpillar,0,1,caterpillar,https://www.inaturalist.org/observations/298411039,"2026-05-05 22:54:04"
4921,202997,spider,spider,0,2,spider,https://www.inaturalist.org/observations/298410489,"2026-05-05 22:54:04"
4922,202991,grasshopper,grasshopper,0,0,grasshopper,https://www.inaturalist.org/observations/298410009,"2026-05-05 22:57:04"
4923,202986,spider,spider,0,1,spider,https://www.inaturalist.org/observations/298408691,"2026-05-05 22:57:04"
4924,202981,spider,spider,0,3,spider,https://www.inaturalist.org/observations/298407430,"2026-05-05 22:57:04"
4925,202968,grasshopper,grasshopper,0,1,grasshopper,https://www.inaturalist.org/observations/298405154,"2026-05-05 22:57:04"
4926,202948,bee,"fly, bee",0,3,fly,https://www.inaturalist.org/observations/298174454,"2026-07-06 07:51:05"
4927,202942,spider,spider,0,1,spider,https://www.inaturalist.org/observations/298173723,"2026-05-05 22:57:04"
4928,202941,spider,spider,0,1,spider,https://www.inaturalist.org/observations/298173706,"2026-05-05 22:57:04"
4929,202940,spider,spider,0,1,spider,https://www.inaturalist.org/observations/298173109,"2026-05-05 22:57:04"
4930,202939,spider,spider,0,1,spider,https://www.inaturalist.org/observations/298173087,"2026-05-05 22:57:04"
4931,202938,caterpillar,caterpillar,0,1,caterpillar,https://www.inaturalist.org/observations/298173069,"2026-05-05 22:57:04"
4932,202918,truebugs,truebugs,0,1,truebugs,https://www.inaturalist.org/observations/298170122,"2026-05-05 23:00:05"
4933,202916,other,Dermaptera,0,1,Dermaptera,https://www.inaturalist.org/observations/298169511,"2026-05-05 23:00:05"
4934,202908,spider,spider,0,2,spider,https://www.inaturalist.org/observations/298168157,"2026-05-05 23:00:05"
4935,202897,caterpillar,caterpillar,0,1,caterpillar,https://www.inaturalist.org/observations/298167423,"2026-05-05 23:00:05"
4936,202885,caterpillar,caterpillar,0,1,caterpillar,https://www.inaturalist.org/observations/298164489,"2026-07-06 07:51:05"
4937,202881,beetle,beetle,0,4,beetle,https://www.inaturalist.org/observations/298163101,"2026-05-05 23:00:05"
4938,202879,leafhopper,leafhopper,0,2,leafhopper,https://www.inaturalist.org/observations/298162411,"2026-05-05 23:00:05"
4939,202878,spider,spider,0,2,spider,https://www.inaturalist.org/observations/298162400,"2026-05-05 23:00:05"
4940,202877,spider,spider,0,1,spider,https://www.inaturalist.org/observations/298162373,"2026-05-05 23:00:05"
4941,202870,spider,spider,0,1,spider,https://www.inaturalist.org/observations/298161224,"2026-05-05 23:00:05"
4942,202862,caterpillar,caterpillar,0,1,caterpillar,https://www.inaturalist.org/observations/298158579,"2026-07-06 07:51:05"
4943,202860,caterpillar,caterpillar,0,2,caterpillar,https://www.inaturalist.org/observations/298158536,"2026-05-05 23:00:05"
4944,202857,caterpillar,caterpillar,0,1,caterpillar,https://www.inaturalist.org/observations/298158015,"2026-07-06 07:51:05"
4945,202856,caterpillar,caterpillar,0,3,caterpillar,https://www.inaturalist.org/observations/298157981,"2026-07-06 07:51:05"
4946,202854,spider,spider,0,1,spider,https://www.inaturalist.org/observations/298157362,"2026-05-05 23:03:04"
4947,202853,caterpillar,caterpillar,0,1,caterpillar,https://www.inaturalist.org/observations/298156801,"2026-07-06 07:51:05"
4948,202852,other,Psocodea,0,1,Psocodea,https://www.inaturalist.org/observations/298156762,"2026-05-05 23:03:04"
4949,202846,spider,spider,0,2,spider,https://www.inaturalist.org/observations/298155544,"2026-05-05 23:03:04"
4950,202844,spider,spider,0,1,spider,https://www.inaturalist.org/observations/298155527,"2026-05-05 23:03:04"
4951,202840,spider,spider,0,1,spider,https://www.inaturalist.org/observations/298154220,"2026-05-05 23:03:04"
4952,202839,spider,spider,0,1,spider,https://www.inaturalist.org/observations/298154204,"2026-05-05 23:03:04"
4953,202836,beetle,spider,0,0,spider,https://www.inaturalist.org/observations/298153638,"2026-05-05 23:03:04"
4954,202822,spider,spider,0,2,spider,https://www.inaturalist.org/observations/298151953,"2026-05-05 23:03:04"
4955,202818,leafhopper,leafhopper,0,1,leafhopper,https://www.inaturalist.org/observations/298151448,"2026-05-05 23:03:04"
4960,202672,spider,spider,0,1,spider,https://www.inaturalist.org/observations/297896493,"2025-07-28 00:57:03"
4961,202671,spider,spider,0,1,spider,https://www.inaturalist.org/observations/297896449,"2025-07-28 00:57:03"
4962,202669,spider,spider,0,1,spider,https://www.inaturalist.org/observations/297896381,"2025-07-28 00:57:03"
4963,202666,spider,spider,0,1,spider,https://www.inaturalist.org/observations/297893501,"2025-07-28 00:57:03"
4964,202642,spider,spider,0,1,spider,https://www.inaturalist.org/observations/297890123,"2026-05-05 23:06:04"
4965,202633,spider,spider,0,2,spider,https://www.inaturalist.org/observations/297884965,"2026-05-05 23:06:04"
4966,202632,spider,spider,0,2,spider,https://www.inaturalist.org/observations/297884926,"2026-05-05 23:06:04"
4967,202628,spider,spider,0,1,spider,https://www.inaturalist.org/observations/297883667,"2026-05-05 23:06:04"
4968,202627,beetle,beetle,0,1,beetle,https://www.inaturalist.org/observations/297882360,"2026-05-05 23:06:04"
4969,202626,grasshopper,grasshopper,0,1,grasshopper,https://www.inaturalist.org/observations/297882335,"2026-05-05 23:06:04"
4970,202624,other,"Psocodea, beetle",0,1,,https://www.inaturalist.org/observations/297881276,"2026-05-05 23:06:04"
4971,202623,beetle,beetle,0,1,beetle,https://www.inaturalist.org/observations/297881258,"2026-05-05 23:06:04"
4972,202564,unidentified,spider,0,1,spider,https://www.inaturalist.org/observations/297699156,"2026-05-05 23:09:03"
4973,202556,spider,spider,0,1,spider,https://www.inaturalist.org/observations/297660638,"2026-05-05 23:09:03"
4974,202549,bee,bee,0,1,bee,https://www.inaturalist.org/observations/297644931,"2026-05-05 23:09:03"
4975,202542,aphid,"bee, fly",0,1,,https://www.inaturalist.org/observations/297636004,"2026-07-06 07:51:05"
4976,202413,aphid,leafhopper,0,1,leafhopper,https://www.inaturalist.org/observations/297413789,"2026-07-06 07:51:05"
4977,202398,bee,bee,0,1,bee,https://www.inaturalist.org/observations/297404045,"2026-05-05 23:09:03"
4978,202392,other,fly,0,1,fly,https://www.inaturalist.org/observations/297401643,"2026-05-05 23:12:04"
4979,202386,bee,"bee (sawfly), bee",0,1,,https://www.inaturalist.org/observations/297400940,"2026-05-05 23:12:04"
4980,202366,other,Symphypleona,0,1,Symphypleona,https://www.inaturalist.org/observations/297324594,"2026-05-05 23:12:04"
4983,202269,grasshopper,grasshopper,0,1,grasshopper,https://www.inaturalist.org/observations/297017235,"2026-05-05 23:15:04"
4984,202265,aphid,"leafhopper, aphid",0,1,,https://www.inaturalist.org/observations/297016728,"2026-05-05 23:18:04"
4986,198786,aphid,leafhopper,0,2,leafhopper,https://www.inaturalist.org/observations/292144528,"2026-05-06 01:18:05"
4988,196360,fly,beetle,0,2,beetle,https://www.inaturalist.org/observations/289596045,"2026-07-06 08:03:06"
4990,204548,spider,spider,0,1,spider,https://www.inaturalist.org/observations/301274234,"2026-05-05 22:03:04"
4991,204165,spider,spider,0,0,spider,https://www.inaturalist.org/observations/301001385,"2026-05-05 22:03:04"
4993,204462,spider,spider,0,2,spider,https://www.inaturalist.org/observations/300932338,"2026-05-05 22:06:04"
4994,204449,beetle,beetle,0,2,beetle,https://www.inaturalist.org/observations/300930262,"2026-05-05 22:06:04"
4995,204446,other,"Blattodea, Dermaptera",0,2,Blattodea,https://www.inaturalist.org/observations/300928892,"2026-07-06 07:48:06"
4996,204445,other,"Blattodea, Dermaptera",0,3,Blattodea,https://www.inaturalist.org/observations/300928858,"2026-07-06 07:48:06"
4997,204444,other,"grasshopper, Dermaptera",0,3,grasshopper,https://www.inaturalist.org/observations/300928830,"2026-07-06 07:48:06"
4998,204431,spider,spider,0,1,spider,https://www.inaturalist.org/observations/300925131,"2026-05-05 22:09:03"
4999,204410,ant,ant,0,1,ant,https://www.inaturalist.org/observations/300922855,"2026-05-05 22:09:03"
5000,204407,leafhopper,leafhopper,0,1,leafhopper,https://www.inaturalist.org/observations/300922754,"2026-05-05 22:09:03"
5001,204403,beetle,beetle,0,1,beetle,https://www.inaturalist.org/observations/300922257,"2026-05-05 22:09:03"
5002,204400,spider,spider,0,3,spider,https://www.inaturalist.org/observations/300921646,"2026-05-05 22:09:03"
5003,204393,leafhopper,leafhopper,0,3,leafhopper,https://www.inaturalist.org/observations/300920686,"2026-05-05 22:09:03"
5004,204389,spider,spider,0,2,spider,https://www.inaturalist.org/observations/300920079,"2026-05-05 22:09:03"
5005,204386,spider,spider,0,1,spider,https://www.inaturalist.org/observations/300919503,"2026-05-05 22:09:03"
5006,204384,spider,spider,0,1,spider,https://www.inaturalist.org/observations/300918998,"2026-05-05 22:09:03"
5007,204352,spider,spider,0,1,spider,https://www.inaturalist.org/observations/300697240,"2026-05-05 22:12:03"
5008,204329,spider,spider,0,1,spider,https://www.inaturalist.org/observations/300695107,"2026-05-05 22:12:03"
5009,204296,spider,spider,0,1,spider,https://www.inaturalist.org/observations/300662392,"2026-05-05 22:15:04"
5010,204158,spider,spider,0,2,spider,https://www.inaturalist.org/observations/300403696,"2026-05-05 22:15:04"
5011,204152,spider,spider,0,1,spider,https://www.inaturalist.org/observations/300403048,"2026-05-05 22:15:04"
5012,204146,spider,spider,0,1,spider,https://www.inaturalist.org/observations/300402335,"2026-05-05 22:15:04"
5013,204137,spider,spider,0,2,spider,https://www.inaturalist.org/observations/300400207,"2026-07-06 07:48:06"
5014,204133,truebugs,truebugs,0,3,truebugs,https://www.inaturalist.org/observations/300399597,"2026-07-06 07:48:06"
5015,204132,spider,spider,0,1,spider,https://www.inaturalist.org/observations/300399577,"2026-05-05 22:18:04"
5016,204131,spider,spider,0,3,spider,https://www.inaturalist.org/observations/300399561,"2026-07-06 07:48:06"
5017,204120,ant,ant,0,1,ant,https://www.inaturalist.org/observations/300396875,"2026-05-05 22:18:04"
5018,204108,spider,spider,0,1,spider,https://www.inaturalist.org/observations/300394112,"2026-05-05 22:18:04"
5019,204099,spider,spider,0,1,spider,https://www.inaturalist.org/observations/300392734,"2026-05-05 22:18:04"
5020,204088,spider,spider,0,1,spider,https://www.inaturalist.org/observations/300391572,"2026-05-05 22:18:04"
5021,204065,bee,bee,0,1,bee,https://www.inaturalist.org/observations/300386612,"2026-05-05 22:18:04"
5022,204063,spider,spider,0,2,spider,https://www.inaturalist.org/observations/300386568,"2026-05-05 22:18:04"
5023,204059,beetle,beetle,0,3,beetle,https://www.inaturalist.org/observations/300384794,"2026-05-05 22:18:04"
5024,204058,beetle,beetle,0,3,beetle,https://www.inaturalist.org/observations/300384773,"2026-05-05 22:18:04"
5025,204054,spider,spider,0,2,spider,https://www.inaturalist.org/observations/300384275,"2026-05-05 22:18:04"
5026,204025,aphid,"leafhopper, aphid",0,1,,https://www.inaturalist.org/observations/300137017,"2026-05-05 22:21:04"
5027,204024,spider,spider,0,1,spider,https://www.inaturalist.org/observations/300136980,"2026-05-05 22:21:04"
5028,204023,fly,"beetle, fly",0,4,beetle,https://www.inaturalist.org/observations/300136963,"2026-05-05 22:21:04"
5029,204021,spider,spider,0,2,spider,https://www.inaturalist.org/observations/300136890,"2026-07-06 07:48:06"
5030,204018,beetle,beetle,0,2,beetle,https://www.inaturalist.org/observations/300136135,"2026-05-05 22:21:04"
5031,204010,spider,spider,0,2,spider,https://www.inaturalist.org/observations/300134845,"2026-07-06 07:48:06"
5032,203998,spider,spider,0,1,spider,https://www.inaturalist.org/observations/300132862,"2026-05-05 22:21:04"
5033,203993,spider,spider,0,2,spider,https://www.inaturalist.org/observations/300132784,"2026-05-05 22:21:04"
5034,203992,caterpillar,caterpillar,0,2,caterpillar,https://www.inaturalist.org/observations/300132136,"2026-05-05 22:21:04"
5035,203981,truebugs,truebugs,0,1,truebugs,https://www.inaturalist.org/observations/300130954,"2026-05-05 22:21:04"
5036,203977,spider,spider,0,1,spider,https://www.inaturalist.org/observations/300130867,"2026-05-05 22:21:04"
5037,203961,bee,bee,0,1,bee,https://www.inaturalist.org/observations/300128813,"2026-05-05 22:24:03"
5038,203956,spider,spider,0,2,spider,https://www.inaturalist.org/observations/300128063,"2026-05-05 22:24:03"
5039,203932,ant,ant,0,1,ant,https://www.inaturalist.org/observations/300125551,"2026-05-05 22:24:03"
5040,203925,spider,spider,0,3,spider,https://www.inaturalist.org/observations/300123838,"2026-05-05 22:24:03"
5041,203924,spider,spider,0,1,spider,https://www.inaturalist.org/observations/300123801,"2026-05-05 22:24:03"
5042,203909,grasshopper,grasshopper,0,1,grasshopper,https://www.inaturalist.org/observations/300120137,"2026-05-05 22:24:03"
5043,203902,beetle,beetle,0,1,beetle,https://www.inaturalist.org/observations/300118804,"2026-05-05 22:27:03"
5044,203887,spider,spider,0,2,spider,https://www.inaturalist.org/observations/300116850,"2026-05-05 22:27:03"
5045,203874,ant,ant,0,1,ant,https://www.inaturalist.org/observations/300114847,"2026-05-05 22:27:03"
5046,203869,spider,spider,0,1,spider,https://www.inaturalist.org/observations/300114168,"2026-05-05 22:27:03"
5049,203740,spider,spider,0,1,spider,https://www.inaturalist.org/observations/299850807,"2026-05-05 22:30:04"
5050,203721,spider,spider,0,3,spider,https://www.inaturalist.org/observations/299847855,"2026-05-05 22:30:04"
5051,203713,grasshopper,grasshopper,0,2,grasshopper,https://www.inaturalist.org/observations/299847172,"2026-05-05 22:33:04"
5052,203699,beetle,beetle,0,2,beetle,https://www.inaturalist.org/observations/299836864,"2026-05-05 22:33:04"
5053,203697,spider,spider,0,1,spider,https://www.inaturalist.org/observations/299836123,"2026-05-05 22:33:04"
5054,203694,spider,spider,0,1,spider,https://www.inaturalist.org/observations/299835489,"2026-05-05 22:33:04"
5055,203693,spider,spider,0,2,spider,https://www.inaturalist.org/observations/299835470,"2026-05-05 22:33:04"
5056,203682,grasshopper,grasshopper,0,0,grasshopper,https://www.inaturalist.org/observations/299829524,"2026-05-05 22:33:04"
5057,203675,grasshopper,grasshopper,0,1,grasshopper,https://www.inaturalist.org/observations/299822329,"2026-05-05 22:33:04"
5058,203663,spider,spider,0,1,spider,https://www.inaturalist.org/observations/299687041,"2026-05-05 22:33:04"
5059,203660,spider,spider,0,1,spider,https://www.inaturalist.org/observations/299687005,"2026-05-05 22:33:04"
5060,203634,spider,spider,0,1,spider,https://www.inaturalist.org/observations/299626983,"2026-05-05 22:33:04"
5061,203630,beetle,beetle,0,1,beetle,https://www.inaturalist.org/observations/299626031,"2026-05-05 22:33:04"
5062,203618,spider,spider,0,1,spider,https://www.inaturalist.org/observations/299623291,"2026-05-05 22:36:04"
5063,203606,spider,spider,0,1,spider,https://www.inaturalist.org/observations/299620187,"2026-05-05 22:36:04"
5064,203599,beetle,beetle,0,2,beetle,https://www.inaturalist.org/observations/299611345,"2026-05-05 22:36:04"
5065,203551,ant,bee,0,2,bee,https://www.inaturalist.org/observations/299044484,"2026-05-05 22:36:04"
5066,203488,moths,moths,0,2,moths,https://www.inaturalist.org/observations/298927159,"2026-05-05 22:39:04"
5067,203242,spider,spider,0,1,spider,https://www.inaturalist.org/observations/298688132,"2026-05-05 22:48:04"
5068,203236,beetle,truebugs,0,0,truebugs,https://www.inaturalist.org/observations/298687231,"2026-05-05 22:48:04"
5069,203194,moths,moths,0,0,moths,https://www.inaturalist.org/observations/298678095,"2026-05-05 22:48:04"
5070,203193,moths,moths,0,0,moths,https://www.inaturalist.org/observations/298678078,"2026-05-05 22:48:04"
5071,200489,bee,"bee, ant",0,1,,https://www.inaturalist.org/observations/294574927,"2026-05-06 00:18:04"
5073,196048,bee,ant,0,1,,https://www.inaturalist.org/observations/289263739,"2026-05-06 02:30:04"
5074,205330,leafhopper,aphid,0,1,aphid,https://www.inaturalist.org/observations/302911708,"2026-05-05 21:39:04"
5075,205264,ant,bee,0,5,bee,https://www.inaturalist.org/observations/302737698,"2026-05-05 21:39:04"
5077,205150,spider,spider,0,1,spider,https://www.inaturalist.org/observations/302381575,"2026-05-05 21:42:04"
5078,205147,spider,spider,0,1,spider,https://www.inaturalist.org/observations/302380848,"2026-05-05 21:42:04"
5079,205141,spider,spider,0,2,spider,https://www.inaturalist.org/observations/302379518,"2026-05-05 21:42:04"
5080,205139,beetle,beetle,0,3,beetle,https://www.inaturalist.org/observations/302378663,"2026-05-05 21:42:04"
5081,205137,spider,spider,0,1,spider,https://www.inaturalist.org/observations/302377939,"2026-05-05 21:42:04"
5082,205134,spider,spider,0,1,spider,https://www.inaturalist.org/observations/302377283,"2026-05-05 21:42:04"
5083,205133,spider,spider,0,1,spider,https://www.inaturalist.org/observations/302376544,"2026-05-05 21:42:04"
5084,205132,beetle,beetle,0,2,beetle,https://www.inaturalist.org/observations/302376508,"2026-05-05 21:42:04"
5085,205124,beetle,beetle,0,1,beetle,https://www.inaturalist.org/observations/302373364,"2026-05-05 21:42:04"
5086,205123,spider,spider,0,1,spider,https://www.inaturalist.org/observations/302373345,"2026-05-05 21:42:04"
5087,205099,beetle,beetle,0,3,beetle,https://www.inaturalist.org/observations/302368004,"2026-05-05 21:45:04"
5088,205097,bee,bee,0,2,bee,https://www.inaturalist.org/observations/302367347,"2026-05-05 21:45:04"
5089,205087,spider,spider,0,1,spider,https://www.inaturalist.org/observations/302363805,"2026-05-05 21:45:04"
5090,205066,spider,spider,0,1,spider,https://www.inaturalist.org/observations/302350476,"2026-05-05 21:45:04"
5091,205063,spider,spider,0,1,spider,https://www.inaturalist.org/observations/302349790,"2026-05-05 21:45:04"
5092,205034,spider,spider,0,1,spider,https://www.inaturalist.org/observations/302345344,"2026-05-05 21:48:04"
5093,205033,beetle,beetle,0,2,beetle,https://www.inaturalist.org/observations/302345326,"2026-05-05 21:48:04"
5094,205026,spider,spider,0,1,spider,https://www.inaturalist.org/observations/302344733,"2026-05-05 21:48:04"
5095,205012,spider,spider,0,1,spider,https://www.inaturalist.org/observations/302342320,"2026-05-05 21:48:04"
5096,205003,spider,spider,0,2,spider,https://www.inaturalist.org/observations/302341616,"2026-05-05 21:48:04"
5097,204989,spider,spider,0,1,spider,https://www.inaturalist.org/observations/302339182,"2026-05-05 21:48:04"
5098,204983,spider,spider,0,2,spider,https://www.inaturalist.org/observations/302337966,"2026-05-05 21:48:04"
5099,204931,other,Psocodea,0,2,Psocodea,https://www.inaturalist.org/observations/302115629,"2026-07-06 07:45:06"
5100,204927,aphid,aphid,0,1,aphid,https://www.inaturalist.org/observations/302114285,"2026-05-05 21:48:04"
5101,204925,spider,spider,0,1,spider,https://www.inaturalist.org/observations/302113518,"2026-05-05 21:51:04"
5102,204923,spider,spider,0,4,spider,https://www.inaturalist.org/observations/302113400,"2026-05-05 21:51:04"
5103,204922,caterpillar,caterpillar,0,2,caterpillar,https://www.inaturalist.org/observations/302113371,"2026-05-05 21:51:04"
5104,204920,spider,spider,0,2,spider,https://www.inaturalist.org/observations/302112643,"2026-07-06 07:45:06"
5105,204919,spider,spider,0,2,spider,https://www.inaturalist.org/observations/302112619,"2026-05-05 21:51:04"
5106,204918,spider,spider,0,2,spider,https://www.inaturalist.org/observations/302111980,"2026-05-05 21:51:04"
5107,204915,moths,moths,0,1,moths,https://www.inaturalist.org/observations/302111161,"2026-05-05 21:51:04"
5108,204914,spider,spider,0,1,spider,https://www.inaturalist.org/observations/302110488,"2026-05-05 21:51:04"
5109,204901,spider,spider,0,1,spider,https://www.inaturalist.org/observations/302108273,"2026-05-05 21:51:04"
5110,204888,spider,spider,0,1,spider,https://www.inaturalist.org/observations/302106887,"2026-05-05 21:51:04"
5111,204865,spider,spider,0,2,spider,https://www.inaturalist.org/observations/302101420,"2026-05-05 21:54:03"
5112,204846,other,aphid,0,1,aphid,https://www.inaturalist.org/observations/302097228,"2026-05-05 21:54:03"
5113,204845,ant,ant,0,2,ant,https://www.inaturalist.org/observations/302096564,"2026-05-05 21:54:03"
5114,204841,ant,"bee, ant",0,2,bee,https://www.inaturalist.org/observations/302096414,"2026-07-06 07:45:06"
5115,204835,caterpillar,caterpillar,0,2,caterpillar,https://www.inaturalist.org/observations/302094902,"2026-05-05 21:54:03"
5116,204829,ant,ant,0,1,ant,https://www.inaturalist.org/observations/302093470,"2026-05-05 21:54:03"
5117,204821,ant,ant,0,1,ant,https://www.inaturalist.org/observations/302091232,"2026-05-05 21:54:03"
5118,204819,spider,spider,0,2,spider,https://www.inaturalist.org/observations/302090100,"2026-05-05 21:54:03"
5119,204809,spider,spider,0,1,spider,https://www.inaturalist.org/observations/302089288,"2026-05-05 21:54:03"
5120,204803,ant,ant,0,1,ant,https://www.inaturalist.org/observations/302088298,"2026-05-05 21:57:03"
5121,204800,spider,spider,0,2,spider,https://www.inaturalist.org/observations/302086721,"2026-05-05 21:57:03"
5122,204796,ant,ant,0,2,ant,https://www.inaturalist.org/observations/302086233,"2026-05-05 21:57:03"
5123,204795,spider,spider,0,1,spider,https://www.inaturalist.org/observations/302086208,"2026-05-05 21:57:04"
5124,204790,ant,ant,0,1,ant,https://www.inaturalist.org/observations/302085451,"2026-05-05 21:57:04"
5125,204788,spider,spider,0,1,spider,https://www.inaturalist.org/observations/302084901,"2026-05-05 21:57:04"
5126,204780,spider,spider,0,2,spider,https://www.inaturalist.org/observations/302083736,"2026-05-05 21:57:04"
5127,204731,spider,spider,0,2,spider,https://www.inaturalist.org/observations/301843893,"2026-05-05 21:57:04"
5128,204720,truebugs,truebugs,0,2,truebugs,https://www.inaturalist.org/observations/301842175,"2026-05-05 21:57:04"
5129,204714,beetle,beetle,0,2,beetle,https://www.inaturalist.org/observations/301841366,"2026-05-05 22:00:04"
5130,204701,aphid,aphid,0,1,aphid,https://www.inaturalist.org/observations/301839824,"2026-05-05 22:00:04"
5131,204688,beetle,beetle,0,2,beetle,https://www.inaturalist.org/observations/301838164,"2026-05-05 22:00:04"
5132,204686,beetle,beetle,0,2,beetle,https://www.inaturalist.org/observations/301829135,"2026-05-05 22:00:04"
5133,204685,caterpillar,caterpillar,0,1,caterpillar,https://www.inaturalist.org/observations/301829120,"2026-07-06 07:45:06"
5134,204683,spider,spider,0,1,spider,https://www.inaturalist.org/observations/301829074,"2026-05-05 22:00:04"
5135,204682,spider,spider,0,1,spider,https://www.inaturalist.org/observations/301825942,"2026-05-05 22:00:04"
5136,204670,spider,spider,0,2,spider,https://www.inaturalist.org/observations/301820718,"2026-05-05 22:00:04"
5137,204666,ant,ant,0,1,ant,https://www.inaturalist.org/observations/301815641,"2026-05-05 22:00:04"
5138,204663,other,beetle,0,2,beetle,https://www.inaturalist.org/observations/301813436,"2026-07-06 07:45:06"
5139,204558,other,Psocodea,0,0,Psocodea,https://www.inaturalist.org/observations/301276828,"2026-05-05 22:03:04"
5140,204534,moths,moths,0,1,moths,https://www.inaturalist.org/observations/301194165,"2026-05-05 22:03:04"
5141,204533,unidentified,bee,0,2,bee,https://www.inaturalist.org/observations/301064098,"2026-05-05 22:03:04"
5142,204155,caterpillar,caterpillar,0,1,caterpillar,https://www.inaturalist.org/observations/301000410,"2026-05-05 22:03:04"
5143,204093,caterpillar,caterpillar,0,2,caterpillar,https://www.inaturalist.org/observations/300996094,"2026-07-06 07:45:06"
5144,204471,aphid,Psocodea,0,3,Psocodea,https://www.inaturalist.org/observations/300936570,"2026-05-05 22:06:04"
5145,204226,bee,"bee (sawfly)",0,1,,https://www.inaturalist.org/observations/300472801,"2026-05-05 22:15:04"
5146,203994,caterpillar,caterpillar,0,1,caterpillar,https://www.inaturalist.org/observations/300132807,"2026-05-05 22:21:04"
5147,203747,bee,bee,0,1,bee,https://www.inaturalist.org/observations/299851501,"2026-05-05 22:30:04"
5148,203695,bee,"bee, ant",0,1,,https://www.inaturalist.org/observations/299835503,"2026-05-05 22:33:04"
5149,203308,other,Psocodea,0,2,Psocodea,https://www.inaturalist.org/observations/299632397,"2026-07-06 07:48:06"
5150,203502,beetle,beetle,0,2,beetle,https://www.inaturalist.org/observations/298945286,"2026-05-05 22:39:04"
5151,202400,spider,spider,0,1,spider,https://www.inaturalist.org/observations/297411103,"2026-05-05 23:09:03"
5152,201645,bee,bee,0,1,bee,https://www.inaturalist.org/observations/296249772,"2026-05-05 23:36:05"
5153,201591,bee,"bee, ant",0,1,,https://www.inaturalist.org/observations/296241804,"2026-05-05 23:39:04"
5154,201528,bee,bee,0,1,bee,https://www.inaturalist.org/observations/296015499,"2026-05-05 23:42:04"
5155,200677,bee,bee,0,1,bee,https://www.inaturalist.org/observations/294626533,"2026-05-06 00:09:04"
5156,200660,bee,"bee, ant",0,1,,https://www.inaturalist.org/observations/294623950,"2026-05-06 00:09:04"
5160,198140,bee,ant,0,1,,https://www.inaturalist.org/observations/290934098,"2026-05-06 01:42:04"
5161,198137,bee,ant,0,1,,https://www.inaturalist.org/observations/290934038,"2026-05-06 01:42:04"
5162,198129,bee,ant,0,1,,https://www.inaturalist.org/observations/290932737,"2026-05-06 01:45:05"
5163,198128,bee,ant,0,1,,https://www.inaturalist.org/observations/290932697,"2026-05-06 01:45:05"
5164,198066,bee,ant,0,1,,https://www.inaturalist.org/observations/290922470,"2026-05-06 01:45:05"
5166,197890,bee,ant,0,1,,https://www.inaturalist.org/observations/290687649,"2026-05-06 01:51:04"
5167,197758,bee,ant,0,1,,https://www.inaturalist.org/observations/290674880,"2026-05-06 01:54:04"
5168,197705,bee,ant,0,1,,https://www.inaturalist.org/observations/290670594,"2026-05-06 01:57:04"
5169,197698,bee,ant,0,1,,https://www.inaturalist.org/observations/290669838,"2026-05-06 01:57:04"
5170,197628,bee,ant,0,1,,https://www.inaturalist.org/observations/290662832,"2026-05-06 02:00:05"
5173,195368,bee,ant,1,1,bee,https://www.inaturalist.org/observations/288986431,"2026-07-06 08:06:06"
5174,195138,bee,ant,0,1,,https://www.inaturalist.org/observations/288750967,"2026-05-06 02:54:03"
5175,194845,bee,ant,0,1,,https://www.inaturalist.org/observations/288726106,"2026-05-06 03:03:04"
5176,194833,bee,ant,0,1,,https://www.inaturalist.org/observations/288725438,"2026-05-06 03:03:04"
5177,193229,other,Neuroptera,0,1,Neuroptera,https://www.inaturalist.org/observations/286814214,"2026-05-06 03:45:04"
5180,205685,spider,spider,0,2,spider,https://www.inaturalist.org/observations/304362255,"2026-05-05 21:30:04"
5181,205698,truebugs,truebugs,0,1,truebugs,https://www.inaturalist.org/observations/304361815,"2026-05-05 21:30:04"
5182,205650,spider,spider,0,1,spider,https://www.inaturalist.org/observations/304358067,"2026-05-05 21:30:04"
5183,205628,beetle,beetle,0,2,beetle,https://www.inaturalist.org/observations/304356973,"2026-05-05 21:33:04"
5184,205804,truebugs,leafhopper,0,1,,https://www.inaturalist.org/observations/304322588,"2026-05-05 21:33:04"
5185,205044,spider,spider,0,1,spider,https://www.inaturalist.org/observations/303865204,"2026-05-05 21:33:04"
5186,205000,spider,spider,0,1,spider,https://www.inaturalist.org/observations/303860540,"2026-05-05 21:36:04"
5187,204986,spider,spider,0,2,spider,https://www.inaturalist.org/observations/303856611,"2026-07-06 07:45:06"
5188,204970,grasshopper,grasshopper,0,2,grasshopper,https://www.inaturalist.org/observations/303853665,"2026-05-05 21:36:04"
5194,205102,spider,spider,0,1,spider,https://www.inaturalist.org/observations/302368699,"2026-05-05 21:45:04"
5195,204130,spider,spider,0,1,spider,https://www.inaturalist.org/observations/300999630,"2026-05-05 22:03:04"
5196,204111,spider,spider,0,1,spider,https://www.inaturalist.org/observations/300996910,"2026-05-05 22:03:04"
5197,204068,spider,spider,0,1,spider,https://www.inaturalist.org/observations/300964012,"2026-05-05 22:06:04"
5198,204067,spider,spider,0,1,spider,https://www.inaturalist.org/observations/300963997,"2026-05-05 22:06:04"
5201,204280,truebugs,leafhopper,0,1,,https://www.inaturalist.org/observations/300532800,"2026-05-05 22:15:04"
5203,204069,spider,spider,0,1,spider,https://www.inaturalist.org/observations/300387628,"2026-05-05 22:18:04"
5204,201001,fly,"ant, fly",0,3,ant,https://www.inaturalist.org/observations/294870191,"2026-07-06 07:54:06"
5205,200545,fly,fly,0,1,fly,https://www.inaturalist.org/observations/294590104,"2026-05-06 00:15:04"
5208,206141,spider,spider,0,1,spider,https://www.inaturalist.org/observations/306754844,"2026-05-05 21:24:04"
5209,206128,spider,spider,0,1,spider,https://www.inaturalist.org/observations/306741773,"2026-05-05 21:24:04"
5210,206043,other,Neuroptera,0,1,Neuroptera,https://www.inaturalist.org/observations/305883252,"2026-05-05 21:27:04"
5211,205928,leafhopper,truebugs,0,1,,https://www.inaturalist.org/observations/305341584,"2026-05-05 21:27:04"
5214,205014,beetle,beetle,0,2,beetle,https://www.inaturalist.org/observations/303862443,"2026-05-05 21:33:04"
5215,204442,spider,spider,0,1,spider,https://www.inaturalist.org/observations/300927490,"2026-05-05 22:06:04"
5216,203652,fly,Psocodea,0,0,Psocodea,https://www.inaturalist.org/observations/299628909,"2026-05-05 22:33:04"
5220,206810,aphid,aphid,0,0,aphid,https://www.inaturalist.org/observations/308241118,"2026-05-05 21:09:04"
5221,206754,aphid,fly,0,1,fly,https://www.inaturalist.org/observations/308234899,"2026-07-06 07:42:06"
5223,206716,other,spider,0,1,spider,https://www.inaturalist.org/observations/308206964,"2026-07-06 07:42:06"
5224,206681,other,Entomobryomorpha,0,1,Entomobryomorpha,https://www.inaturalist.org/observations/308203532,"2026-05-05 21:12:04"
5226,206638,other,Entomobryomorpha,0,3,Entomobryomorpha,https://www.inaturalist.org/observations/307841307,"2026-05-05 21:12:04"
5227,206633,other,Entomobryomorpha,0,1,Entomobryomorpha,https://www.inaturalist.org/observations/307840689,"2025-12-15 00:57:04"
5228,206623,bee,"bee (sawfly), moths",0,1,,https://www.inaturalist.org/observations/307839226,"2026-05-05 21:12:04"
5229,206605,spider,spider,0,1,spider,https://www.inaturalist.org/observations/307838200,"2026-05-05 21:12:04"
5230,206601,other,fly,0,1,fly,https://www.inaturalist.org/observations/307838182,"2026-05-05 21:12:04"
5233,206479,aphid,Psocodea,0,2,Psocodea,https://www.inaturalist.org/observations/307538864,"2026-05-05 21:18:04"
5234,206477,leafhopper,Psocodea,0,2,Psocodea,https://www.inaturalist.org/observations/307538813,"2026-05-05 21:18:04"
5236,206413,leafhopper,Psocodea,0,1,,https://www.inaturalist.org/observations/307521502,"2026-05-05 21:21:04"
5237,206402,leafhopper,Psocodea,0,1,,https://www.inaturalist.org/observations/307518997,"2026-05-05 21:21:04"
5240,205917,aphid,truebugs,1,1,aphid,https://www.inaturalist.org/observations/305335242,"2026-05-05 21:30:04"
5241,205629,other,Dermaptera,0,1,Dermaptera,https://www.inaturalist.org/observations/304356993,"2026-07-06 07:45:06"
5242,205397,other,Psocodea,0,2,Psocodea,https://www.inaturalist.org/observations/302945643,"2026-07-06 07:45:06"
5244,203055,beetle,leafhopper,0,2,leafhopper,https://www.inaturalist.org/observations/298421346,"2026-05-05 22:54:04"
5245,202561,other,"aphid, fly",0,2,aphid,https://www.inaturalist.org/observations/297660661,"2026-07-06 07:51:05"
5247,207203,other,Odonata,0,1,Odonata,https://www.inaturalist.org/observations/310204859,"2026-05-05 20:51:04"
5248,207198,spider,spider,0,1,spider,https://www.inaturalist.org/observations/310203026,"2026-05-05 20:51:04"
5250,207176,other,leafhopper,0,2,leafhopper,https://www.inaturalist.org/observations/310051896,"2026-05-05 20:51:04"
5251,207165,unidentified,beetle,0,2,beetle,https://www.inaturalist.org/observations/310008095,"2026-05-05 20:54:03"
5254,207039,truebugs,leafhopper,0,1,,https://www.inaturalist.org/observations/309743350,"2026-05-05 20:57:04"
5260,206901,unidentified,beetle,0,2,beetle,https://www.inaturalist.org/observations/309114695,"2026-05-05 21:03:04"
5263,206709,moths,moths,0,2,moths,https://www.inaturalist.org/observations/308206270,"2026-05-05 21:09:04"
5264,206494,aphid,Neuroptera,0,1,,https://www.inaturalist.org/observations/307543325,"2026-05-05 21:18:04"
5265,205079,fly,"truebugs, fly",0,1,,https://www.inaturalist.org/observations/302354079,"2026-05-05 21:45:04"
5266,205071,grasshopper,grasshopper,0,1,grasshopper,https://www.inaturalist.org/observations/302351093,"2026-05-05 21:45:04"
5267,207652,unidentified,Odonata,0,1,Odonata,https://www.inaturalist.org/observations/311785862,"2026-05-05 20:36:04"
5271,207576,aphid,truebugs,0,1,,https://www.inaturalist.org/observations/311693881,"2026-05-05 20:39:04"
5277,207432,grasshopper,"truebugs, grasshopper",0,4,truebugs,https://www.inaturalist.org/observations/311257605,"2026-07-06 07:39:06"
5278,207421,truebugs,truebugs,0,0,truebugs,https://www.inaturalist.org/observations/311251019,"2026-05-05 20:48:04"
5281,204936,beetle,beetle,0,1,beetle,https://www.inaturalist.org/observations/302116338,"2026-05-05 21:48:04"
5282,203972,beetle,beetle,0,1,beetle,https://www.inaturalist.org/observations/300129560,"2026-05-05 22:21:04"
5283,203926,beetle,beetle,0,1,beetle,https://www.inaturalist.org/observations/300123865,"2026-05-05 22:24:03"
5284,203921,beetle,beetle,0,1,beetle,https://www.inaturalist.org/observations/300123007,"2026-05-05 22:24:03"
5285,203487,caterpillar,caterpillar,0,1,caterpillar,https://www.inaturalist.org/observations/298926539,"2026-05-05 22:39:04"
5286,202923,beetle,beetle,0,2,beetle,https://www.inaturalist.org/observations/298170811,"2026-05-05 23:00:05"
5292,208075,fly,Plecoptera,0,4,Plecoptera,https://www.inaturalist.org/observations/313571008,"2026-07-06 07:36:06"
5293,208059,unidentified,grasshopper,0,2,grasshopper,https://www.inaturalist.org/observations/313371976,"2026-05-05 20:18:04"
5294,208049,caterpillar,caterpillar,0,1,caterpillar,https://www.inaturalist.org/observations/313352720,"2026-05-05 20:21:04"
5295,208039,spider,spider,0,1,spider,https://www.inaturalist.org/observations/313344744,"2026-05-05 20:21:04"
5296,208027,spider,spider,0,1,spider,https://www.inaturalist.org/observations/313338227,"2026-05-05 20:21:04"
5304,207795,grasshopper,truebugs,0,2,truebugs,https://www.inaturalist.org/observations/312762726,"2026-07-06 07:36:06"
5306,207767,unidentified,Neuroptera,0,1,Neuroptera,https://www.inaturalist.org/observations/312566028,"2026-05-05 20:33:04"
5307,207704,unidentified,truebugs,0,2,truebugs,https://www.inaturalist.org/observations/312446823,"2026-05-05 20:33:04"
5310,206303,beetle,beetle,0,1,beetle,https://www.inaturalist.org/observations/307319452,"2026-05-05 21:24:04"
5311,205394,beetle,beetle,0,2,beetle,https://www.inaturalist.org/observations/302945632,"2026-05-05 21:39:04"
5314,196722,truebugs,Psocodea,0,1,,https://www.inaturalist.org/observations/290154622,"2026-05-06 02:21:04"
5315,189246,other,aphid,0,1,aphid,https://www.inaturalist.org/observations/283128370,"2026-05-06 05:36:04"
5317,187215,other,Odonata,0,1,Odonata,https://www.inaturalist.org/observations/280993346,"2026-02-23 09:51:04"
5318,208161,fly,"aphid, fly",0,2,aphid,https://www.inaturalist.org/observations/315592608,"2026-07-06 07:36:06"
5319,208158,aphid,"leafhopper, aphid",0,3,leafhopper,https://www.inaturalist.org/observations/315588504,"2026-07-06 07:36:06"
5320,208131,caterpillar,caterpillar,0,2,caterpillar,https://www.inaturalist.org/observations/314898358,"2026-05-05 20:18:04"
5321,208129,grasshopper,grasshopper,0,2,grasshopper,https://www.inaturalist.org/observations/314895379,"2026-07-06 07:36:06"
5322,208127,grasshopper,grasshopper,0,2,grasshopper,https://www.inaturalist.org/observations/314893226,"2026-07-06 07:36:06"
5323,208122,spider,spider,0,2,spider,https://www.inaturalist.org/observations/314887513,"2026-05-05 20:18:04"
5324,208121,caterpillar,caterpillar,0,2,caterpillar,https://www.inaturalist.org/observations/314887502,"2026-05-05 20:18:04"
5325,208090,caterpillar,"bee (sawfly)",0,3,"bee (sawfly)",https://www.inaturalist.org/observations/313582665,"2026-07-06 07:36:06"
5328,208071,caterpillar,"bee (sawfly)",0,1,,https://www.inaturalist.org/observations/313562877,"2026-05-05 20:18:04"
5329,208070,caterpillar,"bee (sawfly)",0,1,,https://www.inaturalist.org/observations/313562824,"2026-05-05 20:18:04"
5332,206693,spider,spider,0,1,spider,https://www.inaturalist.org/observations/308204275,"2026-05-05 21:12:04"
5333,206614,spider,spider,0,1,spider,https://www.inaturalist.org/observations/307839206,"2026-05-05 21:12:04"
5336,206207,spider,spider,0,1,spider,https://www.inaturalist.org/observations/307294627,"2026-05-05 21:24:04"
5337,206203,spider,spider,0,1,spider,https://www.inaturalist.org/observations/307294585,"2026-05-05 21:24:04"
5338,188464,unidentified,aphid,0,2,aphid,https://www.inaturalist.org/observations/282973504,"2026-05-06 05:57:05"
5340,208124,other,truebugs,0,1,truebugs,https://www.inaturalist.org/observations/314889619,"2026-05-05 20:18:04"
5341,205129,other,Psocodea,0,2,Psocodea,https://www.inaturalist.org/observations/302375719,"2026-07-06 07:45:06"
5342,205054,spider,spider,0,2,spider,https://www.inaturalist.org/observations/302348284,"2026-05-05 21:45:04"
5343,204868,spider,spider,0,1,spider,https://www.inaturalist.org/observations/302102058,"2026-05-05 21:54:03"
5344,204860,spider,spider,0,2,spider,https://www.inaturalist.org/observations/302100674,"2026-05-05 21:54:03"
5345,204716,other,Psocodea,0,2,Psocodea,https://www.inaturalist.org/observations/301841430,"2026-05-05 22:00:04"
5346,204696,spider,spider,0,1,spider,https://www.inaturalist.org/observations/301838944,"2026-05-05 22:00:04"
5347,204691,spider,spider,0,1,spider,https://www.inaturalist.org/observations/301838230,"2026-05-05 22:00:04"
5348,204525,unidentified,Psocodea,0,1,Psocodea,https://www.inaturalist.org/observations/301062239,"2026-05-05 22:03:04"
5349,204447,spider,spider,0,1,spider,https://www.inaturalist.org/observations/300929509,"2026-05-05 22:06:04"
5350,204443,other,Psocodea,0,2,Psocodea,https://www.inaturalist.org/observations/300927503,"2026-07-06 07:48:06"
5351,204391,other,"Psocodea, fly",0,1,,https://www.inaturalist.org/observations/300920123,"2026-05-05 22:09:03"
5352,204390,other,Psocodea,0,2,Psocodea,https://www.inaturalist.org/observations/300920100,"2026-05-05 22:09:03"
5353,204147,spider,spider,0,1,spider,https://www.inaturalist.org/observations/300402368,"2026-05-05 22:15:04"
5354,203922,spider,spider,0,1,spider,https://www.inaturalist.org/observations/300123029,"2026-05-05 22:24:03"
5355,203915,spider,spider,0,2,spider,https://www.inaturalist.org/observations/300120990,"2026-05-05 22:24:03"
5356,203886,spider,spider,0,1,spider,https://www.inaturalist.org/observations/300116830,"2026-05-05 22:27:03"
5357,197896,other,Neuroptera,0,1,Neuroptera,https://www.inaturalist.org/observations/292434099,"2026-05-06 01:06:04"
5358,197178,other,Entomobryomorpha,0,1,Entomobryomorpha,https://www.inaturalist.org/observations/290411956,"2026-05-06 02:09:04"
5359,194672,other,Entomobryomorpha,0,1,Entomobryomorpha,https://www.inaturalist.org/observations/288492554,"2026-05-06 03:09:04"
5360,191517,other,Stylommatophora,0,0,Stylommatophora,https://www.inaturalist.org/observations/285324911,"2026-05-06 04:36:05"
5361,207448,beetle,beetle,0,3,beetle,https://www.inaturalist.org/observations/311266426,"2026-07-06 07:39:06"
5362,207159,other,aphid,0,3,aphid,https://www.inaturalist.org/observations/310005818,"2026-07-06 07:39:06"
5363,207145,unidentified,Psocodea,0,2,Psocodea,https://www.inaturalist.org/observations/310000257,"2026-05-05 20:54:03"
5364,206705,spider,spider,0,1,spider,https://www.inaturalist.org/observations/308225636,"2026-05-05 21:09:04"
5365,206208,other,Neuroptera,0,1,Neuroptera,https://www.inaturalist.org/observations/307294640,"2026-05-05 21:24:04"
5366,205092,spider,spider,0,1,spider,https://www.inaturalist.org/observations/302365250,"2026-05-05 21:45:04"
5367,205039,spider,spider,0,2,spider,https://www.inaturalist.org/observations/302345874,"2026-05-05 21:48:04"
5368,205013,spider,spider,0,1,spider,https://www.inaturalist.org/observations/302342914,"2026-05-05 21:48:04"
5369,204855,spider,spider,0,1,spider,https://www.inaturalist.org/observations/302099963,"2026-05-05 21:54:03"
5370,204430,spider,spider,0,2,spider,https://www.inaturalist.org/observations/300925110,"2026-05-05 22:09:03"
5371,204427,spider,spider,0,1,spider,https://www.inaturalist.org/observations/300924646,"2026-05-05 22:09:03"
5372,203413,beetle,beetle,0,1,beetle,https://www.inaturalist.org/observations/298908673,"2026-05-05 22:45:03"
5374,205165,other,Odonata,0,2,Odonata,https://www.inaturalist.org/observations/302440054,"2026-05-05 21:42:04"
5375,201871,spider,spider,0,1,spider,https://www.inaturalist.org/observations/296498641,"2026-05-05 23:27:04"
5376,200875,spider,spider,0,1,spider,https://www.inaturalist.org/observations/294846273,"2026-05-06 00:00:04"
5377,200151,spider,spider,0,1,spider,https://www.inaturalist.org/observations/294046034,"2026-05-06 00:30:04"
5378,208489,beetle,truebugs,0,2,truebugs,https://www.inaturalist.org/observations/321256487,"2026-05-05 20:12:04"
5379,208487,beetle,truebugs,0,2,truebugs,https://www.inaturalist.org/observations/321255953,"2026-05-05 20:12:04"
5380,208482,aphid,leafhopper,0,2,leafhopper,https://www.inaturalist.org/observations/321255090,"2026-07-06 07:33:06"
5381,207200,fly,fly,0,2,fly,https://www.inaturalist.org/observations/310204802,"2026-05-05 20:51:04"
5382,207196,fly,fly,0,2,fly,https://www.inaturalist.org/observations/310200153,"2026-05-05 20:51:04"
5383,204806,moths,moths,0,3,moths,https://www.inaturalist.org/observations/302088358,"2026-05-05 21:57:03"
5384,202932,caterpillar,caterpillar,0,2,caterpillar,https://www.inaturalist.org/observations/298172374,"2026-07-06 07:51:05"
5385,201693,fly,fly,0,1,fly,https://www.inaturalist.org/observations/296257607,"2026-05-05 23:33:04"
5386,200507,caterpillar,caterpillar,0,1,caterpillar,https://www.inaturalist.org/observations/294581928,"2026-05-06 00:15:04"
5387,200501,fly,fly,0,1,fly,https://www.inaturalist.org/observations/294579023,"2026-05-06 00:15:04"
5388,200225,fly,fly,0,1,fly,https://www.inaturalist.org/observations/294066817,"2026-05-06 00:27:04"
5389,208530,truebugs,"Entomobryomorpha, truebugs",0,3,Entomobryomorpha,https://www.inaturalist.org/observations/323890715,"2026-07-06 07:33:06"
5390,208526,spider,daddylonglegs,0,3,daddylonglegs,https://www.inaturalist.org/observations/323885785,"2026-05-05 20:12:04"
5392,208002,aphid,truebugs,0,1,,https://www.inaturalist.org/observations/313235173,"2026-05-05 20:24:03"
5393,206436,unidentified,Entomobryomorpha,0,1,Entomobryomorpha,https://www.inaturalist.org/observations/307528123,"2026-05-05 21:21:04"
5394,204437,other,Psocodea,0,1,Psocodea,https://www.inaturalist.org/observations/300925724,"2026-05-05 22:06:04"
5395,201087,other,Odonata,0,1,Odonata,https://www.inaturalist.org/observations/294932276,"2026-05-05 23:54:05"
5396,197873,unidentified,"bee, ant",0,1,,https://www.inaturalist.org/observations/290685543,"2026-05-06 01:51:04"
5397,205735,leafhopper,leafhopper,0,1,leafhopper,https://www.inaturalist.org/observations/304363746,"2026-05-05 21:30:04"
5398,205360,leafhopper,leafhopper,0,1,leafhopper,https://www.inaturalist.org/observations/302916464,"2026-05-05 21:39:04"
5399,203987,grasshopper,grasshopper,0,1,grasshopper,https://www.inaturalist.org/observations/300131477,"2026-05-05 22:21:04"
5400,203945,grasshopper,grasshopper,0,1,grasshopper,https://www.inaturalist.org/observations/300127287,"2026-05-05 22:24:03"
5401,203916,grasshopper,grasshopper,0,1,grasshopper,https://www.inaturalist.org/observations/300121018,"2026-05-05 22:24:03"
5402,203605,leafhopper,leafhopper,0,1,leafhopper,https://www.inaturalist.org/observations/299620162,"2026-05-05 22:36:04"
5403,203210,leafhopper,leafhopper,0,1,leafhopper,https://www.inaturalist.org/observations/298682964,"2026-05-05 22:48:04"
5404,202103,truebugs,leafhopper,0,1,leafhopper,https://www.inaturalist.org/observations/296801599,"2026-05-05 23:21:04"
5406,205410,truebugs,Neuroptera,0,0,Neuroptera,https://www.inaturalist.org/observations/302948261,"2026-05-05 21:39:04"
5407,205274,other,Neuroptera,0,1,Neuroptera,https://www.inaturalist.org/observations/302856770,"2026-05-05 21:39:04"
5408,204077,truebugs,truebugs,0,2,truebugs,https://www.inaturalist.org/observations/300976730,"2026-07-06 07:45:06"
5409,201623,caterpillar,caterpillar,0,2,caterpillar,https://www.inaturalist.org/observations/296246670,"2026-07-06 07:54:06"
5410,208130,truebugs,truebugs,0,1,truebugs,https://www.inaturalist.org/observations/314897783,"2026-05-05 20:18:04"
5411,207426,truebugs,truebugs,0,1,truebugs,https://www.inaturalist.org/observations/311253947,"2026-05-05 20:48:04"
5412,208749,spider,spider,0,1,spider,https://www.inaturalist.org/observations/328512112,"2026-05-05 19:54:05"
5413,208748,spider,spider,0,0,spider,https://www.inaturalist.org/observations/328512099,"2026-05-05 19:54:05"
5414,208745,beetle,beetle,0,2,beetle,https://www.inaturalist.org/observations/328511816,"2026-05-05 19:54:05"
5415,208717,fly,fly,0,1,fly,https://www.inaturalist.org/observations/328511188,"2026-05-05 19:57:05"
5416,208726,beetle,beetle,0,0,beetle,https://www.inaturalist.org/observations/328510736,"2026-05-05 19:57:05"
5417,208715,spider,spider,0,1,spider,https://www.inaturalist.org/observations/328510021,"2026-05-05 19:57:05"
5418,208713,spider,spider,0,1,spider,https://www.inaturalist.org/observations/328509981,"2026-05-05 19:57:05"
5419,208709,spider,spider,0,1,spider,https://www.inaturalist.org/observations/328509384,"2026-05-05 19:57:05"
5420,208707,other,Neuroptera,0,2,Neuroptera,https://www.inaturalist.org/observations/328509074,"2026-05-05 19:57:05"
5421,208703,spider,spider,0,1,spider,https://www.inaturalist.org/observations/328509054,"2026-05-05 19:57:05"
5422,208697,spider,spider,0,1,spider,https://www.inaturalist.org/observations/328508750,"2026-05-05 19:57:05"
5423,208695,spider,spider,0,1,spider,https://www.inaturalist.org/observations/328508451,"2026-05-05 19:57:05"
5424,208692,spider,spider,0,0,spider,https://www.inaturalist.org/observations/328508118,"2026-05-05 19:57:05"
5425,208691,spider,spider,0,1,spider,https://www.inaturalist.org/observations/328507836,"2026-05-05 19:57:05"
5426,208688,beetle,beetle,0,1,beetle,https://www.inaturalist.org/observations/328507831,"2026-05-05 19:57:05"
5427,208685,spider,spider,0,0,spider,https://www.inaturalist.org/observations/328507821,"2026-05-05 19:57:05"
5428,208655,other,"bee (sawfly)",0,1,"bee (sawfly)",https://www.inaturalist.org/observations/328504543,"2026-05-05 19:57:05"
5429,208651,spider,spider,0,2,spider,https://www.inaturalist.org/observations/328504531,"2026-07-06 07:33:06"
5430,208557,spider,spider,0,2,spider,https://www.inaturalist.org/observations/328495976,"2026-05-05 19:57:05"
5431,208553,spider,spider,0,2,spider,https://www.inaturalist.org/observations/328495331,"2026-05-05 19:57:05"
5432,208550,spider,spider,0,2,spider,https://www.inaturalist.org/observations/328494405,"2026-05-05 19:57:05"
5433,208549,spider,spider,0,2,spider,https://www.inaturalist.org/observations/328494387,"2026-05-05 19:57:05"
5434,208548,spider,spider,0,2,spider,https://www.inaturalist.org/observations/328494371,"2026-05-05 19:57:05"
5435,208534,spider,spider,0,1,spider,https://www.inaturalist.org/observations/328493339,"2026-05-05 20:12:04"
5436,208531,spider,spider,0,1,spider,https://www.inaturalist.org/observations/328493330,"2026-05-05 20:12:04"
5437,206285,bee,bee,0,1,bee,https://www.inaturalist.org/observations/307315527,"2026-05-05 21:24:04"
5438,206074,spider,spider,0,0,spider,https://www.inaturalist.org/observations/306306832,"2026-05-05 21:27:04"
5439,205062,beetle,beetle,0,1,beetle,https://www.inaturalist.org/observations/303866840,"2026-05-05 21:33:04"
5440,203654,truebugs,Psocodea,0,0,Psocodea,https://www.inaturalist.org/observations/299628931,"2026-05-05 22:33:04"
5441,203268,truebugs,Psocodea,0,0,Psocodea,https://www.inaturalist.org/observations/298694436,"2026-05-05 22:48:04"
5442,201048,ant,ant,0,1,ant,https://www.inaturalist.org/observations/294879539,"2026-05-05 23:54:05"
5443,208736,truebugs,truebugs,0,2,truebugs,https://www.inaturalist.org/observations/328511473,"2026-07-06 07:33:06"
5445,205678,other,beetle,0,1,beetle,https://www.inaturalist.org/observations/304227052,"2026-05-05 21:33:04"
5446,203440,grasshopper,grasshopper,0,4,grasshopper,https://www.inaturalist.org/observations/298914963,"2026-05-05 22:42:04"
5447,200691,other,Dermaptera,0,1,Dermaptera,https://www.inaturalist.org/observations/294629026,"2026-05-06 00:09:04"
5448,206333,unidentified,truebugs,0,1,truebugs,https://www.inaturalist.org/observations/307326195,"2026-05-05 21:24:04"
5449,203590,unidentified,grasshopper,0,1,grasshopper,https://www.inaturalist.org/observations/299524952,"2026-05-05 22:36:04"
5450,208675,spider,spider,0,1,spider,https://www.inaturalist.org/observations/328506823,"2026-05-05 19:57:05"
5451,208160,fly,fly,0,1,fly,https://www.inaturalist.org/observations/315592596,"2026-05-05 20:15:04"
5452,204928,caterpillar,caterpillar,0,1,caterpillar,https://www.inaturalist.org/observations/302114309,"2026-05-05 21:48:04"
5453,204885,fly,fly,0,1,fly,https://www.inaturalist.org/observations/302105385,"2026-05-05 21:51:04"
5454,204783,fly,fly,0,1,fly,https://www.inaturalist.org/observations/302084349,"2026-05-05 21:57:04"
5455,204353,moths,moths,0,1,moths,https://www.inaturalist.org/observations/300697265,"2026-05-05 22:12:03"
5456,204304,fly,fly,0,1,fly,https://www.inaturalist.org/observations/300668880,"2026-05-05 22:12:03"
5458,201505,fly,fly,0,1,fly,https://www.inaturalist.org/observations/296012175,"2026-05-05 23:42:04"
5459,201501,fly,fly,0,1,fly,https://www.inaturalist.org/observations/296011558,"2026-05-05 23:42:04"
5460,200862,fly,fly,0,1,fly,https://www.inaturalist.org/observations/294842872,"2026-05-06 00:00:04"
5461,199686,fly,Psocodea,0,2,Psocodea,https://www.inaturalist.org/observations/292989390,"2026-07-06 07:57:05"
5462,189930,fly,Psocodea,0,2,Psocodea,https://www.inaturalist.org/observations/284091450,"2026-07-06 08:18:05"
5463,190235,other,Plecoptera,0,1,Plecoptera,https://www.inaturalist.org/observations/284407396,"2026-05-06 05:09:04"
5465,188395,other,Plecoptera,0,1,Plecoptera,https://www.inaturalist.org/observations/282949802,"2026-05-06 06:00:05"
5466,188257,other,Plecoptera,0,1,Plecoptera,https://www.inaturalist.org/observations/282903912,"2026-05-06 06:03:04"
5467,208694,spider,spider,0,1,spider,https://www.inaturalist.org/observations/328508126,"2026-05-05 19:57:05"
5469,207642,unidentified,beetle,0,1,beetle,https://www.inaturalist.org/observations/311782950,"2026-05-05 20:36:04"
5470,206962,unidentified,beetle,0,1,beetle,https://www.inaturalist.org/observations/309504321,"2026-05-05 21:00:05"
5471,203452,ant,ant,0,1,ant,https://www.inaturalist.org/observations/298916854,"2026-07-06 07:48:06"
5472,202943,ant,ant,0,1,ant,https://www.inaturalist.org/observations/298173752,"2026-07-06 07:51:05"
5473,188744,caterpillar,"bee (sawfly)",0,2,"bee (sawfly)",https://www.inaturalist.org/observations/283050649,"2026-07-06 08:21:05"
5474,208037,beetle,ant,0,2,ant,https://www.inaturalist.org/observations/313340591,"2026-07-06 07:36:06"
5475,197969,unidentified,Scolopendromorpha,0,1,Scolopendromorpha,https://www.inaturalist.org/observations/290743198,"2026-07-06 08:03:06"
5476,204872,leafhopper,leafhopper,0,1,leafhopper,https://www.inaturalist.org/observations/302102691,"2026-07-06 07:45:06"
5477,204791,leafhopper,leafhopper,0,1,leafhopper,https://www.inaturalist.org/observations/302085482,"2026-07-06 07:45:06"
5478,193347,other,Psocodea,0,1,Psocodea,https://www.inaturalist.org/observations/286883019,"2026-07-06 08:09:06"
5479,204980,other,Blattodea,0,1,Blattodea,https://www.inaturalist.org/observations/303855962,"2026-07-06 07:45:06"
5480,207754,leafhopper,grasshopper,0,2,grasshopper,https://www.inaturalist.org/observations/312530681,"2026-07-06 07:36:06"
5481,207753,leafhopper,grasshopper,0,2,grasshopper,https://www.inaturalist.org/observations/312530647,"2026-07-06 07:39:06"
5482,187715,other,Entomobryomorpha,0,1,Entomobryomorpha,https://www.inaturalist.org/observations/282789447,"2026-07-06 08:24:06"
5483,205119,leafhopper,leafhopper,0,2,leafhopper,https://www.inaturalist.org/observations/302372689,"2026-07-06 07:45:06"
5484,205103,leafhopper,leafhopper,0,1,leafhopper,https://www.inaturalist.org/observations/302368723,"2026-07-06 07:45:06"
5485,190651,caterpillar,"bee (sawfly)",0,2,"bee (sawfly)",https://www.inaturalist.org/observations/284651969,"2026-07-06 08:15:07"
5486,204959,caterpillar,caterpillar,0,1,caterpillar,https://www.inaturalist.org/observations/303219400,"2026-07-06 07:45:06"
5487,204095,caterpillar,caterpillar,0,2,caterpillar,https://www.inaturalist.org/observations/300996152,"2026-07-06 07:45:06"
5488,204094,caterpillar,caterpillar,0,1,caterpillar,https://www.inaturalist.org/observations/300996124,"2026-07-06 07:45:06"
5489,204106,ant,ant,0,1,ant,https://www.inaturalist.org/observations/300394031,"2026-07-06 07:48:06"
5490,202371,unidentified,"bee, ant",0,1,,https://www.inaturalist.org/observations/297330189,"2026-07-06 07:51:05"
5491,197239,other,Entomobryomorpha,0,1,Entomobryomorpha,https://www.inaturalist.org/observations/290419252,"2026-07-06 08:03:06"
5492,191086,other,fly,0,1,fly,https://www.inaturalist.org/observations/284918182,"2026-07-06 08:15:07"
5493,207500,unidentified,spider,0,1,spider,https://www.inaturalist.org/observations/311346724,"2026-07-06 07:39:06"
5494,207384,unidentified,fly,0,1,fly,https://www.inaturalist.org/observations/311117914,"2026-07-06 07:39:06"
5495,206963,leafhopper,truebugs,0,2,truebugs,https://www.inaturalist.org/observations/309521972,"2026-07-06 07:42:06"
5496,205126,leafhopper,leafhopper,0,1,leafhopper,https://www.inaturalist.org/observations/302374357,"2026-07-06 07:45:06"
5497,204884,leafhopper,leafhopper,0,1,leafhopper,https://www.inaturalist.org/observations/302105338,"2026-07-06 07:45:06"
5498,204511,caterpillar,caterpillar,0,1,caterpillar,https://www.inaturalist.org/observations/300998914,"2026-07-06 07:45:06"
5499,204450,leafhopper,leafhopper,0,1,leafhopper,https://www.inaturalist.org/observations/300930811,"2026-07-06 07:48:06"
5500,204432,leafhopper,leafhopper,0,1,leafhopper,https://www.inaturalist.org/observations/300925147,"2026-07-06 07:48:06"
5501,204428,leafhopper,leafhopper,0,1,leafhopper,https://www.inaturalist.org/observations/300925070,"2026-07-06 07:48:06"
5502,203875,caterpillar,caterpillar,0,1,caterpillar,https://www.inaturalist.org/observations/300114870,"2026-07-06 07:48:06"
5503,201472,beetle,beetle,0,1,beetle,https://www.inaturalist.org/observations/296005499,"2026-07-06 07:54:06"
5504,200890,beetle,beetle,0,1,beetle,https://www.inaturalist.org/observations/294850123,"2026-07-06 07:54:06"
5505,200293,beetle,beetle,0,1,beetle,https://www.inaturalist.org/observations/294311472,"2026-07-06 07:57:05"
5506,200292,beetle,beetle,0,2,beetle,https://www.inaturalist.org/observations/294311457,"2026-07-06 07:57:05"
5507,199830,beetle,beetle,0,1,beetle,https://www.inaturalist.org/observations/293118880,"2026-07-06 07:57:05"
5508,199780,beetle,beetle,0,2,beetle,https://www.inaturalist.org/observations/293110363,"2026-07-06 07:57:05"
5509,197957,leafhopper,grasshopper,0,2,grasshopper,https://www.inaturalist.org/observations/290741207,"2026-07-06 08:03:06"
5510,190464,other,Entomobryomorpha,0,1,Entomobryomorpha,https://www.inaturalist.org/observations/284569372,"2026-07-06 08:15:07"
5512,210523,bee,moths,0,2,moths,https://www.inaturalist.org/observations/360001646,"2026-07-06 06:36:05"
5513,210518,spider,spider,0,1,spider,https://www.inaturalist.org/observations/360000706,"2026-07-06 06:36:05"
5514,210458,ant,spider,0,2,spider,https://www.inaturalist.org/observations/359649062,"2026-07-06 06:39:05"
5515,210443,bee,bee,0,1,bee,https://www.inaturalist.org/observations/359585430,"2026-07-06 06:39:05"
5517,210384,spider,spider,0,2,spider,https://www.inaturalist.org/observations/359541241,"2026-07-06 06:42:06"
5518,210372,spider,spider,0,1,spider,https://www.inaturalist.org/observations/359540106,"2026-07-06 06:42:06"
5519,210371,spider,spider,0,2,spider,https://www.inaturalist.org/observations/359539404,"2026-07-06 06:42:06"
5520,210355,caterpillar,"caterpillar, bee (sawfly)",0,1,,https://www.inaturalist.org/observations/359531985,"2026-07-06 06:42:06"
5521,210352,fly,fly,0,2,fly,https://www.inaturalist.org/observations/359530984,"2026-07-06 06:42:06"
5522,210343,spider,spider,0,1,spider,https://www.inaturalist.org/observations/359527917,"2026-07-06 06:42:06"
5523,210331,fly,Plecoptera,0,1,Plecoptera,https://www.inaturalist.org/observations/359522607,"2026-07-06 06:42:06"
5524,210315,unidentified,fly,0,1,fly,https://www.inaturalist.org/observations/359516970,"2026-07-06 06:42:06"
5525,210304,spider,spider,0,1,spider,https://www.inaturalist.org/observations/359516110,"2026-07-06 06:45:06"
5526,210275,spider,spider,0,1,spider,https://www.inaturalist.org/observations/359508877,"2026-07-06 06:45:06"
5527,210259,grasshopper,grasshopper,0,1,grasshopper,https://www.inaturalist.org/observations/359504045,"2026-07-06 06:45:06"
5528,210230,truebugs,truebugs,0,2,truebugs,https://www.inaturalist.org/observations/359321931,"2026-07-06 06:45:06"
5529,210226,spider,spider,0,1,spider,https://www.inaturalist.org/observations/359317070,"2026-07-06 06:45:06"
5530,210225,spider,spider,0,2,spider,https://www.inaturalist.org/observations/359317042,"2026-07-06 06:45:06"
5531,210224,spider,spider,0,2,spider,https://www.inaturalist.org/observations/359317022,"2026-07-06 06:45:06"
5532,210221,spider,spider,0,1,spider,https://www.inaturalist.org/observations/359310689,"2026-07-06 06:48:06"
5533,210220,spider,spider,0,2,spider,https://www.inaturalist.org/observations/359308514,"2026-07-06 06:48:06"
5535,210155,leafhopper,aphid,0,2,aphid,https://www.inaturalist.org/observations/358947777,"2026-07-06 06:48:06"
5536,210150,ant,"bee, ant",0,2,bee,https://www.inaturalist.org/observations/358945291,"2026-07-06 06:48:06"
5537,210146,other,bee,0,1,bee,https://www.inaturalist.org/observations/358944421,"2026-07-06 06:48:06"
5538,210142,spider,spider,0,1,spider,https://www.inaturalist.org/observations/358943490,"2026-07-06 06:48:06"
5539,210133,ant,ant,0,1,ant,https://www.inaturalist.org/observations/358941098,"2026-07-06 06:48:06"
5540,210124,spider,spider,0,1,spider,https://www.inaturalist.org/observations/358940356,"2026-07-06 06:48:06"
5541,210109,spider,spider,0,2,spider,https://www.inaturalist.org/observations/358938600,"2026-07-06 06:51:05"
5542,210108,spider,spider,0,2,spider,https://www.inaturalist.org/observations/358937911,"2026-07-06 06:51:05"
5543,210104,truebugs,Psocodea,0,2,Psocodea,https://www.inaturalist.org/observations/358937063,"2026-07-06 06:51:05"
5544,210097,spider,spider,0,1,spider,https://www.inaturalist.org/observations/358933557,"2026-07-06 06:51:05"
5545,210084,ant,ant,0,1,ant,https://www.inaturalist.org/observations/358930947,"2026-07-06 06:51:05"
5546,210079,bee,beetle,0,2,beetle,https://www.inaturalist.org/observations/358930038,"2026-07-06 06:51:05"
5547,210077,fly,bee,0,2,bee,https://www.inaturalist.org/observations/358929080,"2026-07-06 06:51:05"
5548,210057,truebugs,beetle,0,1,,https://www.inaturalist.org/observations/358923425,"2026-07-06 06:54:05"
5549,210056,other,Neuroptera,0,1,Neuroptera,https://www.inaturalist.org/observations/358923399,"2026-07-06 06:54:05"
5550,210052,grasshopper,grasshopper,0,1,grasshopper,https://www.inaturalist.org/observations/358923321,"2026-07-06 06:54:05"
5551,210043,aphid,"aphid, truebugs",0,1,,https://www.inaturalist.org/observations/358920327,"2026-07-06 06:54:05"
5552,210030,spider,spider,0,2,spider,https://www.inaturalist.org/observations/358917258,"2026-07-06 06:54:05"
5553,210028,truebugs,beetle,0,1,,https://www.inaturalist.org/observations/358917189,"2026-07-06 06:54:05"
5554,210027,truebugs,beetle,0,3,beetle,https://www.inaturalist.org/observations/358916392,"2026-07-06 06:54:05"
5555,210024,beetle,beetle,0,0,beetle,https://www.inaturalist.org/observations/358916298,"2026-07-06 06:54:05"
5556,210023,grasshopper,grasshopper,0,1,grasshopper,https://www.inaturalist.org/observations/358916263,"2026-07-06 06:54:05"
5557,210020,fly,fly,0,1,fly,https://www.inaturalist.org/observations/358915517,"2026-07-06 06:54:05"
5558,210011,grasshopper,"truebugs, grasshopper",0,2,truebugs,https://www.inaturalist.org/observations/358913053,"2026-07-06 06:54:05"
5559,210007,spider,spider,0,2,spider,https://www.inaturalist.org/observations/358912313,"2026-07-06 06:54:05"
5560,209985,unidentified,"leafhopper, truebugs",0,2,leafhopper,https://www.inaturalist.org/observations/358904774,"2026-07-06 06:57:05"
5561,209983,beetle,beetle,0,0,beetle,https://www.inaturalist.org/observations/358904231,"2026-07-06 06:57:05"
5562,209977,truebugs,truebugs,0,2,truebugs,https://www.inaturalist.org/observations/358903512,"2026-07-06 06:57:05"
5563,209944,aphid,aphid,0,1,aphid,https://www.inaturalist.org/observations/358786078,"2026-07-06 06:57:05"
5564,209932,grasshopper,grasshopper,0,1,grasshopper,https://www.inaturalist.org/observations/358784751,"2026-07-06 06:57:05"
5565,209926,beetle,beetle,0,1,beetle,https://www.inaturalist.org/observations/358784707,"2026-07-06 06:57:05"
5566,209907,ant,ant,0,1,ant,https://www.inaturalist.org/observations/358782202,"2026-07-06 07:00:07"
5567,209905,leafhopper,aphid,0,2,aphid,https://www.inaturalist.org/observations/358782152,"2026-07-06 07:00:07"
5568,209902,ant,ant,0,1,ant,https://www.inaturalist.org/observations/358781629,"2026-07-06 07:00:07"
5569,209901,aphid,aphid,0,1,aphid,https://www.inaturalist.org/observations/358781611,"2026-07-06 07:00:07"
5570,209896,spider,spider,0,1,spider,https://www.inaturalist.org/observations/358781570,"2026-07-06 07:00:07"
5571,209885,ant,ant,0,1,ant,https://www.inaturalist.org/observations/358780160,"2026-07-06 07:00:07"
5572,209882,truebugs,truebugs,0,2,truebugs,https://www.inaturalist.org/observations/358780128,"2026-07-06 07:00:07"
5573,209870,unidentified,bee,0,1,bee,https://www.inaturalist.org/observations/358779479,"2026-07-06 07:00:07"
5574,209867,truebugs,leafhopper,0,1,,https://www.inaturalist.org/observations/358778905,"2026-07-06 07:00:07"
5575,209855,leafhopper,truebugs,0,2,truebugs,https://www.inaturalist.org/observations/358778239,"2026-07-06 07:00:07"
5576,209847,spider,spider,0,1,spider,https://www.inaturalist.org/observations/358777687,"2026-07-06 07:00:07"
5577,209826,spider,spider,0,1,spider,https://www.inaturalist.org/observations/358776488,"2026-07-06 07:03:05"
5578,209799,grasshopper,truebugs,0,2,truebugs,https://www.inaturalist.org/observations/358774874,"2026-07-06 07:03:05"
5579,209787,truebugs,beetle,0,1,,https://www.inaturalist.org/observations/358773415,"2026-07-06 07:03:05"
5581,209765,grasshopper,grasshopper,0,1,grasshopper,https://www.inaturalist.org/observations/358770710,"2026-07-06 07:06:05"
5582,209750,spider,spider,0,2,spider,https://www.inaturalist.org/observations/358769676,"2026-07-06 07:06:05"
5583,209744,aphid,aphid,0,1,aphid,https://www.inaturalist.org/observations/358769231,"2026-07-06 07:06:05"
5584,209731,spider,spider,0,1,spider,https://www.inaturalist.org/observations/358768608,"2026-07-06 07:06:05"
5585,209597,beetle,beetle,0,1,beetle,https://www.inaturalist.org/observations/358766376,"2026-07-06 07:06:05"
5586,209596,fly,fly,0,2,fly,https://www.inaturalist.org/observations/358766345,"2026-07-06 07:06:05"
5587,209595,fly,fly,0,1,fly,https://www.inaturalist.org/observations/358766319,"2026-07-06 07:06:05"
5588,209594,fly,fly,0,2,fly,https://www.inaturalist.org/observations/358766292,"2026-07-06 07:06:05"
5589,209592,fly,fly,0,1,fly,https://www.inaturalist.org/observations/358765899,"2026-07-06 07:06:05"
5590,209588,fly,fly,0,1,fly,https://www.inaturalist.org/observations/358765818,"2026-07-06 07:09:05"
5591,209587,truebugs,truebugs,0,2,truebugs,https://www.inaturalist.org/observations/358765220,"2026-07-06 07:09:05"
5592,209586,spider,spider,0,3,spider,https://www.inaturalist.org/observations/358765196,"2026-07-06 07:09:05"
5593,209585,moths,moths,0,1,moths,https://www.inaturalist.org/observations/358765186,"2026-07-06 07:09:05"
5594,209584,bee,"bee (sawfly)",0,1,"bee (sawfly)",https://www.inaturalist.org/observations/358765172,"2026-07-06 07:09:05"
5595,209575,spider,spider,0,2,spider,https://www.inaturalist.org/observations/358764056,"2026-07-06 07:09:05"
5596,209574,fly,fly,0,1,fly,https://www.inaturalist.org/observations/358764037,"2026-07-06 07:09:05"
5597,209573,fly,fly,0,3,fly,https://www.inaturalist.org/observations/358764024,"2026-07-06 07:09:05"
5598,209572,spider,spider,0,1,spider,https://www.inaturalist.org/observations/358763469,"2026-07-06 07:09:05"
5599,209568,truebugs,leafhopper,0,1,,https://www.inaturalist.org/observations/358763402,"2026-07-06 07:09:05"
5600,209551,truebugs,beetle,0,1,,https://www.inaturalist.org/observations/358761151,"2026-07-06 07:09:05"
5601,209525,aphid,truebugs,0,2,truebugs,https://www.inaturalist.org/observations/358758359,"2026-07-06 07:12:05"
5602,209490,other,Magnoliales,0,1,Magnoliales,https://www.inaturalist.org/observations/358756047,"2026-07-06 07:12:05"
5603,209488,other,Magnoliales,0,1,Magnoliales,https://www.inaturalist.org/observations/358755421,"2026-07-06 07:12:05"
5604,209458,grasshopper,grasshopper,0,1,grasshopper,https://www.inaturalist.org/observations/358752813,"2026-07-06 07:12:05"
5605,209455,spider,spider,0,2,spider,https://www.inaturalist.org/observations/358752799,"2026-07-06 07:12:05"
5606,209447,spider,spider,0,1,spider,https://www.inaturalist.org/observations/358752784,"2026-07-06 07:12:05"
5607,209424,spider,spider,0,1,spider,https://www.inaturalist.org/observations/358752153,"2026-07-06 07:15:07"
5608,209408,other,Saxifragales,0,1,Saxifragales,https://www.inaturalist.org/observations/358751450,"2026-07-06 07:15:07"
5609,209360,fly,bee,0,2,bee,https://www.inaturalist.org/observations/358748181,"2026-07-06 07:15:07"
5610,209330,other,Neuroptera,0,1,Neuroptera,https://www.inaturalist.org/observations/358746263,"2026-07-06 07:15:07"
5611,209326,aphid,truebugs,0,3,truebugs,https://www.inaturalist.org/observations/358745609,"2026-07-06 07:18:05"
5613,209283,beetle,leafhopper,0,4,leafhopper,https://www.inaturalist.org/observations/358741112,"2026-07-06 07:18:05"
5615,209261,caterpillar,caterpillar,0,1,caterpillar,https://www.inaturalist.org/observations/358739603,"2026-07-06 07:18:05"
5616,209255,bee,bee,0,1,bee,https://www.inaturalist.org/observations/358738911,"2026-07-06 07:18:05"
5617,209251,truebugs,truebugs,0,2,truebugs,https://www.inaturalist.org/observations/358738873,"2026-07-06 07:18:05"
5618,209247,spider,Cornales,0,3,Cornales,https://www.inaturalist.org/observations/358738851,"2026-07-06 07:18:05"
5620,209210,other,beetle,0,1,beetle,https://www.inaturalist.org/observations/358736058,"2026-07-06 07:21:05"
5621,209137,unidentified,beetle,0,2,beetle,https://www.inaturalist.org/observations/358726903,"2026-07-06 07:24:06"
5622,209123,other,"aphid, moths",0,3,aphid,https://www.inaturalist.org/observations/358725326,"2026-07-06 07:24:06"
5623,209087,caterpillar,Neuroptera,0,3,Neuroptera,https://www.inaturalist.org/observations/358723400,"2026-07-06 07:27:06"
5624,209079,caterpillar,bee,0,2,bee,https://www.inaturalist.org/observations/358721987,"2026-07-06 07:27:06"
5625,209072,spider,spider,0,1,spider,https://www.inaturalist.org/observations/358721169,"2026-07-06 07:27:06"
5626,209069,spider,spider,0,1,spider,https://www.inaturalist.org/observations/358721106,"2026-07-06 07:27:06"
5627,209052,spider,spider,0,2,spider,https://www.inaturalist.org/observations/358720405,"2026-07-06 07:27:06"
5628,209049,spider,spider,0,1,spider,https://www.inaturalist.org/observations/358719606,"2026-07-06 07:27:06"
5629,209042,grasshopper,grasshopper,0,1,grasshopper,https://www.inaturalist.org/observations/358719545,"2026-07-06 07:27:06"
5630,209038,spider,spider,0,3,spider,https://www.inaturalist.org/observations/358718955,"2026-07-06 07:27:06"
5631,208965,fly,bee,0,2,bee,https://www.inaturalist.org/observations/358712712,"2026-07-06 07:30:04"
5632,208936,other,truebugs,0,1,truebugs,https://www.inaturalist.org/observations/358706016,"2026-07-06 07:30:04"
5633,208933,aphid,beetle,0,2,beetle,https://www.inaturalist.org/observations/358705921,"2026-07-06 07:30:04"
5635,208870,truebugs,truebugs,0,1,truebugs,https://www.inaturalist.org/observations/358702917,"2026-07-06 07:33:06"
5636,208791,spider,spider,0,2,spider,https://www.inaturalist.org/observations/358702163,"2026-07-06 07:33:06"
5637,208788,other,"Ephemeroptera, Plecoptera",0,2,Ephemeroptera,https://www.inaturalist.org/observations/358702121,"2026-07-06 07:33:06"
5638,186369,other,"Psocodea, Symphypleona",0,3,Psocodea,https://www.inaturalist.org/observations/279526111,"2026-07-06 08:27:06"
5639,185367,ant,beetle,0,3,beetle,https://www.inaturalist.org/observations/275925870,"2026-07-06 08:30:07"
5640,185350,ant,spider,0,3,spider,https://www.inaturalist.org/observations/275879875,"2026-07-06 08:30:07"
5641,184403,truebugs,Psocodea,0,2,Psocodea,https://www.inaturalist.org/observations/269480789,"2026-07-06 08:33:06"
5642,184370,caterpillar,"bee (sawfly)",0,2,"bee (sawfly)",https://www.inaturalist.org/observations/269451803,"2026-07-06 08:36:07"
5643,180096,grasshopper,aphid,0,2,aphid,https://www.inaturalist.org/observations/235166572,"2026-07-06 08:39:06"
5644,175833,beetle,leafhopper,0,3,leafhopper,https://www.inaturalist.org/observations/228145702,"2026-07-06 08:51:06"
5645,175489,spider,truebugs,0,3,truebugs,https://www.inaturalist.org/observations/227408761,"2026-07-06 08:51:06"
5646,173007,truebugs,leafhopper,0,2,leafhopper,https://www.inaturalist.org/observations/226719400,"2026-07-06 08:51:06"
5647,173004,truebugs,beetle,0,3,beetle,https://www.inaturalist.org/observations/226718849,"2026-07-06 08:51:06"
5648,166203,other,Dermaptera,0,1,Dermaptera,https://www.inaturalist.org/observations/221127725,"2026-07-06 09:00:06"
5649,164521,other,Psocodea,0,2,Psocodea,https://www.inaturalist.org/observations/220302109,"2026-07-06 09:00:06"
5650,164421,other,Entomobryomorpha,0,1,,https://www.inaturalist.org/observations/220258022,"2026-07-06 09:00:06"
5651,164371,beetle,Entomobryomorpha,0,1,,https://www.inaturalist.org/observations/220247065,"2026-07-06 09:00:06"
5652,161155,beetle,Entomobryomorpha,0,3,Entomobryomorpha,https://www.inaturalist.org/observations/217890656,"2026-07-06 09:06:06"
5653,160192,bee,"moths, bee (sawfly)",0,2,moths,https://www.inaturalist.org/observations/217304678,"2026-07-06 09:06:06"
5654,159769,beetle,Entomobryomorpha,0,3,Entomobryomorpha,https://www.inaturalist.org/observations/217047377,"2026-07-06 09:06:06"
5655,159736,ant,truebugs,0,2,truebugs,https://www.inaturalist.org/observations/216879817,"2026-07-06 09:06:06"
5656,151941,other,Mantodea,0,1,Mantodea,https://www.inaturalist.org/observations/174889738,"2026-07-06 09:18:06"
5657,148012,unidentified,aphid,0,2,aphid,https://www.inaturalist.org/observations/171748245,"2026-07-06 09:24:06"
5658,146937,unidentified,grasshopper,0,2,grasshopper,https://www.inaturalist.org/observations/171196117,"2026-07-06 09:27:06"
5659,143888,grasshopper,aphid,0,2,aphid,https://www.inaturalist.org/observations/168988401,"2026-07-06 09:30:06"
5660,143853,beetle,truebugs,0,2,truebugs,https://www.inaturalist.org/observations/168896918,"2026-07-06 09:30:06"
5661,143380,other,Psocodea,0,1,Psocodea,https://www.inaturalist.org/observations/168648668,"2026-07-06 09:30:06"
5662,143366,other,Psocodea,0,1,Psocodea,https://www.inaturalist.org/observations/168645646,"2026-07-06 09:30:06"
5663,139655,other,Psocodea,0,2,Psocodea,https://www.inaturalist.org/observations/166089397,"2026-07-06 09:36:06"
5664,139590,other,Psocodea,0,2,Psocodea,https://www.inaturalist.org/observations/166065615,"2026-07-06 09:36:06"
5666,137131,unidentified,bee,0,1,bee,https://www.inaturalist.org/observations/163851365,"2026-07-06 09:39:06"
5667,136961,other,fly,0,1,fly,https://www.inaturalist.org/observations/163820942,"2026-07-06 09:42:06"
5668,136648,unidentified,fly,0,1,fly,https://www.inaturalist.org/observations/163674113,"2026-07-06 09:42:06"
5669,136379,unidentified,fly,0,1,fly,https://www.inaturalist.org/observations/163570305,"2026-07-06 09:42:06"
5670,135353,other,Psocodea,0,2,Psocodea,https://www.inaturalist.org/observations/162343060,"2026-07-06 09:45:07"
5671,130028,leafhopper,beetle,0,1,,https://www.inaturalist.org/observations/128497193,"2026-07-06 09:48:06"
5672,128899,beetle,aphid,0,1,,https://www.inaturalist.org/observations/127821254,"2026-07-06 09:51:06"
5673,126251,other,Psocodea,0,2,Psocodea,https://www.inaturalist.org/observations/126093896,"2026-07-06 09:54:06"
5674,126097,beetle,truebugs,0,4,truebugs,https://www.inaturalist.org/observations/126066790,"2026-07-06 09:54:06"
5675,124577,other,Psocodea,0,2,Psocodea,https://www.inaturalist.org/observations/125299511,"2026-07-06 09:57:06"
5676,122456,beetle,truebugs,0,4,truebugs,https://www.inaturalist.org/observations/124157541,"2026-06-29 09:12:05"
5678,109638,bee,fly,0,3,fly,https://www.inaturalist.org/observations/118663969,"2026-06-29 09:24:05"
5679,106773,unidentified,truebugs,0,1,truebugs,https://www.inaturalist.org/observations/118288995,"2026-06-29 09:27:04"
5680,104534,unidentified,Trombidiformes,0,1,Trombidiformes,https://www.inaturalist.org/observations/94869437,"2026-06-29 09:27:04"
5681,102693,beetle,beetle,0,2,beetle,https://www.inaturalist.org/observations/90776040,"2026-06-29 09:27:05"
5682,96939,aphid,fly,0,5,fly,https://www.inaturalist.org/observations/86401944,"2026-06-29 09:30:05"
5683,93060,other,fly,0,1,fly,https://www.inaturalist.org/observations/84332259,"2026-06-29 09:33:05"
5684,91648,other,moths,0,1,moths,https://www.inaturalist.org/observations/83930205,"2026-06-29 09:33:05"
5685,91285,other,truebugs,0,1,truebugs,https://www.inaturalist.org/observations/83513263,"2026-06-29 09:33:05"
5686,89609,aphid,beetle,0,5,beetle,https://www.inaturalist.org/observations/82672987,"2026-06-29 09:33:05"
5687,85348,aphid,Symphypleona,0,5,Symphypleona,https://www.inaturalist.org/observations/80113441,"2026-06-29 09:36:05"
5688,84650,unidentified,Psocodea,0,2,Psocodea,https://www.inaturalist.org/observations/79433726,"2026-06-29 09:36:05"
5689,83255,bee,"bee (sawfly)",0,1,,https://www.inaturalist.org/observations/61589030,"2026-06-29 09:36:05"
5690,82854,caterpillar,spider,0,1,,https://www.inaturalist.org/observations/58317526,"2026-06-29 09:36:05"
5691,81995,caterpillar,spider,0,1,,https://www.inaturalist.org/observations/55151207,"2026-06-29 09:39:04"
5692,81064,truebugs,leafhopper,1,3,leafhopper,https://www.inaturalist.org/observations/53510558,"2026-06-29 09:39:04"
5693,80633,grasshopper,truebugs,0,2,truebugs,https://www.inaturalist.org/observations/52952705,"2026-06-29 09:39:04"
5694,78812,grasshopper,Psocodea,0,3,Psocodea,https://www.inaturalist.org/observations/51004517,"2026-06-29 09:39:04"
5695,78795,aphid,truebugs,0,3,truebugs,https://www.inaturalist.org/observations/50918611,"2026-06-29 09:39:04"
5696,77763,aphid,truebugs,0,2,truebugs,https://www.inaturalist.org/observations/49748538,"2026-06-29 09:39:04"
5697,77743,aphid,truebugs,0,2,truebugs,https://www.inaturalist.org/observations/49739286,"2026-06-29 09:39:04"
5698,77459,ant,bee,1,1,ant,https://www.inaturalist.org/observations/49125474,"2026-06-29 09:39:04"
5699,77187,aphid,truebugs,0,2,truebugs,https://www.inaturalist.org/observations/49016473,"2026-06-29 09:39:04"
5700,76632,truebugs,aphid,0,4,aphid,https://www.inaturalist.org/observations/48256025,"2026-06-29 09:42:05"
5701,75234,fly,"ant, bee",0,4,ant,https://www.inaturalist.org/observations/45498663,"2026-06-29 09:42:05"
5702,75072,truebugs,fly,0,3,fly,https://www.inaturalist.org/observations/44977744,"2026-06-29 09:42:05"
5703,72881,other,truebugs,0,1,truebugs,https://www.inaturalist.org/observations/31677034,"2026-06-29 09:42:05"
5704,68754,beetle,Entomobryomorpha,0,3,Entomobryomorpha,https://www.inaturalist.org/observations/29151444,"2026-06-29 09:45:06"
5705,64226,aphid,fly,0,3,fly,https://www.inaturalist.org/observations/27753122,"2026-06-29 09:45:06"
5706,62455,bee,leafhopper,0,3,leafhopper,https://www.inaturalist.org/observations/27344327,"2026-06-29 09:45:06"
5707,62364,aphid,leafhopper,0,2,leafhopper,https://www.inaturalist.org/observations/27324135,"2026-06-29 09:45:06"
5708,60131,aphid,Psocodea,0,3,Psocodea,https://www.inaturalist.org/observations/26869294,"2026-06-29 09:45:06"
5709,59022,ant,fly,0,3,fly,https://www.inaturalist.org/observations/26625985,"2026-06-29 09:48:05"
5710,58855,aphid,leafhopper,1,3,leafhopper,https://www.inaturalist.org/observations/26557406,"2026-06-29 09:48:05"
5711,56850,caterpillar,beetle,0,2,beetle,https://www.inaturalist.org/observations/26073795,"2026-06-29 09:48:05"
5712,56584,other,fly,0,1,fly,https://www.inaturalist.org/observations/26014540,"2026-06-29 09:48:05"
5713,56189,grasshopper,Dermaptera,0,1,,https://www.inaturalist.org/observations/25938463,"2026-06-29 09:48:05"
5714,56130,other,Neuroptera,0,1,Neuroptera,https://www.inaturalist.org/observations/25937550,"2026-06-29 09:48:05"
5715,53283,fly,Ephemeroptera,0,3,Ephemeroptera,https://www.inaturalist.org/observations/24106874,"2026-06-29 09:48:05"
5716,43566,fly,aphid,0,4,aphid,https://www.inaturalist.org/observations/22558725,"2026-06-29 09:51:04"
5717,43565,fly,aphid,0,4,aphid,https://www.inaturalist.org/observations/22558722,"2026-06-29 09:51:04"
5718,431,unidentified,Thysanoptera,0,1,Thysanoptera,https://www.inaturalist.org/observations/17848381,"2026-06-29 09:51:04"
5719,188,other,beetle,0,2,beetle,https://www.inaturalist.org/observations/17848231,"2026-06-29 09:51:04"
5720,1559,aphid,leafhopper,0,2,leafhopper,https://www.inaturalist.org/observations/17703105,"2026-06-29 09:54:04"
5721,211642,spider,spider,0,1,spider,https://www.inaturalist.org/observations/362346437,"2026-07-06 05:54:05"
5722,211612,spider,spider,0,1,spider,https://www.inaturalist.org/observations/362150228,"2026-07-06 05:54:05"
5723,211611,truebugs,truebugs,0,1,truebugs,https://www.inaturalist.org/observations/362150210,"2026-07-06 05:54:05"
5724,211610,beetle,beetle,0,1,beetle,https://www.inaturalist.org/observations/362150182,"2026-07-06 05:54:05"
5725,211600,fly,fly,0,2,fly,https://www.inaturalist.org/observations/362140848,"2026-07-06 05:54:05"
5726,211598,spider,spider,0,1,spider,https://www.inaturalist.org/observations/362140784,"2026-07-06 05:54:05"
5727,211594,ant,ant,0,1,ant,https://www.inaturalist.org/observations/362139918,"2026-07-06 05:54:05"
5728,211589,spider,spider,0,1,spider,https://www.inaturalist.org/observations/362130698,"2026-07-06 05:54:05"
5729,211580,caterpillar,caterpillar,0,1,caterpillar,https://www.inaturalist.org/observations/362105276,"2026-07-06 05:54:05"
5730,211579,caterpillar,caterpillar,0,2,caterpillar,https://www.inaturalist.org/observations/362105204,"2026-07-06 05:54:06"
5731,211578,caterpillar,caterpillar,0,1,caterpillar,https://www.inaturalist.org/observations/362104228,"2026-07-06 05:54:06"
5732,211569,caterpillar,caterpillar,0,1,caterpillar,https://www.inaturalist.org/observations/362096959,"2026-07-06 05:54:06"
5733,211542,spider,spider,0,1,spider,https://www.inaturalist.org/observations/362067027,"2026-07-06 05:57:06"
5734,211467,spider,daddylonglegs,0,3,daddylonglegs,https://www.inaturalist.org/observations/361971648,"2026-07-06 05:57:06"
5735,211419,beetle,beetle,0,2,beetle,https://www.inaturalist.org/observations/361706184,"2026-07-06 06:00:05"
5736,211414,leafhopper,leafhopper,0,1,leafhopper,https://www.inaturalist.org/observations/361700431,"2026-07-06 06:00:05"
5737,211413,leafhopper,leafhopper,0,1,leafhopper,https://www.inaturalist.org/observations/361700397,"2026-07-06 06:00:05"
5738,211412,leafhopper,leafhopper,0,1,leafhopper,https://www.inaturalist.org/observations/361700362,"2026-07-06 06:00:05"
5739,211408,spider,spider,0,2,spider,https://www.inaturalist.org/observations/361699538,"2026-07-06 06:00:05"
5740,211401,spider,spider,0,2,spider,https://www.inaturalist.org/observations/361696723,"2026-07-06 06:00:05"
5741,211397,spider,spider,0,2,spider,https://www.inaturalist.org/observations/361696000,"2026-07-06 06:00:05"
5742,211394,beetle,beetle,0,2,beetle,https://www.inaturalist.org/observations/361695396,"2026-07-06 06:00:05"
5743,211390,bee,moths,0,2,moths,https://www.inaturalist.org/observations/361694208,"2026-07-06 06:00:05"
5744,211386,leafhopper,leafhopper,0,1,leafhopper,https://www.inaturalist.org/observations/361693446,"2026-07-06 06:00:05"
5745,211385,spider,spider,0,1,spider,https://www.inaturalist.org/observations/361693412,"2026-07-06 06:00:05"
5746,211380,leafhopper,leafhopper,0,1,leafhopper,https://www.inaturalist.org/observations/361692716,"2026-07-06 06:00:05"
5747,211377,spider,spider,0,2,spider,https://www.inaturalist.org/observations/361691640,"2026-07-06 06:00:05"
5748,211374,leafhopper,leafhopper,0,1,leafhopper,https://www.inaturalist.org/observations/361691008,"2026-07-06 06:00:05"
5749,211373,ant,ant,0,1,ant,https://www.inaturalist.org/observations/361690988,"2026-07-06 06:00:05"
5750,211369,other,Trombidiformes,0,2,Trombidiformes,https://www.inaturalist.org/observations/361690338,"2026-07-06 06:00:05"
5751,211368,unidentified,Entomobryomorpha,0,2,Entomobryomorpha,https://www.inaturalist.org/observations/361690319,"2026-07-06 06:00:05"
5752,211367,leafhopper,leafhopper,0,1,leafhopper,https://www.inaturalist.org/observations/361689652,"2026-07-06 06:03:06"
5753,211361,leafhopper,aphid,0,1,aphid,https://www.inaturalist.org/observations/361688226,"2026-07-06 06:03:06"
5754,211360,aphid,aphid,0,1,aphid,https://www.inaturalist.org/observations/361688206,"2026-07-06 06:03:06"
5755,211359,truebugs,truebugs,0,2,truebugs,https://www.inaturalist.org/observations/361687428,"2026-07-06 06:03:06"
5756,211357,aphid,aphid,0,1,aphid,https://www.inaturalist.org/observations/361686771,"2026-07-06 06:03:06"
5757,211355,beetle,beetle,0,2,beetle,https://www.inaturalist.org/observations/361686038,"2026-07-06 06:03:06"
5758,211354,other,Neuroptera,0,1,Neuroptera,https://www.inaturalist.org/observations/361685991,"2026-07-06 06:03:06"
5759,211350,other,Neuroptera,0,1,Neuroptera,https://www.inaturalist.org/observations/361685268,"2026-07-06 06:03:06"
5760,211349,spider,spider,0,2,spider,https://www.inaturalist.org/observations/361684573,"2026-07-06 06:03:06"
5761,211342,leafhopper,leafhopper,0,1,leafhopper,https://www.inaturalist.org/observations/361680729,"2026-07-06 06:03:06"
5762,211339,spider,spider,0,1,spider,https://www.inaturalist.org/observations/361679470,"2026-07-06 06:03:06"
5763,211326,fly,fly,0,1,fly,https://www.inaturalist.org/observations/361525379,"2026-07-06 06:03:06"
5764,211307,truebugs,truebugs,0,0,truebugs,https://www.inaturalist.org/observations/361467381,"2026-07-06 06:06:05"
5765,211301,beetle,beetle,0,0,beetle,https://www.inaturalist.org/observations/361466563,"2026-07-06 06:06:05"
5766,211299,leafhopper,leafhopper,0,1,leafhopper,https://www.inaturalist.org/observations/361466529,"2026-07-06 06:06:05"
5767,211295,aphid,aphid,0,1,aphid,https://www.inaturalist.org/observations/361465810,"2026-07-06 06:06:05"
5768,211277,spider,spider,0,2,spider,https://www.inaturalist.org/observations/361464096,"2026-07-06 06:06:05"
5769,211276,fly,fly,0,2,fly,https://www.inaturalist.org/observations/361464080,"2026-07-06 06:06:05"
5770,211273,spider,spider,0,1,spider,https://www.inaturalist.org/observations/361463188,"2026-07-06 06:06:05"
5771,211263,other,Psocodea,0,1,Psocodea,https://www.inaturalist.org/observations/361444186,"2026-07-06 06:06:05"
5772,211261,spider,spider,0,1,spider,https://www.inaturalist.org/observations/361443299,"2026-07-06 06:06:05"
5773,211256,aphid,aphid,0,1,aphid,https://www.inaturalist.org/observations/361439855,"2026-07-06 06:06:05"
5774,211255,spider,spider,0,2,spider,https://www.inaturalist.org/observations/361439832,"2026-07-06 06:06:05"
5775,211254,unidentified,fly,0,1,fly,https://www.inaturalist.org/observations/361439810,"2026-07-06 06:06:05"
5776,211252,spider,spider,0,2,spider,https://www.inaturalist.org/observations/361438318,"2026-07-06 06:06:05"
5777,211249,moths,"moths, fly",0,1,,https://www.inaturalist.org/observations/361436606,"2026-07-06 06:06:05"
5778,211247,ant,Psocodea,0,1,Psocodea,https://www.inaturalist.org/observations/361434132,"2026-07-06 06:06:05"
5779,211246,beetle,beetle,0,2,beetle,https://www.inaturalist.org/observations/361433387,"2026-07-06 06:09:05"
5780,211242,spider,spider,0,1,spider,https://www.inaturalist.org/observations/361432589,"2026-07-06 06:09:05"
5781,211240,leafhopper,spider,0,4,spider,https://www.inaturalist.org/observations/361431683,"2026-07-06 06:09:05"
5782,211236,spider,spider,0,2,spider,https://www.inaturalist.org/observations/361427572,"2026-07-06 06:09:05"
5783,211231,truebugs,truebugs,0,2,truebugs,https://www.inaturalist.org/observations/361423216,"2026-07-06 06:09:05"
5784,211230,leafhopper,leafhopper,0,1,leafhopper,https://www.inaturalist.org/observations/361423186,"2026-07-06 06:09:05"
5785,211224,leafhopper,leafhopper,0,1,leafhopper,https://www.inaturalist.org/observations/361418899,"2026-07-06 06:09:05"
5786,211222,other,Psocodea,0,1,Psocodea,https://www.inaturalist.org/observations/361418266,"2026-07-06 06:09:05"
5787,211219,leafhopper,leafhopper,0,1,leafhopper,https://www.inaturalist.org/observations/361414169,"2026-07-06 06:09:05"
5788,211218,grasshopper,grasshopper,0,1,grasshopper,https://www.inaturalist.org/observations/361414144,"2026-07-06 06:09:05"
5789,211214,spider,spider,0,1,spider,https://www.inaturalist.org/observations/361413482,"2026-07-06 06:09:05"
5790,211213,spider,spider,0,1,spider,https://www.inaturalist.org/observations/361412845,"2026-07-06 06:09:05"
5791,211212,spider,spider,0,1,spider,https://www.inaturalist.org/observations/361412832,"2026-07-06 06:09:05"
5792,211211,spider,spider,0,2,spider,https://www.inaturalist.org/observations/361412073,"2026-07-06 06:09:05"
5793,211210,truebugs,truebugs,0,1,truebugs,https://www.inaturalist.org/observations/361409972,"2026-07-06 06:09:05"
5794,211205,truebugs,truebugs,0,2,truebugs,https://www.inaturalist.org/observations/361409363,"2026-07-06 06:09:05"
5795,211197,ant,bee,0,1,,https://www.inaturalist.org/observations/361314526,"2026-07-06 06:09:05"
5796,211151,caterpillar,caterpillar,0,2,caterpillar,https://www.inaturalist.org/observations/361241507,"2026-07-06 06:12:05"
5797,211132,spider,spider,0,2,spider,https://www.inaturalist.org/observations/361234831,"2026-07-06 06:12:05"
5798,211130,ant,ant,0,1,ant,https://www.inaturalist.org/observations/361233534,"2026-07-06 06:12:05"
5799,211123,other,Neuroptera,0,1,Neuroptera,https://www.inaturalist.org/observations/361191300,"2026-07-06 06:12:05"
5800,211122,caterpillar,caterpillar,0,1,caterpillar,https://www.inaturalist.org/observations/361191279,"2026-07-06 06:12:05"
5801,211118,other,Psocodea,0,0,Psocodea,https://www.inaturalist.org/observations/361190512,"2026-07-06 06:12:05"
5802,211107,fly,truebugs,0,1,truebugs,https://www.inaturalist.org/observations/361189623,"2026-07-06 06:12:05"
5803,211104,beetle,beetle,0,2,beetle,https://www.inaturalist.org/observations/361189600,"2026-07-06 06:12:05"
5804,211103,leafhopper,leafhopper,0,1,leafhopper,https://www.inaturalist.org/observations/361189577,"2026-07-06 06:12:05"
5805,211102,aphid,aphid,0,1,aphid,https://www.inaturalist.org/observations/361189555,"2026-07-06 06:12:05"
5806,211101,leafhopper,leafhopper,0,1,leafhopper,https://www.inaturalist.org/observations/361188809,"2026-07-06 06:12:05"
5807,211100,spider,spider,0,1,spider,https://www.inaturalist.org/observations/361188787,"2026-07-06 06:12:05"
5808,211097,leafhopper,leafhopper,0,1,leafhopper,https://www.inaturalist.org/observations/361188753,"2026-07-06 06:12:05"
5809,211094,truebugs,truebugs,0,2,truebugs,https://www.inaturalist.org/observations/361187972,"2026-07-06 06:12:05"
5810,211092,other,Neuroptera,0,2,Neuroptera,https://www.inaturalist.org/observations/361187896,"2026-07-06 06:15:05"
5811,211090,caterpillar,caterpillar,0,1,caterpillar,https://www.inaturalist.org/observations/361187865,"2026-07-06 06:15:05"
5812,211085,leafhopper,leafhopper,0,1,leafhopper,https://www.inaturalist.org/observations/361187028,"2026-07-06 06:15:05"
5813,211084,fly,fly,0,1,fly,https://www.inaturalist.org/observations/361186195,"2026-07-06 06:15:05"
5814,211079,spider,spider,0,3,spider,https://www.inaturalist.org/observations/361186104,"2026-07-06 06:15:05"
5815,211062,spider,spider,0,1,spider,https://www.inaturalist.org/observations/361183373,"2026-07-06 06:15:05"
5816,211061,other,Psocodea,0,0,Psocodea,https://www.inaturalist.org/observations/361183348,"2026-07-06 06:15:05"
5817,211059,leafhopper,leafhopper,0,2,leafhopper,https://www.inaturalist.org/observations/361182590,"2026-07-06 06:15:05"
5818,211055,spider,spider,0,1,spider,https://www.inaturalist.org/observations/361181846,"2026-07-06 06:15:05"
5819,211054,aphid,fly,0,1,fly,https://www.inaturalist.org/observations/361181822,"2026-07-06 06:15:05"
5820,211046,other,Neuroptera,0,1,Neuroptera,https://www.inaturalist.org/observations/361180877,"2026-07-06 06:15:05"
5821,211032,aphid,aphid,0,1,aphid,https://www.inaturalist.org/observations/361178572,"2026-07-06 06:18:05"
5822,211031,spider,spider,0,2,spider,https://www.inaturalist.org/observations/361178550,"2026-07-06 06:18:05"
5823,211026,spider,spider,0,1,spider,https://www.inaturalist.org/observations/361177742,"2026-07-06 06:18:05"
5824,211017,leafhopper,leafhopper,0,1,leafhopper,https://www.inaturalist.org/observations/361170910,"2026-07-06 06:18:05"
5825,211003,moths,moths,0,4,moths,https://www.inaturalist.org/observations/361165544,"2026-07-06 06:18:05"
5826,211002,leafhopper,aphid,0,0,aphid,https://www.inaturalist.org/observations/361165514,"2026-07-06 06:18:05"
5827,211001,leafhopper,leafhopper,0,1,leafhopper,https://www.inaturalist.org/observations/361165490,"2026-07-06 06:18:05"
5828,211000,spider,spider,0,2,spider,https://www.inaturalist.org/observations/361164769,"2026-07-06 06:18:05"
5829,210993,spider,spider,0,1,spider,https://www.inaturalist.org/observations/361158910,"2026-07-06 06:18:05"
5830,210992,spider,spider,0,1,spider,https://www.inaturalist.org/observations/361158893,"2026-07-06 06:18:05"
5831,210985,leafhopper,leafhopper,0,1,leafhopper,https://www.inaturalist.org/observations/361155204,"2026-07-06 06:18:05"
5832,210978,leafhopper,leafhopper,0,2,leafhopper,https://www.inaturalist.org/observations/361154642,"2026-07-06 06:18:05"
5833,210977,aphid,leafhopper,0,2,leafhopper,https://www.inaturalist.org/observations/361154630,"2026-07-06 06:18:05"
5834,210973,ant,ant,0,1,ant,https://www.inaturalist.org/observations/361153864,"2026-07-06 06:18:05"
5835,210969,ant,ant,0,1,ant,https://www.inaturalist.org/observations/361151743,"2026-07-06 06:18:05"
5836,210967,leafhopper,beetle,0,2,beetle,https://www.inaturalist.org/observations/361151086,"2026-07-06 06:21:05"
5837,210960,spider,spider,0,1,spider,https://www.inaturalist.org/observations/361148435,"2026-07-06 06:21:05"
5838,210959,spider,spider,0,2,spider,https://www.inaturalist.org/observations/361148409,"2026-07-06 06:21:05"
5839,210957,spider,spider,0,1,spider,https://www.inaturalist.org/observations/361148368,"2026-07-06 06:21:05"
5840,210955,spider,spider,0,1,spider,https://www.inaturalist.org/observations/361147635,"2026-07-06 06:21:05"
5841,210952,leafhopper,leafhopper,0,1,leafhopper,https://www.inaturalist.org/observations/361145670,"2026-07-06 06:21:05"
5842,210948,leafhopper,leafhopper,0,2,leafhopper,https://www.inaturalist.org/observations/361144460,"2026-07-06 06:21:05"
5843,210941,beetle,beetle,0,1,beetle,https://www.inaturalist.org/observations/361141925,"2026-07-06 06:21:05"
5844,210940,leafhopper,leafhopper,0,1,leafhopper,https://www.inaturalist.org/observations/361141409,"2026-07-06 06:21:05"
5845,210932,aphid,aphid,0,1,aphid,https://www.inaturalist.org/observations/361139366,"2026-07-06 06:21:05"
5846,210931,spider,spider,0,1,spider,https://www.inaturalist.org/observations/361139338,"2026-07-06 06:21:05"
5847,210918,caterpillar,caterpillar,0,1,caterpillar,https://www.inaturalist.org/observations/361010435,"2026-07-06 06:21:05"
5848,210917,caterpillar,caterpillar,0,1,caterpillar,https://www.inaturalist.org/observations/361009743,"2026-07-06 06:21:05"
5849,210911,caterpillar,caterpillar,0,1,caterpillar,https://www.inaturalist.org/observations/361006371,"2026-07-06 06:21:05"
5850,210909,caterpillar,caterpillar,0,1,caterpillar,https://www.inaturalist.org/observations/361006356,"2026-07-06 06:21:05"
5851,210905,caterpillar,caterpillar,0,1,caterpillar,https://www.inaturalist.org/observations/361005293,"2026-07-06 06:21:05"
5852,210901,caterpillar,caterpillar,0,1,caterpillar,https://www.inaturalist.org/observations/361003317,"2026-07-06 06:21:05"
5853,210898,truebugs,truebugs,0,1,truebugs,https://www.inaturalist.org/observations/361002745,"2026-07-06 06:21:05"
5854,210875,caterpillar,caterpillar,0,1,caterpillar,https://www.inaturalist.org/observations/360916103,"2026-07-06 06:24:06"
5855,210859,fly,fly,0,1,fly,https://www.inaturalist.org/observations/360910196,"2026-07-06 06:24:06"
5856,210858,aphid,aphid,0,1,aphid,https://www.inaturalist.org/observations/360910178,"2026-07-06 06:24:06"
5857,210852,truebugs,truebugs,0,1,truebugs,https://www.inaturalist.org/observations/360908621,"2026-07-06 06:24:06"
5858,210848,caterpillar,caterpillar,0,1,caterpillar,https://www.inaturalist.org/observations/360908482,"2026-07-06 06:24:06"
5859,210839,beetle,beetle,0,1,beetle,https://www.inaturalist.org/observations/360906922,"2026-07-06 06:24:06"
5860,210827,aphid,aphid,0,1,aphid,https://www.inaturalist.org/observations/360903123,"2026-07-06 06:24:06"
5861,210820,beetle,beetle,0,2,beetle,https://www.inaturalist.org/observations/360902419,"2026-07-06 06:24:06"
5862,210817,leafhopper,Psocodea,0,1,Psocodea,https://www.inaturalist.org/observations/360901690,"2026-07-06 06:24:06"
5863,210815,fly,fly,0,2,fly,https://www.inaturalist.org/observations/360901653,"2026-07-06 06:27:05"
5864,210780,other,Ephemeroptera,0,1,Ephemeroptera,https://www.inaturalist.org/observations/360886005,"2026-07-06 06:27:05"
5865,210770,spider,spider,0,2,spider,https://www.inaturalist.org/observations/360885181,"2026-07-06 06:27:05"
5866,210719,other,Ephemeroptera,0,1,Ephemeroptera,https://www.inaturalist.org/observations/360628326,"2026-07-06 06:30:06"
5867,210703,spider,spider,0,1,spider,https://www.inaturalist.org/observations/360625449,"2026-07-06 06:30:06"
5868,210684,spider,spider,0,1,spider,https://www.inaturalist.org/observations/360623690,"2026-07-06 06:30:06"
5869,210674,ant,"beetle, ant",0,2,beetle,https://www.inaturalist.org/observations/360622788,"2026-07-06 06:30:06"
5870,210673,spider,spider,0,1,spider,https://www.inaturalist.org/observations/360622072,"2026-07-06 06:30:07"
5871,210666,aphid,aphid,0,1,aphid,https://www.inaturalist.org/observations/360621228,"2026-07-06 06:30:07"
5872,210664,ant,"daddylonglegs, ant",0,3,daddylonglegs,https://www.inaturalist.org/observations/360621180,"2026-07-06 06:30:07"
5873,210660,spider,spider,0,1,spider,https://www.inaturalist.org/observations/360620283,"2026-07-06 06:30:07"
5874,210652,spider,spider,0,1,spider,https://www.inaturalist.org/observations/360618362,"2026-07-06 06:33:06"
5875,210649,leafhopper,leafhopper,0,0,leafhopper,https://www.inaturalist.org/observations/360618310,"2026-07-06 06:33:06"
5876,210644,beetle,beetle,0,0,beetle,https://www.inaturalist.org/observations/360617568,"2026-07-06 06:33:06"
5877,210614,spider,spider,0,1,spider,https://www.inaturalist.org/observations/360602822,"2026-07-06 06:33:06"
5878,210613,spider,spider,0,1,spider,https://www.inaturalist.org/observations/360602791,"2026-07-06 06:33:06"
5879,210612,spider,spider,0,1,spider,https://www.inaturalist.org/observations/360602753,"2026-07-06 06:33:06"
5880,210610,spider,spider,0,1,spider,https://www.inaturalist.org/observations/360602700,"2026-07-06 06:33:06"
5881,210597,spider,spider,0,1,spider,https://www.inaturalist.org/observations/360595259,"2026-07-06 06:33:06"
5882,210593,truebugs,truebugs,0,2,truebugs,https://www.inaturalist.org/observations/360595201,"2026-07-06 06:33:06"
5883,210554,fly,moths,0,0,moths,https://www.inaturalist.org/observations/360253404,"2026-07-06 06:36:05"
5884,210447,spider,spider,0,1,spider,https://www.inaturalist.org/observations/359586216,"2026-07-06 06:39:05"
5885,210445,aphid,aphid,0,1,aphid,https://www.inaturalist.org/observations/359586165,"2026-07-06 06:39:05"
5886,210435,spider,spider,0,1,spider,https://www.inaturalist.org/observations/359568174,"2026-07-06 06:39:05"
5887,210416,spider,spider,0,1,spider,https://www.inaturalist.org/observations/359550005,"2026-07-06 06:39:05"
5888,210395,leafhopper,leafhopper,0,1,leafhopper,https://www.inaturalist.org/observations/359543727,"2026-07-06 06:39:05"
5889,210394,spider,spider,0,1,spider,https://www.inaturalist.org/observations/359542905,"2026-07-06 06:39:05"
5890,210391,aphid,aphid,0,0,aphid,https://www.inaturalist.org/observations/359542814,"2026-07-06 06:39:05"
5891,210390,spider,spider,0,1,spider,https://www.inaturalist.org/observations/359542771,"2026-07-06 06:39:05"
5892,210382,spider,spider,0,1,spider,https://www.inaturalist.org/observations/359541194,"2026-07-06 06:42:06"
5893,210374,spider,spider,0,1,spider,https://www.inaturalist.org/observations/359540185,"2026-07-06 06:42:06"
5894,210363,spider,spider,0,1,spider,https://www.inaturalist.org/observations/359537670,"2026-07-06 06:42:06"
5895,210341,leafhopper,leafhopper,0,1,leafhopper,https://www.inaturalist.org/observations/359526116,"2026-07-06 06:42:06"
5896,210340,aphid,aphid,0,1,aphid,https://www.inaturalist.org/observations/359526088,"2026-07-06 06:42:06"
5897,210333,other,bee,0,1,bee,https://www.inaturalist.org/observations/359522660,"2026-07-06 06:42:06"
5898,210322,aphid,aphid,0,0,aphid,https://www.inaturalist.org/observations/359518333,"2026-07-06 06:42:06"
5899,210280,aphid,aphid,0,0,aphid,https://www.inaturalist.org/observations/359509711,"2026-07-06 06:45:06"
5900,210277,aphid,aphid,0,1,aphid,https://www.inaturalist.org/observations/359508905,"2026-07-06 06:45:06"
5901,210227,beetle,beetle,0,2,beetle,https://www.inaturalist.org/observations/359317088,"2026-07-06 06:45:06"
5902,210152,spider,spider,0,1,spider,https://www.inaturalist.org/observations/358945346,"2026-07-06 06:48:06"
5903,210116,spider,spider,0,1,spider,https://www.inaturalist.org/observations/358939517,"2026-07-06 06:51:05"
5904,210115,spider,spider,0,1,spider,https://www.inaturalist.org/observations/358939489,"2026-07-06 06:51:05"
5905,210105,leafhopper,leafhopper,0,1,leafhopper,https://www.inaturalist.org/observations/358937805,"2026-07-06 06:51:05"
5906,210083,leafhopper,leafhopper,0,1,leafhopper,https://www.inaturalist.org/observations/358930914,"2026-07-06 06:51:05"
5907,210074,leafhopper,leafhopper,0,1,leafhopper,https://www.inaturalist.org/observations/358929050,"2026-07-06 06:51:05"
5908,210072,spider,spider,0,1,spider,https://www.inaturalist.org/observations/358926230,"2026-07-06 06:51:05"
5909,210051,leafhopper,leafhopper,0,1,leafhopper,https://www.inaturalist.org/observations/358922630,"2026-07-06 06:54:05"
5910,210044,beetle,beetle,0,2,beetle,https://www.inaturalist.org/observations/358921145,"2026-07-06 06:54:05"
5911,210037,spider,spider,0,1,spider,https://www.inaturalist.org/observations/358919611,"2026-07-06 06:54:05"
5912,210032,spider,spider,0,1,spider,https://www.inaturalist.org/observations/358918803,"2026-07-06 06:54:05"
5913,210017,leafhopper,leafhopper,0,1,leafhopper,https://www.inaturalist.org/observations/358915473,"2026-07-06 06:54:05"
5914,209992,leafhopper,leafhopper,0,1,leafhopper,https://www.inaturalist.org/observations/358906287,"2026-07-06 06:57:05"
5915,209921,spider,spider,0,1,spider,https://www.inaturalist.org/observations/358784028,"2026-07-06 06:57:05"
5916,209899,beetle,beetle,0,1,beetle,https://www.inaturalist.org/observations/358781588,"2026-07-06 07:00:07"
5917,209887,spider,spider,0,1,spider,https://www.inaturalist.org/observations/358780207,"2026-07-06 07:00:07"
5918,209784,spider,spider,0,1,spider,https://www.inaturalist.org/observations/358773355,"2026-07-06 07:03:05"
5919,209773,spider,spider,0,1,spider,https://www.inaturalist.org/observations/358772099,"2026-07-06 07:03:05"
5920,209754,leafhopper,leafhopper,0,2,leafhopper,https://www.inaturalist.org/observations/358770129,"2026-07-06 07:06:05"
5921,209743,leafhopper,leafhopper,0,1,leafhopper,https://www.inaturalist.org/observations/358769202,"2026-07-06 07:06:05"
5922,209593,spider,spider,0,1,spider,https://www.inaturalist.org/observations/358766274,"2026-07-06 07:06:05"
5923,209579,spider,spider,0,1,spider,https://www.inaturalist.org/observations/358764541,"2026-07-06 07:09:05"
5924,209578,spider,spider,0,1,spider,https://www.inaturalist.org/observations/358764532,"2026-07-06 07:09:05"
5925,209181,unidentified,spider,0,1,spider,https://www.inaturalist.org/observations/358731559,"2026-07-06 07:21:05"
5926,184707,ant,bee,0,2,bee,https://www.inaturalist.org/observations/271066761,"2026-07-06 08:33:06"
5927,82707,bee,caterpillar,0,3,caterpillar,https://www.inaturalist.org/observations/58311987,"2026-06-29 09:36:05"
5928,212968,beetle,beetle,0,0,beetle,https://www.inaturalist.org/observations/364639489,"2026-07-06 05:06:06"
5929,212965,spider,spider,0,1,spider,https://www.inaturalist.org/observations/364636844,"2026-07-06 05:06:06"
5930,212959,truebugs,truebugs,0,1,truebugs,https://www.inaturalist.org/observations/364633123,"2026-07-06 05:06:06"
5931,212950,grasshopper,grasshopper,0,1,grasshopper,https://www.inaturalist.org/observations/364429665,"2026-07-06 05:06:06"
5932,212942,truebugs,truebugs,0,2,truebugs,https://www.inaturalist.org/observations/364415837,"2026-07-06 05:06:06"
5933,212929,beetle,beetle,0,1,beetle,https://www.inaturalist.org/observations/364403900,"2026-07-06 05:06:06"
5934,212925,beetle,beetle,0,1,beetle,https://www.inaturalist.org/observations/364400427,"2026-07-06 05:06:06"
5935,212913,spider,spider,0,1,spider,https://www.inaturalist.org/observations/364358074,"2026-07-06 05:06:06"
5936,212887,beetle,beetle,0,2,beetle,https://www.inaturalist.org/observations/364109095,"2026-07-06 05:06:06"
5937,212883,spider,spider,0,2,spider,https://www.inaturalist.org/observations/364103918,"2026-07-06 05:06:06"
5938,212879,spider,spider,0,1,spider,https://www.inaturalist.org/observations/364103811,"2026-07-06 05:06:06"
5939,212878,spider,spider,0,2,spider,https://www.inaturalist.org/observations/364097374,"2026-07-06 05:06:06"
5940,212316,spider,spider,0,2,spider,https://www.inaturalist.org/observations/364095887,"2026-07-06 05:06:06"
5941,212263,other,beetle,0,2,beetle,https://www.inaturalist.org/observations/364087034,"2026-07-06 05:06:06"
5942,212262,other,beetle,0,2,beetle,https://www.inaturalist.org/observations/364087009,"2026-07-06 05:06:06"
5943,212877,spider,"daddylonglegs, spider",0,3,daddylonglegs,https://www.inaturalist.org/observations/364068724,"2026-07-06 05:09:04"
5944,212871,unidentified,truebugs,0,1,truebugs,https://www.inaturalist.org/observations/364065495,"2026-07-06 05:09:04"
5945,212857,bee,"bee (sawfly), moths",0,1,,https://www.inaturalist.org/observations/364039038,"2026-07-06 05:09:04"
5946,212840,truebugs,truebugs,0,3,truebugs,https://www.inaturalist.org/observations/364024326,"2026-07-06 05:09:04"
5947,212838,fly,fly,0,1,fly,https://www.inaturalist.org/observations/364023403,"2026-07-06 05:09:04"
5948,212833,aphid,"truebugs, aphid",0,2,truebugs,https://www.inaturalist.org/observations/364022536,"2026-07-06 05:09:04"
5949,212818,spider,spider,0,1,spider,https://www.inaturalist.org/observations/364013782,"2026-07-06 05:09:04"
5950,212816,other,fly,0,1,fly,https://www.inaturalist.org/observations/364012886,"2026-07-06 05:09:04"
5951,212811,beetle,beetle,0,3,beetle,https://www.inaturalist.org/observations/364009402,"2026-07-06 05:12:06"
5952,212807,beetle,beetle,0,1,beetle,https://www.inaturalist.org/observations/364009378,"2026-07-06 05:12:06"
5953,212798,fly,fly,0,1,fly,https://www.inaturalist.org/observations/364008496,"2026-07-06 05:12:06"
5954,212758,spider,spider,0,1,spider,https://www.inaturalist.org/observations/363978732,"2026-07-06 05:12:06"
5955,212746,spider,spider,0,0,spider,https://www.inaturalist.org/observations/363975758,"2026-07-06 05:12:06"
5956,212740,leafhopper,leafhopper,0,1,leafhopper,https://www.inaturalist.org/observations/363973290,"2026-07-06 05:12:06"
5957,212733,leafhopper,leafhopper,0,1,leafhopper,https://www.inaturalist.org/observations/363971546,"2026-07-06 05:15:06"
5958,212729,leafhopper,leafhopper,0,1,leafhopper,https://www.inaturalist.org/observations/363969055,"2026-07-06 05:15:06"
5959,212728,leafhopper,leafhopper,0,1,leafhopper,https://www.inaturalist.org/observations/363969032,"2026-07-06 05:15:06"
5960,212726,truebugs,truebugs,0,2,truebugs,https://www.inaturalist.org/observations/363968982,"2026-07-06 05:15:06"
5961,212725,spider,spider,0,1,spider,https://www.inaturalist.org/observations/363968318,"2026-07-06 05:15:06"
5962,212724,truebugs,truebugs,0,2,truebugs,https://www.inaturalist.org/observations/363968293,"2026-07-06 05:15:06"
5963,212722,fly,Psocodea,0,1,Psocodea,https://www.inaturalist.org/observations/363968234,"2026-07-06 05:15:06"
5964,212721,spider,spider,0,1,spider,https://www.inaturalist.org/observations/363968181,"2026-07-06 05:15:06"
5965,212715,leafhopper,leafhopper,0,1,leafhopper,https://www.inaturalist.org/observations/363965735,"2026-07-06 05:15:06"
5966,212700,spider,spider,0,1,spider,https://www.inaturalist.org/observations/363961815,"2026-07-06 05:15:06"
5967,212682,spider,spider,0,2,spider,https://www.inaturalist.org/observations/363956236,"2026-07-06 05:15:06"
5968,212681,leafhopper,leafhopper,0,1,leafhopper,https://www.inaturalist.org/observations/363955590,"2026-07-06 05:15:06"
5969,212680,beetle,beetle,0,1,beetle,https://www.inaturalist.org/observations/363955562,"2026-07-06 05:15:06"
5971,212670,spider,spider,0,1,spider,https://www.inaturalist.org/observations/363850290,"2026-07-06 05:15:06"
5972,212667,beetle,beetle,0,2,beetle,https://www.inaturalist.org/observations/363850269,"2026-07-06 05:15:06"
5973,212665,spider,spider,0,1,spider,https://www.inaturalist.org/observations/363850237,"2026-07-06 05:18:06"
5974,212664,spider,spider,0,2,spider,https://www.inaturalist.org/observations/363849771,"2026-07-06 05:18:06"
5975,212653,spider,spider,0,1,spider,https://www.inaturalist.org/observations/363849246,"2026-07-06 05:18:06"
5976,212526,beetle,truebugs,0,2,truebugs,https://www.inaturalist.org/observations/363827523,"2026-07-06 05:18:06"
5977,212524,beetle,beetle,0,1,beetle,https://www.inaturalist.org/observations/363827491,"2026-07-06 05:18:06"
5978,212530,spider,spider,0,2,spider,https://www.inaturalist.org/observations/363826903,"2026-07-06 05:18:06"
5979,212529,daddylonglegs,daddylonglegs,0,1,daddylonglegs,https://www.inaturalist.org/observations/363826849,"2026-07-06 05:18:06"
5980,212533,spider,spider,0,2,spider,https://www.inaturalist.org/observations/363826208,"2026-07-06 05:18:06"
5981,212532,spider,spider,0,3,spider,https://www.inaturalist.org/observations/363826173,"2026-07-06 05:18:06"
5982,212534,beetle,truebugs,0,2,truebugs,https://www.inaturalist.org/observations/363825448,"2026-07-06 05:18:06"
5983,212538,beetle,beetle,0,3,beetle,https://www.inaturalist.org/observations/363824829,"2026-07-06 05:18:06"
5984,212535,beetle,truebugs,0,2,truebugs,https://www.inaturalist.org/observations/363824795,"2026-07-06 05:18:06"
5985,212543,beetle,truebugs,0,1,truebugs,https://www.inaturalist.org/observations/363824291,"2026-07-06 05:18:06"
5986,212542,beetle,beetle,0,1,beetle,https://www.inaturalist.org/observations/363824275,"2026-07-06 05:18:06"
5987,212540,beetle,beetle,0,1,beetle,https://www.inaturalist.org/observations/363824264,"2026-07-06 05:18:06"
5988,212546,beetle,truebugs,0,2,truebugs,https://www.inaturalist.org/observations/363823654,"2026-07-06 05:18:06"
5989,212549,beetle,beetle,0,1,beetle,https://www.inaturalist.org/observations/363822949,"2026-07-06 05:18:06"
5990,212547,daddylonglegs,daddylonglegs,0,1,daddylonglegs,https://www.inaturalist.org/observations/363822904,"2026-07-06 05:18:06"
5991,212554,beetle,truebugs,0,2,truebugs,https://www.inaturalist.org/observations/363822325,"2026-07-06 05:18:06"
5992,212552,spider,spider,0,3,spider,https://www.inaturalist.org/observations/363822289,"2026-07-06 05:18:06"
5993,212557,beetle,truebugs,0,3,truebugs,https://www.inaturalist.org/observations/363819301,"2026-07-06 05:18:06"
5994,212562,beetle,beetle,0,1,beetle,https://www.inaturalist.org/observations/363817044,"2026-07-06 05:21:05"
5995,212561,ant,ant,0,2,ant,https://www.inaturalist.org/observations/363817027,"2026-07-06 05:21:05"
5996,212564,spider,spider,0,2,spider,https://www.inaturalist.org/observations/363816452,"2026-07-06 05:21:05"
5997,212566,beetle,beetle,0,3,beetle,https://www.inaturalist.org/observations/363813871,"2026-07-06 05:21:05"
5998,212568,spider,spider,0,2,spider,https://www.inaturalist.org/observations/363803532,"2026-07-06 05:21:05"
5999,212572,truebugs,truebugs,0,1,truebugs,https://www.inaturalist.org/observations/363802777,"2026-07-06 05:21:05"
6000,212569,beetle,truebugs,0,3,truebugs,https://www.inaturalist.org/observations/363802753,"2026-07-06 05:21:05"
6001,212594,caterpillar,caterpillar,0,0,caterpillar,https://www.inaturalist.org/observations/363749464,"2026-07-06 05:21:05"
6002,212590,caterpillar,caterpillar,0,0,caterpillar,https://www.inaturalist.org/observations/363745983,"2026-07-06 05:21:05"
6003,212579,aphid,"leafhopper, aphid",0,2,leafhopper,https://www.inaturalist.org/observations/363737611,"2026-07-06 05:21:05"
6004,212518,spider,spider,0,1,spider,https://www.inaturalist.org/observations/363664442,"2026-07-06 05:21:05"
6005,212506,beetle,beetle,0,1,beetle,https://www.inaturalist.org/observations/363662981,"2026-07-06 05:21:05"
6006,212503,spider,spider,0,1,spider,https://www.inaturalist.org/observations/363650761,"2026-07-06 05:21:05"
6007,212502,leafhopper,leafhopper,0,1,leafhopper,https://www.inaturalist.org/observations/363650108,"2026-07-06 05:21:05"
6008,212501,beetle,beetle,0,0,beetle,https://www.inaturalist.org/observations/363650080,"2026-07-06 05:21:05"
6009,212500,spider,spider,0,1,spider,https://www.inaturalist.org/observations/363650056,"2026-07-06 05:21:05"
6010,212497,spider,spider,0,2,spider,https://www.inaturalist.org/observations/363649281,"2026-07-06 05:24:06"
6011,212494,fly,fly,0,1,fly,https://www.inaturalist.org/observations/363649253,"2026-07-06 05:24:06"
6012,212491,leafhopper,leafhopper,0,1,leafhopper,https://www.inaturalist.org/observations/363647894,"2026-07-06 05:24:06"
6013,212490,spider,spider,0,1,spider,https://www.inaturalist.org/observations/363647867,"2026-07-06 05:24:06"
6014,212482,leafhopper,leafhopper,0,1,leafhopper,https://www.inaturalist.org/observations/363646355,"2026-07-06 05:24:06"
6015,212481,spider,spider,0,1,spider,https://www.inaturalist.org/observations/363646333,"2026-07-06 05:24:06"
6016,212480,spider,spider,0,2,spider,https://www.inaturalist.org/observations/363645657,"2026-07-06 05:24:06"
6017,212470,spider,spider,0,1,spider,https://www.inaturalist.org/observations/363642225,"2026-07-06 05:24:06"
6018,212467,beetle,beetle,0,1,beetle,https://www.inaturalist.org/observations/363641537,"2026-07-06 05:24:06"
6019,212461,beetle,beetle,0,1,beetle,https://www.inaturalist.org/observations/363639318,"2026-07-06 05:24:06"
6020,212460,beetle,beetle,0,1,beetle,https://www.inaturalist.org/observations/363639295,"2026-07-06 05:24:06"
6021,212456,spider,spider,0,2,spider,https://www.inaturalist.org/observations/363637336,"2026-07-06 05:24:06"
6022,212448,spider,spider,0,2,spider,https://www.inaturalist.org/observations/363636791,"2026-07-06 05:24:06"
6023,212443,truebugs,truebugs,0,1,truebugs,https://www.inaturalist.org/observations/363635002,"2026-07-06 05:24:06"
6024,212440,spider,spider,0,1,spider,https://www.inaturalist.org/observations/363633860,"2026-07-06 05:24:06"
6025,212435,beetle,beetle,0,0,beetle,https://www.inaturalist.org/observations/363633093,"2026-07-06 05:24:06"
6026,212429,spider,spider,0,1,spider,https://www.inaturalist.org/observations/363630813,"2026-07-06 05:24:06"
6027,212422,spider,spider,0,1,spider,https://www.inaturalist.org/observations/363629745,"2026-07-06 05:27:05"
6028,212415,beetle,beetle,0,0,beetle,https://www.inaturalist.org/observations/363628528,"2026-07-06 05:27:05"
6029,212408,spider,spider,0,1,spider,https://www.inaturalist.org/observations/363554246,"2026-07-06 05:27:05"
6030,212405,spider,spider,0,1,spider,https://www.inaturalist.org/observations/363551267,"2026-07-06 05:27:05"
6031,212396,spider,spider,0,1,spider,https://www.inaturalist.org/observations/363547797,"2026-07-06 05:27:05"
6032,212388,beetle,"truebugs, beetle",0,3,truebugs,https://www.inaturalist.org/observations/363544485,"2026-07-06 05:27:05"
6033,212338,spider,spider,0,1,spider,https://www.inaturalist.org/observations/363385574,"2026-07-06 05:27:05"
6034,212337,leafhopper,leafhopper,0,1,leafhopper,https://www.inaturalist.org/observations/363385553,"2026-07-06 05:27:05"
6036,212330,caterpillar,caterpillar,0,1,caterpillar,https://www.inaturalist.org/observations/363379952,"2026-07-06 05:30:07"
6037,212304,leafhopper,leafhopper,0,1,leafhopper,https://www.inaturalist.org/observations/363372209,"2026-07-06 05:30:07"
6038,212303,spider,spider,0,2,spider,https://www.inaturalist.org/observations/363372191,"2026-07-06 05:30:07"
6039,212297,beetle,beetle,0,0,beetle,https://www.inaturalist.org/observations/363371483,"2026-07-06 05:30:07"
6040,212295,ant,spider,0,4,spider,https://www.inaturalist.org/observations/363371440,"2026-07-06 05:30:07"
6041,212294,aphid,aphid,0,1,aphid,https://www.inaturalist.org/observations/363370719,"2026-07-06 05:30:07"
6042,212283,spider,spider,0,1,spider,https://www.inaturalist.org/observations/363369933,"2026-07-06 05:30:07"
6043,212272,beetle,beetle,0,1,beetle,https://www.inaturalist.org/observations/363369039,"2026-07-06 05:30:07"
6044,212265,fly,bee,0,0,bee,https://www.inaturalist.org/observations/363367488,"2026-07-06 05:30:07"
6045,212261,spider,spider,0,1,spider,https://www.inaturalist.org/observations/363367454,"2026-07-06 05:30:07"
6046,212247,spider,spider,0,1,spider,https://www.inaturalist.org/observations/363366671,"2026-07-06 05:30:07"
6047,212246,spider,spider,0,1,spider,https://www.inaturalist.org/observations/363366649,"2026-07-06 05:30:07"
6048,212243,leafhopper,leafhopper,0,1,leafhopper,https://www.inaturalist.org/observations/363365956,"2026-07-06 05:30:07"
6049,212241,ant,ant,0,1,ant,https://www.inaturalist.org/observations/363365928,"2026-07-06 05:30:07"
6050,212238,leafhopper,leafhopper,0,1,leafhopper,https://www.inaturalist.org/observations/363365864,"2026-07-06 05:30:07"
6051,212231,spider,spider,0,2,spider,https://www.inaturalist.org/observations/363365121,"2026-07-06 05:30:07"
6052,212220,spider,spider,0,1,spider,https://www.inaturalist.org/observations/363364300,"2026-07-06 05:33:06"
6053,212204,leafhopper,fly,0,1,fly,https://www.inaturalist.org/observations/363362616,"2026-07-06 05:33:06"
6054,212202,beetle,beetle,0,2,beetle,https://www.inaturalist.org/observations/363361856,"2026-07-06 05:33:06"
6055,212190,beetle,beetle,0,0,beetle,https://www.inaturalist.org/observations/363360185,"2026-07-06 05:33:06"
6056,212184,spider,spider,0,1,spider,https://www.inaturalist.org/observations/363359350,"2026-07-06 05:33:06"
6057,212178,truebugs,"beetle, truebugs",0,2,beetle,https://www.inaturalist.org/observations/363359276,"2026-07-06 05:33:06"
6058,212176,other,Neuroptera,0,1,Neuroptera,https://www.inaturalist.org/observations/363358589,"2026-07-06 05:33:06"
6059,212170,spider,spider,0,1,spider,https://www.inaturalist.org/observations/363358520,"2026-07-06 05:33:06"
6060,212167,leafhopper,leafhopper,0,1,leafhopper,https://www.inaturalist.org/observations/363357854,"2026-07-06 05:33:06"
6061,212158,spider,spider,0,1,spider,https://www.inaturalist.org/observations/363356420,"2026-07-06 05:33:06"
6062,212155,leafhopper,leafhopper,0,1,leafhopper,https://www.inaturalist.org/observations/363356377,"2026-07-06 05:33:06"
6063,212152,spider,spider,0,2,spider,https://www.inaturalist.org/observations/363356362,"2026-07-06 05:33:06"
6064,212143,spider,spider,0,1,spider,https://www.inaturalist.org/observations/363354205,"2026-07-06 05:36:05"
6065,212142,truebugs,truebugs,0,2,truebugs,https://www.inaturalist.org/observations/363354165,"2026-07-06 05:36:05"
6066,212141,other,Dermaptera,0,1,Dermaptera,https://www.inaturalist.org/observations/363353434,"2026-07-06 05:36:05"
6067,212140,spider,spider,0,1,spider,https://www.inaturalist.org/observations/363353400,"2026-07-06 05:36:05"
6068,212133,caterpillar,caterpillar,0,1,caterpillar,https://www.inaturalist.org/observations/363352032,"2026-07-06 05:36:05"
6069,212132,spider,spider,0,1,spider,https://www.inaturalist.org/observations/363352006,"2026-07-06 05:36:05"
6070,212128,beetle,beetle,0,2,beetle,https://www.inaturalist.org/observations/363349740,"2026-07-06 05:36:05"
6071,212123,aphid,Psocodea,0,0,Psocodea,https://www.inaturalist.org/observations/363349673,"2026-07-06 05:36:05"
6072,212119,leafhopper,leafhopper,0,1,leafhopper,https://www.inaturalist.org/observations/363349039,"2026-07-06 05:36:05"
6073,212118,truebugs,truebugs,0,3,truebugs,https://www.inaturalist.org/observations/363349018,"2026-07-06 05:36:05"
6074,212114,spider,spider,0,1,spider,https://www.inaturalist.org/observations/363348283,"2026-07-06 05:36:05"
6075,212107,leafhopper,leafhopper,0,1,leafhopper,https://www.inaturalist.org/observations/363347651,"2026-07-06 05:36:05"
6076,212104,other,Neuroptera,0,1,Neuroptera,https://www.inaturalist.org/observations/363346906,"2026-07-06 05:36:05"
6077,212090,leafhopper,leafhopper,0,1,leafhopper,https://www.inaturalist.org/observations/363344916,"2026-07-06 05:36:05"
6078,212089,leafhopper,leafhopper,0,1,leafhopper,https://www.inaturalist.org/observations/363344883,"2026-07-06 05:36:05"
6079,212087,beetle,beetle,0,2,beetle,https://www.inaturalist.org/observations/363344869,"2026-07-06 05:36:05"
6080,212086,beetle,beetle,0,0,beetle,https://www.inaturalist.org/observations/363344848,"2026-07-06 05:36:05"
6081,212084,truebugs,truebugs,0,2,truebugs,https://www.inaturalist.org/observations/363344309,"2026-07-06 05:36:05"
6082,212081,other,Dermaptera,0,1,Dermaptera,https://www.inaturalist.org/observations/363344230,"2026-07-06 05:36:05"
6083,212080,leafhopper,leafhopper,0,1,leafhopper,https://www.inaturalist.org/observations/363344211,"2026-07-06 05:39:06"
6084,212075,other,Dermaptera,0,2,Dermaptera,https://www.inaturalist.org/observations/363343636,"2026-07-06 05:39:06"
6085,212073,bee,bee,0,2,bee,https://www.inaturalist.org/observations/363343590,"2026-07-06 05:39:06"
6086,212072,spider,spider,0,1,spider,https://www.inaturalist.org/observations/363343575,"2026-07-06 05:39:06"
6087,212060,truebugs,truebugs,0,1,truebugs,https://www.inaturalist.org/observations/363342181,"2026-07-06 05:39:06"
6088,212058,truebugs,truebugs,0,2,truebugs,https://www.inaturalist.org/observations/363341606,"2026-07-06 05:39:06"
6089,212028,fly,fly,0,1,fly,https://www.inaturalist.org/observations/363321045,"2026-07-06 05:39:06"
6090,212009,fly,fly,0,1,fly,https://www.inaturalist.org/observations/363148830,"2026-07-06 05:39:06"
6091,211969,fly,fly,0,1,fly,https://www.inaturalist.org/observations/363077160,"2026-07-06 05:42:06"
6092,211966,spider,spider,0,1,spider,https://www.inaturalist.org/observations/363077102,"2026-07-06 05:42:06"
6093,211950,leafhopper,leafhopper,0,1,leafhopper,https://www.inaturalist.org/observations/363072651,"2026-07-06 05:42:06"
6094,211946,leafhopper,leafhopper,0,1,leafhopper,https://www.inaturalist.org/observations/363071880,"2026-07-06 05:42:06"
6095,211945,other,aphid,0,1,aphid,https://www.inaturalist.org/observations/363071866,"2026-07-06 05:42:06"
6096,211939,spider,spider,0,1,spider,https://www.inaturalist.org/observations/363070140,"2026-07-06 05:42:06"
6097,211935,spider,spider,0,1,spider,https://www.inaturalist.org/observations/363070045,"2026-07-06 05:42:06"
6098,211928,spider,spider,0,1,spider,https://www.inaturalist.org/observations/363068560,"2026-07-06 05:42:06"
6099,211921,spider,spider,0,2,spider,https://www.inaturalist.org/observations/363061645,"2026-07-06 05:45:06"
6100,211919,fly,fly,0,1,fly,https://www.inaturalist.org/observations/363061583,"2026-07-06 05:45:06"
6101,211918,beetle,beetle,0,0,beetle,https://www.inaturalist.org/observations/363061546,"2026-07-06 05:45:06"
6102,211917,spider,spider,0,0,spider,https://www.inaturalist.org/observations/363060725,"2026-07-06 05:45:06"
6103,211912,spider,spider,0,1,spider,https://www.inaturalist.org/observations/363055804,"2026-07-06 05:45:06"
6104,211906,spider,spider,0,1,spider,https://www.inaturalist.org/observations/363052035,"2026-07-06 05:45:06"
6105,211905,spider,spider,0,1,spider,https://www.inaturalist.org/observations/363051317,"2026-07-06 05:45:06"
6106,211903,other,Psocodea,0,1,Psocodea,https://www.inaturalist.org/observations/363049898,"2026-07-06 05:45:06"
6107,211893,beetle,beetle,0,0,beetle,https://www.inaturalist.org/observations/363045929,"2026-07-06 05:45:06"
6108,211884,beetle,beetle,0,1,beetle,https://www.inaturalist.org/observations/363042842,"2026-07-06 05:45:06"
6109,211881,leafhopper,leafhopper,0,1,leafhopper,https://www.inaturalist.org/observations/363042198,"2026-07-06 05:45:06"
6110,211880,ant,ant,0,1,ant,https://www.inaturalist.org/observations/363042162,"2026-07-06 05:45:06"
6111,211877,caterpillar,caterpillar,0,1,caterpillar,https://www.inaturalist.org/observations/363041438,"2026-07-06 05:45:06"
6112,211862,spider,spider,0,1,spider,https://www.inaturalist.org/observations/363039128,"2026-07-06 05:45:06"
6113,211797,unidentified,beetle,0,1,beetle,https://www.inaturalist.org/observations/362760368,"2026-07-06 05:48:05"
6114,211796,aphid,aphid,0,1,aphid,https://www.inaturalist.org/observations/362760352,"2026-07-06 05:48:05"
6115,211791,spider,spider,0,1,spider,https://www.inaturalist.org/observations/362760289,"2026-07-06 05:48:05"
6116,211764,leafhopper,leafhopper,0,3,leafhopper,https://www.inaturalist.org/observations/362757957,"2026-07-06 05:48:05"
6117,211759,aphid,aphid,0,1,aphid,https://www.inaturalist.org/observations/362757875,"2026-07-06 05:48:05"
6118,211757,spider,spider,0,1,spider,https://www.inaturalist.org/observations/362757108,"2026-07-06 05:48:05"
6119,211746,aphid,aphid,0,1,aphid,https://www.inaturalist.org/observations/362757068,"2026-07-06 05:48:05"
6120,211744,spider,spider,0,1,spider,https://www.inaturalist.org/observations/362756321,"2026-07-06 05:48:05"
6121,211741,spider,spider,0,1,spider,https://www.inaturalist.org/observations/362756277,"2026-07-06 05:48:05"
6122,211740,spider,spider,0,2,spider,https://www.inaturalist.org/observations/362756257,"2026-07-06 05:48:05"
6123,211739,moths,moths,0,1,moths,https://www.inaturalist.org/observations/362756250,"2026-07-06 05:48:05"
6124,211734,spider,spider,0,1,spider,https://www.inaturalist.org/observations/362755486,"2026-07-06 05:48:05"
6125,211732,spider,spider,0,1,spider,https://www.inaturalist.org/observations/362755463,"2026-07-06 05:51:05"
6126,211728,leafhopper,leafhopper,0,2,leafhopper,https://www.inaturalist.org/observations/362754635,"2026-07-06 05:51:05"
6127,211725,spider,spider,0,1,spider,https://www.inaturalist.org/observations/362754596,"2026-07-06 05:51:05"
6128,211718,aphid,aphid,0,1,aphid,https://www.inaturalist.org/observations/362751671,"2026-07-06 05:51:05"
6129,211714,spider,spider,0,1,spider,https://www.inaturalist.org/observations/362748378,"2026-07-06 05:51:05"
6130,211712,leafhopper,leafhopper,0,1,leafhopper,https://www.inaturalist.org/observations/362747627,"2026-07-06 05:51:05"
6131,211711,aphid,aphid,0,1,aphid,https://www.inaturalist.org/observations/362747589,"2026-07-06 05:51:05"
6132,211706,spider,spider,0,1,spider,https://www.inaturalist.org/observations/362742816,"2026-07-06 05:51:05"
6133,211700,ant,ant,0,1,ant,https://www.inaturalist.org/observations/362739126,"2026-07-06 05:51:05"
6134,211697,beetle,beetle,0,0,beetle,https://www.inaturalist.org/observations/362739057,"2026-07-06 05:51:05"
6135,211696,spider,spider,0,1,spider,https://www.inaturalist.org/observations/362739035,"2026-07-06 05:51:05"
6136,211688,spider,spider,0,1,spider,https://www.inaturalist.org/observations/362737594,"2026-07-06 05:51:05"
6137,211687,unidentified,leafhopper,0,2,leafhopper,https://www.inaturalist.org/observations/362737573,"2026-07-06 05:51:05"
6138,211685,spider,spider,0,0,spider,https://www.inaturalist.org/observations/362736974,"2026-07-06 05:51:05"
6139,211683,spider,spider,0,1,spider,https://www.inaturalist.org/observations/362736935,"2026-07-06 05:51:05"
6140,211682,spider,spider,0,2,spider,https://www.inaturalist.org/observations/362736918,"2026-07-06 05:51:05"
6141,211679,spider,spider,0,1,spider,https://www.inaturalist.org/observations/362736233,"2026-07-06 05:51:05"
6142,211675,spider,spider,0,1,spider,https://www.inaturalist.org/observations/362736175,"2026-07-06 05:51:05"
6143,211330,spider,spider,0,1,spider,https://www.inaturalist.org/observations/361525426,"2026-07-06 06:03:06"
6144,211318,spider,spider,0,1,spider,https://www.inaturalist.org/observations/361469685,"2026-07-06 06:03:06"
6145,210961,fly,fly,0,1,fly,https://www.inaturalist.org/observations/361149011,"2026-07-06 06:21:05"
6146,210884,spider,spider,0,1,spider,https://www.inaturalist.org/observations/360970554,"2026-07-06 06:21:05"
6147,210132,fly,fly,0,1,fly,https://www.inaturalist.org/observations/358941075,"2026-07-06 06:48:06"
6148,210128,fly,fly,0,1,fly,https://www.inaturalist.org/observations/358941014,"2026-07-06 06:48:06"
6149,208947,grasshopper,truebugs,0,1,,https://www.inaturalist.org/observations/358707757,"2026-07-06 07:30:04"
6150,208925,aphid,truebugs,0,1,,https://www.inaturalist.org/observations/358704591,"2026-07-06 07:33:06"
6152,205739,unidentified,truebugs,0,1,truebugs,https://www.inaturalist.org/observations/304235500,"2026-07-06 07:45:06"
6153,185100,fly,aphid,0,2,aphid,https://www.inaturalist.org/observations/273321837,"2026-07-06 08:30:07"
6154,184987,fly,aphid,0,2,aphid,https://www.inaturalist.org/observations/272464008,"2026-07-06 08:30:07"
6156,105467,aphid,leafhopper,0,2,leafhopper,https://www.inaturalist.org/observations/118159290,"2026-06-29 09:27:04"
6157,214415,caterpillar,caterpillar,0,0,caterpillar,https://www.inaturalist.org/observations/367012689,"2026-07-06 04:18:06"
6158,214401,beetle,beetle,0,1,beetle,https://www.inaturalist.org/observations/367004429,"2026-07-06 04:18:06"
6159,214275,leafhopper,truebugs,0,1,,https://www.inaturalist.org/observations/366420427,"2026-07-06 04:21:05"
6160,214274,fly,moths,0,5,moths,https://www.inaturalist.org/observations/366420398,"2026-07-06 04:21:05"
6161,214180,leafhopper,leafhopper,0,1,leafhopper,https://www.inaturalist.org/observations/366347114,"2026-07-06 04:24:05"
6162,214178,unidentified,Psocodea,0,1,Psocodea,https://www.inaturalist.org/observations/366346284,"2026-07-06 04:24:05"
6163,214176,other,Psocodea,0,1,Psocodea,https://www.inaturalist.org/observations/366345481,"2026-07-06 04:24:05"
6164,214169,unidentified,Psocodea,0,1,Psocodea,https://www.inaturalist.org/observations/366343808,"2026-07-06 04:24:05"
6165,214167,beetle,beetle,0,2,beetle,https://www.inaturalist.org/observations/366343743,"2026-07-06 04:24:05"
6166,214164,spider,spider,0,1,spider,https://www.inaturalist.org/observations/366342968,"2026-07-06 04:24:05"
6167,214160,beetle,beetle,0,2,beetle,https://www.inaturalist.org/observations/366342187,"2026-07-06 04:24:05"
6168,214158,unidentified,ant,0,1,ant,https://www.inaturalist.org/observations/366342144,"2026-07-06 04:24:05"
6169,214157,leafhopper,leafhopper,0,1,leafhopper,https://www.inaturalist.org/observations/366342112,"2026-07-06 04:24:05"
6170,214155,beetle,beetle,0,3,beetle,https://www.inaturalist.org/observations/366341345,"2026-07-06 04:24:05"
6171,214153,spider,spider,0,1,spider,https://www.inaturalist.org/observations/366341320,"2026-07-06 04:24:05"
6172,214151,moths,moths,0,2,moths,https://www.inaturalist.org/observations/366341264,"2026-07-06 04:24:05"
6173,214149,other,grasshopper,0,1,grasshopper,https://www.inaturalist.org/observations/366339128,"2026-07-06 04:24:05"
6174,214147,leafhopper,leafhopper,0,1,leafhopper,https://www.inaturalist.org/observations/366339075,"2026-07-06 04:24:05"
6175,214145,beetle,beetle,0,3,beetle,https://www.inaturalist.org/observations/366339051,"2026-07-06 04:24:05"
6176,214135,leafhopper,leafhopper,0,1,leafhopper,https://www.inaturalist.org/observations/366334529,"2026-07-06 04:24:05"
6177,214133,bee,bee,0,2,bee,https://www.inaturalist.org/observations/366333829,"2026-07-06 04:24:05"
6178,214132,ant,ant,0,2,ant,https://www.inaturalist.org/observations/366333800,"2026-07-06 04:24:05"
6179,214130,leafhopper,leafhopper,0,1,leafhopper,https://www.inaturalist.org/observations/366333134,"2026-07-06 04:24:05"
6180,214129,beetle,beetle,0,1,beetle,https://www.inaturalist.org/observations/366333111,"2026-07-06 04:24:05"
6181,214128,spider,spider,0,1,spider,https://www.inaturalist.org/observations/366333088,"2026-07-06 04:24:05"
6182,214121,leafhopper,leafhopper,0,1,leafhopper,https://www.inaturalist.org/observations/366331586,"2026-07-06 04:27:05"
6183,214118,leafhopper,leafhopper,0,1,leafhopper,https://www.inaturalist.org/observations/366331533,"2026-07-06 04:27:05"
6184,214117,leafhopper,leafhopper,0,1,leafhopper,https://www.inaturalist.org/observations/366331499,"2026-07-06 04:27:05"
6185,214114,spider,spider,0,2,spider,https://www.inaturalist.org/observations/366330089,"2026-07-06 04:27:05"
6186,214112,ant,ant,0,1,ant,https://www.inaturalist.org/observations/366330049,"2026-07-06 04:27:05"
6187,214108,ant,ant,0,1,ant,https://www.inaturalist.org/observations/366329977,"2026-07-06 04:27:05"
6188,214103,ant,ant,0,1,ant,https://www.inaturalist.org/observations/366328882,"2026-07-06 04:27:05"
6189,214091,unidentified,Psocodea,0,1,Psocodea,https://www.inaturalist.org/observations/366324940,"2026-07-06 04:27:05"
6190,214090,ant,ant,0,1,ant,https://www.inaturalist.org/observations/366324908,"2026-07-06 04:27:05"
6191,214088,other,aphid,0,3,aphid,https://www.inaturalist.org/observations/366323413,"2026-07-06 04:27:05"
6192,214084,ant,ant,0,1,ant,https://www.inaturalist.org/observations/366322721,"2026-07-06 04:27:05"
6193,214076,unidentified,Psocodea,0,1,Psocodea,https://www.inaturalist.org/observations/366321337,"2026-07-06 04:27:05"
6194,214075,ant,ant,0,1,ant,https://www.inaturalist.org/observations/366321320,"2026-07-06 04:27:05"
6195,214073,ant,ant,0,1,ant,https://www.inaturalist.org/observations/366320793,"2026-07-06 04:27:05"
6196,214052,caterpillar,caterpillar,0,1,caterpillar,https://www.inaturalist.org/observations/366130689,"2026-07-06 04:30:07"
6197,214041,caterpillar,caterpillar,0,1,caterpillar,https://www.inaturalist.org/observations/366130000,"2026-07-06 04:30:07"
6198,214010,beetle,beetle,0,1,beetle,https://www.inaturalist.org/observations/366121453,"2026-07-06 04:30:07"
6199,214009,beetle,beetle,0,2,beetle,https://www.inaturalist.org/observations/366121423,"2026-07-06 04:30:07"
6200,214007,truebugs,"leafhopper, truebugs",0,5,leafhopper,https://www.inaturalist.org/observations/366116967,"2026-07-06 04:30:07"
6201,214005,spider,spider,0,2,spider,https://www.inaturalist.org/observations/366116930,"2026-07-06 04:30:07"
6202,213913,caterpillar,caterpillar,0,2,caterpillar,https://www.inaturalist.org/observations/366073264,"2026-07-06 04:33:05"
6203,213903,caterpillar,caterpillar,0,2,caterpillar,https://www.inaturalist.org/observations/366069864,"2026-07-06 04:33:06"
6204,213855,caterpillar,"bee (sawfly)",0,2,"bee (sawfly)",https://www.inaturalist.org/observations/366056626,"2026-07-06 04:33:06"
6205,213837,caterpillar,caterpillar,0,1,caterpillar,https://www.inaturalist.org/observations/366052533,"2026-07-06 04:33:06"
6206,213824,spider,spider,0,1,spider,https://www.inaturalist.org/observations/366051496,"2026-07-06 04:33:06"
6207,213808,spider,spider,0,1,spider,https://www.inaturalist.org/observations/366049364,"2026-07-06 04:36:05"
6208,213794,caterpillar,caterpillar,0,1,caterpillar,https://www.inaturalist.org/observations/366046580,"2026-07-06 04:36:05"
6209,213793,caterpillar,caterpillar,0,2,caterpillar,https://www.inaturalist.org/observations/366046551,"2026-07-06 04:36:05"
6210,213786,caterpillar,caterpillar,0,3,caterpillar,https://www.inaturalist.org/observations/366044866,"2026-07-06 04:36:05"
6211,213780,caterpillar,caterpillar,0,1,caterpillar,https://www.inaturalist.org/observations/366044126,"2026-07-06 04:36:05"
6212,213772,fly,fly,0,1,fly,https://www.inaturalist.org/observations/366043466,"2026-07-06 04:36:05"
6213,213770,beetle,beetle,0,1,beetle,https://www.inaturalist.org/observations/366043434,"2026-07-06 04:36:05"
6214,213761,beetle,beetle,0,1,beetle,https://www.inaturalist.org/observations/366041837,"2026-07-06 04:36:05"
6215,213751,beetle,beetle,0,1,beetle,https://www.inaturalist.org/observations/366041200,"2026-07-06 04:36:05"
6216,213750,beetle,beetle,0,1,beetle,https://www.inaturalist.org/observations/366041178,"2026-07-06 04:36:05"
6217,213749,truebugs,truebugs,0,2,truebugs,https://www.inaturalist.org/observations/366041163,"2026-07-06 04:36:05"
6218,213746,spider,spider,0,1,spider,https://www.inaturalist.org/observations/366040492,"2026-07-06 04:36:05"
6219,213737,spider,spider,0,1,spider,https://www.inaturalist.org/observations/366038441,"2026-07-06 04:36:05"
6220,213733,spider,spider,0,4,spider,https://www.inaturalist.org/observations/366037733,"2026-07-06 04:36:05"
6221,213722,truebugs,truebugs,0,1,truebugs,https://www.inaturalist.org/observations/366034393,"2026-07-06 04:39:06"
6222,213718,leafhopper,leafhopper,0,1,leafhopper,https://www.inaturalist.org/observations/366034358,"2026-07-06 04:39:06"
6223,213713,fly,fly,0,1,fly,https://www.inaturalist.org/observations/366033802,"2026-07-06 04:39:06"
6224,213706,truebugs,truebugs,0,2,truebugs,https://www.inaturalist.org/observations/366032008,"2026-07-06 04:39:06"
6225,213703,bee,bee,0,1,bee,https://www.inaturalist.org/observations/366031963,"2026-07-06 04:39:06"
6226,213702,spider,spider,0,1,spider,https://www.inaturalist.org/observations/366031940,"2026-07-06 04:39:06"
6227,213694,spider,spider,0,1,spider,https://www.inaturalist.org/observations/366031189,"2026-07-06 04:39:06"
6228,213677,beetle,beetle,0,1,beetle,https://www.inaturalist.org/observations/366028871,"2026-07-06 04:39:06"
6229,213672,spider,spider,0,1,spider,https://www.inaturalist.org/observations/366028293,"2026-07-06 04:39:06"
6230,213669,spider,spider,0,1,spider,https://www.inaturalist.org/observations/366028251,"2026-07-06 04:39:06"
6231,213664,spider,spider,0,1,spider,https://www.inaturalist.org/observations/366026390,"2026-07-06 04:39:06"
6232,213657,beetle,beetle,0,1,beetle,https://www.inaturalist.org/observations/366024738,"2026-07-06 04:42:06"
6233,213654,spider,spider,0,1,spider,https://www.inaturalist.org/observations/366024121,"2026-07-06 04:42:06"
6234,213648,leafhopper,leafhopper,0,1,leafhopper,https://www.inaturalist.org/observations/366022407,"2026-07-06 04:42:06"
6235,213646,spider,spider,0,1,spider,https://www.inaturalist.org/observations/366022370,"2026-07-06 04:42:06"
6236,213629,spider,spider,0,1,spider,https://www.inaturalist.org/observations/365763418,"2026-07-06 04:42:06"
6237,213627,other,truebugs,0,1,truebugs,https://www.inaturalist.org/observations/365760930,"2026-07-06 04:42:06"
6238,213625,beetle,beetle,0,1,beetle,https://www.inaturalist.org/observations/365760166,"2026-07-06 04:42:06"
6239,213619,spider,spider,0,1,spider,https://www.inaturalist.org/observations/365759223,"2026-07-06 04:42:06"
6240,213613,beetle,beetle,0,2,beetle,https://www.inaturalist.org/observations/365758163,"2026-07-06 04:42:06"
6241,213608,ant,ant,0,1,ant,https://www.inaturalist.org/observations/365757417,"2026-07-06 04:42:06"
6242,213607,ant,ant,0,3,ant,https://www.inaturalist.org/observations/365757390,"2026-07-06 04:42:06"
6243,213606,ant,ant,0,2,ant,https://www.inaturalist.org/observations/365757357,"2026-07-06 04:42:06"
6244,213605,spider,spider,0,1,spider,https://www.inaturalist.org/observations/365756579,"2026-07-06 04:42:06"
6245,213603,spider,spider,0,1,spider,https://www.inaturalist.org/observations/365756536,"2026-07-06 04:42:06"
6246,213602,spider,spider,0,1,spider,https://www.inaturalist.org/observations/365756512,"2026-07-06 04:42:06"
6247,213601,leafhopper,leafhopper,0,1,leafhopper,https://www.inaturalist.org/observations/365756489,"2026-07-06 04:42:06"
6248,213600,beetle,beetle,0,2,beetle,https://www.inaturalist.org/observations/365755802,"2026-07-06 04:42:06"
6249,213593,truebugs,truebugs,0,1,truebugs,https://www.inaturalist.org/observations/365754733,"2026-07-06 04:45:06"
6250,213585,caterpillar,caterpillar,0,1,caterpillar,https://www.inaturalist.org/observations/365750714,"2026-07-06 04:45:06"
6251,213582,truebugs,"beetle, truebugs",0,3,beetle,https://www.inaturalist.org/observations/365748315,"2026-07-06 04:45:06"
6252,213579,spider,spider,0,1,spider,https://www.inaturalist.org/observations/365746108,"2026-07-06 04:45:06"
6253,213577,other,Neuroptera,0,1,Neuroptera,https://www.inaturalist.org/observations/365745488,"2026-07-06 04:45:06"
6254,213574,beetle,beetle,0,1,beetle,https://www.inaturalist.org/observations/365745428,"2026-07-06 04:45:06"
6255,213571,other,Dermaptera,0,2,Dermaptera,https://www.inaturalist.org/observations/365744720,"2026-07-06 04:45:06"
6256,213568,caterpillar,caterpillar,0,1,caterpillar,https://www.inaturalist.org/observations/365743831,"2026-07-06 04:45:06"
6257,213566,leafhopper,leafhopper,0,1,leafhopper,https://www.inaturalist.org/observations/365743789,"2026-07-06 04:45:06"
6258,213561,leafhopper,leafhopper,0,1,leafhopper,https://www.inaturalist.org/observations/365742219,"2026-07-06 04:45:06"
6259,213560,truebugs,truebugs,0,1,truebugs,https://www.inaturalist.org/observations/365742195,"2026-07-06 04:45:06"
6260,213559,truebugs,truebugs,0,1,truebugs,https://www.inaturalist.org/observations/365742166,"2026-07-06 04:45:06"
6261,213557,beetle,beetle,0,1,beetle,https://www.inaturalist.org/observations/365742142,"2026-07-06 04:45:06"
6262,213554,leafhopper,leafhopper,0,1,leafhopper,https://www.inaturalist.org/observations/365740634,"2026-07-06 04:45:06"
6263,213549,beetle,beetle,0,2,beetle,https://www.inaturalist.org/observations/365739963,"2026-07-06 04:45:06"
6264,213546,truebugs,truebugs,0,1,truebugs,https://www.inaturalist.org/observations/365739897,"2026-07-06 04:45:06"
6265,213545,leafhopper,leafhopper,0,1,leafhopper,https://www.inaturalist.org/observations/365739203,"2026-07-06 04:45:06"
6266,213544,leafhopper,leafhopper,0,1,leafhopper,https://www.inaturalist.org/observations/365739186,"2026-07-06 04:45:06"
6267,213539,spider,spider,0,1,spider,https://www.inaturalist.org/observations/365738431,"2026-07-06 04:45:06"
6268,213530,leafhopper,leafhopper,0,1,leafhopper,https://www.inaturalist.org/observations/365737710,"2026-07-06 04:45:06"
6269,213529,leafhopper,leafhopper,0,1,leafhopper,https://www.inaturalist.org/observations/365737673,"2026-07-06 04:45:06"
6270,213526,leafhopper,leafhopper,0,1,leafhopper,https://www.inaturalist.org/observations/365737616,"2026-07-06 04:45:06"
6271,213525,leafhopper,Neuroptera,0,1,Neuroptera,https://www.inaturalist.org/observations/365737599,"2026-07-06 04:45:06"
6272,213524,leafhopper,leafhopper,0,1,leafhopper,https://www.inaturalist.org/observations/365736928,"2026-07-06 04:45:06"
6273,213522,beetle,beetle,0,1,beetle,https://www.inaturalist.org/observations/365736342,"2026-07-06 04:45:06"
6274,213520,spider,spider,0,1,spider,https://www.inaturalist.org/observations/365736295,"2026-07-06 04:45:06"
6275,213512,aphid,Psocodea,0,1,Psocodea,https://www.inaturalist.org/observations/365735488,"2026-07-06 04:48:05"
6276,213509,leafhopper,leafhopper,0,1,leafhopper,https://www.inaturalist.org/observations/365734782,"2026-07-06 04:48:05"
6277,213508,fly,fly,0,1,fly,https://www.inaturalist.org/observations/365734750,"2026-07-06 04:48:05"
6278,213494,beetle,beetle,0,2,beetle,https://www.inaturalist.org/observations/365733123,"2026-07-06 04:48:05"
6279,213491,leafhopper,leafhopper,0,1,leafhopper,https://www.inaturalist.org/observations/365732284,"2026-07-06 04:48:05"
6280,213488,fly,fly,0,2,fly,https://www.inaturalist.org/observations/365731463,"2026-07-06 04:48:05"
6281,213487,leafhopper,leafhopper,0,1,leafhopper,https://www.inaturalist.org/observations/365731440,"2026-07-06 04:48:05"
6282,213486,leafhopper,leafhopper,0,1,leafhopper,https://www.inaturalist.org/observations/365731417,"2026-07-06 04:48:05"
6283,213481,beetle,beetle,0,1,beetle,https://www.inaturalist.org/observations/365730564,"2026-07-06 04:48:05"
6284,213478,leafhopper,leafhopper,0,1,leafhopper,https://www.inaturalist.org/observations/365729928,"2026-07-06 04:48:05"
6285,213473,other,Psocodea,0,1,Psocodea,https://www.inaturalist.org/observations/365729876,"2026-07-06 04:48:05"
6287,213461,leafhopper,leafhopper,0,1,leafhopper,https://www.inaturalist.org/observations/365729144,"2026-07-06 04:48:05"
6288,213460,spider,spider,0,1,spider,https://www.inaturalist.org/observations/365728556,"2026-07-06 04:48:05"
6289,213457,leafhopper,leafhopper,0,1,leafhopper,https://www.inaturalist.org/observations/365728539,"2026-07-06 04:48:05"
6290,213446,leafhopper,leafhopper,0,1,leafhopper,https://www.inaturalist.org/observations/365727779,"2026-07-06 04:48:05"
6291,213445,leafhopper,leafhopper,0,2,leafhopper,https://www.inaturalist.org/observations/365727760,"2026-07-06 04:48:05"
6292,213429,spider,spider,0,1,spider,https://www.inaturalist.org/observations/365725749,"2026-07-06 04:51:06"
6293,213423,spider,spider,0,1,spider,https://www.inaturalist.org/observations/365725123,"2026-07-06 04:51:06"
6294,213419,leafhopper,leafhopper,0,1,leafhopper,https://www.inaturalist.org/observations/365724560,"2026-07-06 04:51:06"
6295,213417,leafhopper,leafhopper,0,1,leafhopper,https://www.inaturalist.org/observations/365724548,"2026-07-06 04:51:06"
6296,213414,truebugs,Isopoda,0,5,Isopoda,https://www.inaturalist.org/observations/365723885,"2026-07-06 04:51:06"
6297,213412,spider,spider,0,2,spider,https://www.inaturalist.org/observations/365723845,"2026-07-06 04:51:06"
6298,213410,caterpillar,caterpillar,0,1,caterpillar,https://www.inaturalist.org/observations/365723776,"2026-07-06 04:51:06"
6299,213403,leafhopper,"leafhopper, beetle",0,1,,https://www.inaturalist.org/observations/365723127,"2026-07-06 04:51:06"
6300,213400,leafhopper,leafhopper,0,1,leafhopper,https://www.inaturalist.org/observations/365722477,"2026-07-06 04:51:06"
6301,213398,spider,spider,0,1,spider,https://www.inaturalist.org/observations/365722422,"2026-07-06 04:51:06"
6302,213395,leafhopper,leafhopper,0,1,leafhopper,https://www.inaturalist.org/observations/365722405,"2026-07-06 04:51:06"
6303,213381,spider,spider,0,3,spider,https://www.inaturalist.org/observations/365720980,"2026-07-06 04:51:06"
6304,213379,other,Dermaptera,0,1,Dermaptera,https://www.inaturalist.org/observations/365720925,"2026-07-06 04:51:06"
6305,213376,beetle,beetle,0,1,beetle,https://www.inaturalist.org/observations/365720134,"2026-07-06 04:51:06"
6306,213371,leafhopper,leafhopper,0,1,leafhopper,https://www.inaturalist.org/observations/365720103,"2026-07-06 04:51:06"
6307,213367,truebugs,truebugs,0,3,truebugs,https://www.inaturalist.org/observations/365720086,"2026-07-06 04:51:06"
6308,213366,leafhopper,"aphid, leafhopper",0,2,aphid,https://www.inaturalist.org/observations/365719536,"2026-07-06 04:51:06"
6309,213350,bee,bee,0,2,bee,https://www.inaturalist.org/observations/365718071,"2026-07-06 04:54:06"
6310,213348,spider,spider,0,1,spider,https://www.inaturalist.org/observations/365718031,"2026-07-06 04:54:06"
6311,213345,spider,spider,0,3,spider,https://www.inaturalist.org/observations/365717969,"2026-07-06 04:54:06"
6312,213313,ant,ant,0,1,ant,https://www.inaturalist.org/observations/365504236,"2026-07-06 04:54:06"
6313,213258,spider,spider,0,1,spider,https://www.inaturalist.org/observations/365434320,"2026-07-06 04:54:06"
6314,213256,spider,spider,0,1,spider,https://www.inaturalist.org/observations/365434307,"2026-07-06 04:54:06"
6315,213254,spider,spider,0,2,spider,https://www.inaturalist.org/observations/365434250,"2026-07-06 04:54:06"
6316,213247,spider,grasshopper,0,4,grasshopper,https://www.inaturalist.org/observations/365432598,"2026-07-06 04:54:06"
6317,213235,beetle,beetle,0,1,beetle,https://www.inaturalist.org/observations/365431792,"2026-07-06 04:54:06"
6318,213226,beetle,beetle,0,1,beetle,https://www.inaturalist.org/observations/365430960,"2026-07-06 04:57:05"
6319,213207,spider,spider,0,1,spider,https://www.inaturalist.org/observations/365428103,"2026-07-06 04:57:05"
6320,213200,spider,spider,0,1,spider,https://www.inaturalist.org/observations/365427305,"2026-07-06 04:57:05"
6321,213195,other,aphid,0,1,aphid,https://www.inaturalist.org/observations/365426522,"2026-07-06 04:57:05"
6322,213193,truebugs,leafhopper,0,1,leafhopper,https://www.inaturalist.org/observations/365426479,"2026-07-06 04:57:05"
6323,213189,leafhopper,leafhopper,0,1,leafhopper,https://www.inaturalist.org/observations/365425702,"2026-07-06 04:57:05"
6324,213188,spider,spider,0,1,spider,https://www.inaturalist.org/observations/365425673,"2026-07-06 04:57:05"
6325,213183,spider,spider,0,1,spider,https://www.inaturalist.org/observations/365424910,"2026-07-06 04:57:05"
6326,213175,leafhopper,leafhopper,0,1,leafhopper,https://www.inaturalist.org/observations/365423827,"2026-07-06 04:57:05"
6327,213174,leafhopper,leafhopper,0,1,leafhopper,https://www.inaturalist.org/observations/365423803,"2026-07-06 04:57:05"
6328,213144,other,Neuroptera,0,1,Neuroptera,https://www.inaturalist.org/observations/365411451,"2026-07-06 05:00:06"
6329,213125,spider,spider,0,1,spider,https://www.inaturalist.org/observations/365399656,"2026-07-06 05:00:06"
6330,213123,spider,spider,0,1,spider,https://www.inaturalist.org/observations/365399608,"2026-07-06 05:00:06"
6331,213119,other,beetle,0,2,beetle,https://www.inaturalist.org/observations/365397672,"2026-07-06 05:00:06"
6332,213117,spider,spider,0,1,spider,https://www.inaturalist.org/observations/365397640,"2026-07-06 05:00:06"
6333,213102,fly,bee,0,2,bee,https://www.inaturalist.org/observations/365145988,"2026-07-06 05:00:06"
6334,213096,other,Neuroptera,0,1,Neuroptera,https://www.inaturalist.org/observations/365091146,"2026-07-06 05:00:06"
6335,213074,ant,bee,0,1,,https://www.inaturalist.org/observations/365074376,"2026-07-06 05:00:06"
6336,213062,spider,spider,0,1,spider,https://www.inaturalist.org/observations/365057817,"2026-07-06 05:00:06"
6337,213061,spider,spider,0,1,spider,https://www.inaturalist.org/observations/365057786,"2026-07-06 05:00:06"
6338,213060,spider,spider,0,1,spider,https://www.inaturalist.org/observations/365057767,"2026-07-06 05:00:06"
6339,213058,beetle,beetle,0,1,beetle,https://www.inaturalist.org/observations/365046212,"2026-07-06 05:00:06"
6340,213051,leafhopper,leafhopper,0,1,leafhopper,https://www.inaturalist.org/observations/365044432,"2026-07-06 05:00:06"
6341,213048,ant,ant,0,1,ant,https://www.inaturalist.org/observations/365044338,"2026-07-06 05:03:05"
6342,213044,bee,bee,0,1,bee,https://www.inaturalist.org/observations/365043493,"2026-07-06 05:03:06"
6343,213040,spider,spider,0,1,spider,https://www.inaturalist.org/observations/365039488,"2026-07-06 05:03:06"
6344,213034,spider,spider,0,2,spider,https://www.inaturalist.org/observations/365036523,"2026-07-06 05:03:06"
6345,213028,spider,spider,0,2,spider,https://www.inaturalist.org/observations/365034893,"2026-07-06 05:03:06"
6346,213025,beetle,truebugs,0,2,truebugs,https://www.inaturalist.org/observations/365034246,"2026-07-06 05:03:06"
6347,213024,spider,spider,0,1,spider,https://www.inaturalist.org/observations/365034221,"2026-07-06 05:03:06"
6348,213023,beetle,beetle,0,2,beetle,https://www.inaturalist.org/observations/365034195,"2026-07-06 05:03:06"
6349,213022,leafhopper,leafhopper,0,1,leafhopper,https://www.inaturalist.org/observations/365034157,"2026-07-06 05:03:06"
6350,213020,beetle,beetle,0,0,beetle,https://www.inaturalist.org/observations/365032480,"2026-07-06 05:03:06"
6351,213019,other,Entomobryomorpha,0,0,Entomobryomorpha,https://www.inaturalist.org/observations/365032424,"2026-07-06 05:03:06"
6352,213015,leafhopper,leafhopper,0,1,leafhopper,https://www.inaturalist.org/observations/365031518,"2026-07-06 05:03:06"
6353,213014,ant,ant,0,1,ant,https://www.inaturalist.org/observations/365031487,"2026-07-06 05:03:06"
6354,213009,ant,ant,0,1,ant,https://www.inaturalist.org/observations/365029095,"2026-07-06 05:03:06"
6355,212943,caterpillar,caterpillar,0,1,caterpillar,https://www.inaturalist.org/observations/364425659,"2026-07-06 05:06:06"
6356,212937,caterpillar,caterpillar,0,1,caterpillar,https://www.inaturalist.org/observations/364413719,"2026-07-06 05:06:06"
6357,212928,caterpillar,caterpillar,0,1,caterpillar,https://www.inaturalist.org/observations/364403847,"2026-07-06 05:06:06"
6358,212923,caterpillar,caterpillar,0,1,caterpillar,https://www.inaturalist.org/observations/364399345,"2026-07-06 05:06:06"
6359,212921,caterpillar,caterpillar,0,1,caterpillar,https://www.inaturalist.org/observations/364393904,"2026-07-06 05:06:06"
6360,212901,caterpillar,caterpillar,0,1,caterpillar,https://www.inaturalist.org/observations/364345717,"2026-07-06 05:06:06"
6361,212900,caterpillar,caterpillar,0,1,caterpillar,https://www.inaturalist.org/observations/364345664,"2026-07-06 05:06:06"
6362,212897,caterpillar,caterpillar,0,1,caterpillar,https://www.inaturalist.org/observations/364340129,"2026-07-06 05:06:06"
6363,212896,caterpillar,caterpillar,0,1,caterpillar,https://www.inaturalist.org/observations/364340089,"2026-07-06 05:06:06"
6364,212891,caterpillar,caterpillar,0,1,caterpillar,https://www.inaturalist.org/observations/364338937,"2026-07-06 05:06:06"
6365,212734,beetle,beetle,0,0,beetle,https://www.inaturalist.org/observations/363971577,"2026-07-06 05:15:06"
6366,212723,unidentified,Psocodea,0,0,Psocodea,https://www.inaturalist.org/observations/363968260,"2026-07-06 05:15:06"
6367,212718,bee,bee,0,1,bee,https://www.inaturalist.org/observations/363965819,"2026-07-06 05:15:06"
6368,212431,other,Entomobryomorpha,0,1,Entomobryomorpha,https://www.inaturalist.org/observations/363631254,"2026-07-06 05:24:06"
6369,212026,spider,spider,0,1,spider,https://www.inaturalist.org/observations/363321019,"2026-07-06 05:39:06"
6370,211639,ant,ant,0,1,ant,https://www.inaturalist.org/observations/362341866,"2026-07-06 05:54:05"
6371,199745,other,Dermaptera,0,1,Dermaptera,https://www.inaturalist.org/observations/293104952,"2026-07-06 07:57:05"
6372,196109,moths,Trichoptera,0,2,Trichoptera,https://www.inaturalist.org/observations/289274044,"2026-07-06 08:06:06"
6373,127426,aphid,truebugs,0,4,truebugs,https://www.inaturalist.org/observations/126856706,"2026-07-06 09:54:06"
6374,123040,other,Dermaptera,0,1,Dermaptera,https://www.inaturalist.org/observations/124413325,"2026-06-29 09:12:05"
6380,110800,beetle,moths,0,3,moths,https://www.inaturalist.org/observations/118954481,"2026-06-29 09:24:05"
6381,108905,other,Dermaptera,0,1,Dermaptera,https://www.inaturalist.org/observations/118512243,"2026-06-29 09:27:04"
6382,106294,other,Dermaptera,0,1,Dermaptera,https://www.inaturalist.org/observations/118241244,"2026-06-29 09:27:04"
6383,8991,aphid,fly,0,3,fly,https://www.inaturalist.org/observations/58233559,"2026-06-29 09:36:05"
6384,216043,beetle,beetle,0,1,beetle,https://www.inaturalist.org/observations/369298550,"2026-07-06 03:21:05"
6385,216037,beetle,beetle,0,2,beetle,https://www.inaturalist.org/observations/369294068,"2026-07-06 03:21:05"
6386,216036,spider,spider,0,2,spider,https://www.inaturalist.org/observations/369294044,"2026-07-06 03:21:05"
6387,216034,caterpillar,caterpillar,0,1,caterpillar,https://www.inaturalist.org/observations/369291240,"2026-07-06 03:21:05"
6388,216032,beetle,beetle,0,1,beetle,https://www.inaturalist.org/observations/369288604,"2026-07-06 03:21:05"
6389,216031,beetle,beetle,0,1,beetle,https://www.inaturalist.org/observations/369288586,"2026-07-06 03:21:05"
6390,216027,caterpillar,caterpillar,0,2,caterpillar,https://www.inaturalist.org/observations/369285462,"2026-07-06 03:21:05"
6391,215982,caterpillar,"bee (sawfly)",0,2,"bee (sawfly)",https://www.inaturalist.org/observations/369058829,"2026-07-06 03:24:06"
6392,215958,fly,fly,0,1,fly,https://www.inaturalist.org/observations/369007285,"2026-07-06 03:24:06"
6393,215957,spider,spider,0,2,spider,https://www.inaturalist.org/observations/369007248,"2026-07-06 03:24:06"
6394,215911,truebugs,beetle,0,2,beetle,https://www.inaturalist.org/observations/368776592,"2026-07-06 03:24:06"
6395,215910,truebugs,beetle,0,2,beetle,https://www.inaturalist.org/observations/368773923,"2026-07-06 03:24:06"
6396,215885,aphid,truebugs,0,1,truebugs,https://www.inaturalist.org/observations/368760765,"2026-07-06 03:27:05"
6397,215861,beetle,"spider, beetle",0,7,spider,https://www.inaturalist.org/observations/368749010,"2026-07-06 03:27:05"
6398,215855,caterpillar,caterpillar,0,2,caterpillar,https://www.inaturalist.org/observations/368741084,"2026-07-06 03:27:05"
6399,215854,caterpillar,caterpillar,0,2,caterpillar,https://www.inaturalist.org/observations/368737852,"2026-07-06 03:27:05"
6400,215849,other,caterpillar,0,1,caterpillar,https://www.inaturalist.org/observations/368691723,"2026-07-06 03:27:05"
6402,215818,other,Neuroptera,0,1,Neuroptera,https://www.inaturalist.org/observations/368637636,"2026-07-06 03:30:07"
6403,215806,leafhopper,leafhopper,0,1,leafhopper,https://www.inaturalist.org/observations/368635937,"2026-07-06 03:30:07"
6404,215801,leafhopper,leafhopper,0,1,leafhopper,https://www.inaturalist.org/observations/368635203,"2026-07-06 03:30:07"
6405,215797,other,Neuroptera,0,1,Neuroptera,https://www.inaturalist.org/observations/368635144,"2026-07-06 03:30:07"
6406,215783,leafhopper,leafhopper,0,1,leafhopper,https://www.inaturalist.org/observations/368632566,"2026-07-06 03:30:07"
6407,215777,beetle,beetle,0,2,beetle,https://www.inaturalist.org/observations/368630868,"2026-07-06 03:30:07"
6408,215772,leafhopper,leafhopper,0,1,leafhopper,https://www.inaturalist.org/observations/368630001,"2026-07-06 03:30:07"
6409,215771,spider,spider,0,2,spider,https://www.inaturalist.org/observations/368629963,"2026-07-06 03:30:07"
6410,215765,leafhopper,leafhopper,0,2,leafhopper,https://www.inaturalist.org/observations/368629302,"2026-07-06 03:30:07"
6411,215764,leafhopper,leafhopper,0,1,leafhopper,https://www.inaturalist.org/observations/368629251,"2026-07-06 03:30:07"
6412,215762,beetle,beetle,0,0,beetle,https://www.inaturalist.org/observations/368629209,"2026-07-06 03:33:06"
6413,215748,spider,spider,0,1,spider,https://www.inaturalist.org/observations/368626978,"2026-07-06 03:33:06"
6414,215743,leafhopper,leafhopper,0,1,leafhopper,https://www.inaturalist.org/observations/368626289,"2026-07-06 03:33:06"
6415,215734,aphid,truebugs,0,2,truebugs,https://www.inaturalist.org/observations/368625595,"2026-07-06 03:33:06"
6416,215730,spider,spider,0,2,spider,https://www.inaturalist.org/observations/368624167,"2026-07-06 03:33:06"
6417,215720,other,"truebugs, aphid",0,3,truebugs,https://www.inaturalist.org/observations/368621958,"2026-07-06 03:33:06"
6418,215717,leafhopper,leafhopper,0,2,leafhopper,https://www.inaturalist.org/observations/368621383,"2026-07-06 03:33:06"
6419,215715,beetle,beetle,0,1,beetle,https://www.inaturalist.org/observations/368620834,"2026-07-06 03:33:06"
6420,215711,spider,spider,0,1,spider,https://www.inaturalist.org/observations/368620774,"2026-07-06 03:33:06"
6421,215700,bee,bee,0,2,bee,https://www.inaturalist.org/observations/368618293,"2026-07-06 03:36:05"
6422,215692,leafhopper,leafhopper,0,1,leafhopper,https://www.inaturalist.org/observations/368616274,"2026-07-06 03:36:05"
6423,215628,other,Mantodea,0,2,Mantodea,https://www.inaturalist.org/observations/368501590,"2026-07-06 03:36:05"
6424,215638,grasshopper,grasshopper,0,1,grasshopper,https://www.inaturalist.org/observations/368500467,"2026-07-06 03:36:05"
6425,215633,spider,spider,0,1,spider,https://www.inaturalist.org/observations/368500416,"2026-07-06 03:36:05"
6426,215643,beetle,"beetle, truebugs",0,2,beetle,https://www.inaturalist.org/observations/368499197,"2026-07-06 03:36:05"
6427,215650,truebugs,beetle,0,1,beetle,https://www.inaturalist.org/observations/368496536,"2026-07-06 03:36:05"
6428,215648,truebugs,beetle,0,2,beetle,https://www.inaturalist.org/observations/368496492,"2026-07-06 03:36:05"
6429,215653,beetle,beetle,0,1,beetle,https://www.inaturalist.org/observations/368491499,"2026-07-06 03:36:05"
6430,215652,beetle,beetle,0,1,beetle,https://www.inaturalist.org/observations/368491462,"2026-07-06 03:36:05"
6431,215651,other,fly,0,2,fly,https://www.inaturalist.org/observations/368491445,"2026-07-06 03:36:05"
6432,215654,truebugs,truebugs,0,1,truebugs,https://www.inaturalist.org/observations/368489102,"2026-07-06 03:36:05"
6433,215660,spider,spider,0,1,spider,https://www.inaturalist.org/observations/368487580,"2026-07-06 03:36:05"
6434,215667,caterpillar,caterpillar,0,1,caterpillar,https://www.inaturalist.org/observations/368438871,"2026-07-06 03:39:05"
6435,215666,aphid,"beetle, aphid",0,2,beetle,https://www.inaturalist.org/observations/368436569,"2026-07-06 03:39:05"
6436,215635,beetle,beetle,0,2,beetle,https://www.inaturalist.org/observations/368407903,"2026-07-06 03:39:05"
6437,215625,beetle,beetle,0,3,beetle,https://www.inaturalist.org/observations/368405380,"2026-07-06 03:39:05"
6438,215605,daddylonglegs,daddylonglegs,0,1,daddylonglegs,https://www.inaturalist.org/observations/368388400,"2026-07-06 03:39:05"
6439,215604,spider,spider,0,1,spider,https://www.inaturalist.org/observations/368387605,"2026-07-06 03:39:05"
6440,215595,caterpillar,caterpillar,0,1,caterpillar,https://www.inaturalist.org/observations/368377445,"2026-07-06 03:39:05"
6441,215592,beetle,beetle,0,1,beetle,https://www.inaturalist.org/observations/368376703,"2026-07-06 03:39:05"
6442,215590,fly,fly,0,1,fly,https://www.inaturalist.org/observations/368376677,"2026-07-06 03:39:05"
6443,215583,ant,ant,0,1,ant,https://www.inaturalist.org/observations/368374877,"2026-07-06 03:39:05"
6444,215580,aphid,"truebugs, aphid",0,3,truebugs,https://www.inaturalist.org/observations/368372709,"2026-07-06 03:39:05"
6445,215576,caterpillar,caterpillar,0,1,caterpillar,https://www.inaturalist.org/observations/368371928,"2026-07-06 03:39:05"
6446,215574,ant,ant,0,1,ant,https://www.inaturalist.org/observations/368371243,"2026-07-06 03:39:05"
6447,215573,beetle,beetle,0,1,beetle,https://www.inaturalist.org/observations/368371215,"2026-07-06 03:39:05"
6448,215567,beetle,beetle,0,1,beetle,https://www.inaturalist.org/observations/368368516,"2026-07-06 03:39:05"
6449,215566,beetle,beetle,0,1,beetle,https://www.inaturalist.org/observations/368368488,"2026-07-06 03:39:05"
6450,215550,leafhopper,leafhopper,0,1,leafhopper,https://www.inaturalist.org/observations/368343634,"2026-07-06 03:39:05"
6451,215547,spider,spider,0,1,spider,https://www.inaturalist.org/observations/368343564,"2026-07-06 03:39:05"
6452,215543,leafhopper,leafhopper,0,1,leafhopper,https://www.inaturalist.org/observations/368342781,"2026-07-06 03:39:05"
6453,215542,spider,spider,0,1,spider,https://www.inaturalist.org/observations/368342755,"2026-07-06 03:39:05"
6454,215541,spider,spider,0,1,spider,https://www.inaturalist.org/observations/368342731,"2026-07-06 03:39:05"
6455,215533,leafhopper,leafhopper,0,1,leafhopper,https://www.inaturalist.org/observations/368341095,"2026-07-06 03:42:05"
6456,215527,leafhopper,leafhopper,0,1,leafhopper,https://www.inaturalist.org/observations/368341016,"2026-07-06 03:42:05"
6457,215523,leafhopper,leafhopper,0,1,leafhopper,https://www.inaturalist.org/observations/368340281,"2026-07-06 03:42:05"
6458,215521,beetle,beetle,0,0,beetle,https://www.inaturalist.org/observations/368340234,"2026-07-06 03:42:05"
6459,215519,leafhopper,leafhopper,0,1,leafhopper,https://www.inaturalist.org/observations/368339306,"2026-07-06 03:42:05"
6460,215518,unidentified,Entomobryomorpha,0,1,Entomobryomorpha,https://www.inaturalist.org/observations/368339287,"2026-07-06 03:42:05"
6461,215513,spider,spider,0,1,spider,https://www.inaturalist.org/observations/368338462,"2026-07-06 03:42:05"
6462,215498,aphid,aphid,0,0,aphid,https://www.inaturalist.org/observations/368336148,"2026-07-06 03:42:05"
6463,215495,spider,spider,0,0,spider,https://www.inaturalist.org/observations/368335416,"2026-07-06 03:42:05"
6464,215481,caterpillar,caterpillar,0,1,caterpillar,https://www.inaturalist.org/observations/368333028,"2026-07-06 03:42:05"
6465,215472,beetle,beetle,0,0,beetle,https://www.inaturalist.org/observations/368332192,"2026-07-06 03:42:05"
6466,215458,aphid,aphid,0,0,aphid,https://www.inaturalist.org/observations/368330229,"2026-07-06 03:45:06"
6467,215454,spider,spider,0,1,spider,https://www.inaturalist.org/observations/368329653,"2026-07-06 03:45:06"
6468,215450,aphid,aphid,0,0,aphid,https://www.inaturalist.org/observations/368329578,"2026-07-06 03:45:06"
6469,215449,beetle,beetle,0,1,beetle,https://www.inaturalist.org/observations/368329556,"2026-07-06 03:45:06"
6470,215430,moths,moths,0,1,moths,https://www.inaturalist.org/observations/368326646,"2026-07-06 03:45:06"
6471,215426,moths,moths,0,0,moths,https://www.inaturalist.org/observations/368326021,"2026-07-06 03:45:06"
6472,215409,spider,spider,0,1,spider,https://www.inaturalist.org/observations/368323632,"2026-07-06 03:45:06"
6473,215405,spider,spider,0,1,spider,https://www.inaturalist.org/observations/368322964,"2026-07-06 03:45:06"
6474,215401,spider,spider,0,1,spider,https://www.inaturalist.org/observations/368321403,"2026-07-06 03:45:06"
6475,215398,spider,spider,0,1,spider,https://www.inaturalist.org/observations/368321333,"2026-07-06 03:45:06"
6476,215395,aphid,"spider, aphid",0,4,spider,https://www.inaturalist.org/observations/368320668,"2026-07-06 03:45:06"
6477,215368,spider,spider,0,1,spider,https://www.inaturalist.org/observations/368140381,"2026-07-06 03:45:06"
6478,215364,spider,spider,0,1,spider,https://www.inaturalist.org/observations/368134717,"2026-07-06 03:45:06"
6479,215337,spider,spider,0,1,spider,https://www.inaturalist.org/observations/368056867,"2026-07-06 03:45:06"
6480,215336,caterpillar,caterpillar,0,1,caterpillar,https://www.inaturalist.org/observations/368056841,"2026-07-06 03:45:06"
6481,215334,spider,spider,0,1,spider,https://www.inaturalist.org/observations/368056075,"2026-07-06 03:45:06"
6482,215330,leafhopper,leafhopper,0,2,leafhopper,https://www.inaturalist.org/observations/368055985,"2026-07-06 03:48:06"
6483,215328,leafhopper,leafhopper,0,1,leafhopper,https://www.inaturalist.org/observations/368054995,"2026-07-06 03:48:06"
6484,215327,bee,"bee (sawfly), bee",0,2,"bee (sawfly)",https://www.inaturalist.org/observations/368054945,"2026-07-06 03:48:06"
6485,215323,aphid,aphid,0,1,aphid,https://www.inaturalist.org/observations/368054863,"2026-07-06 03:48:06"
6486,215322,spider,spider,0,1,spider,https://www.inaturalist.org/observations/368054148,"2026-07-06 03:48:06"
6487,215320,beetle,beetle,0,2,beetle,https://www.inaturalist.org/observations/368054122,"2026-07-06 03:48:06"
6488,215315,other,Neuroptera,0,1,Neuroptera,https://www.inaturalist.org/observations/368053398,"2026-07-06 03:48:06"
6489,215309,leafhopper,leafhopper,0,1,leafhopper,https://www.inaturalist.org/observations/368052674,"2026-07-06 03:48:06"
6490,215308,leafhopper,leafhopper,0,1,leafhopper,https://www.inaturalist.org/observations/368052647,"2026-07-06 03:48:06"
6491,215304,spider,spider,0,1,spider,https://www.inaturalist.org/observations/368052589,"2026-07-06 03:48:06"
6492,215298,truebugs,truebugs,0,1,truebugs,https://www.inaturalist.org/observations/368051844,"2026-07-06 03:48:06"
6493,215294,caterpillar,caterpillar,0,1,caterpillar,https://www.inaturalist.org/observations/368051798,"2026-07-06 03:48:06"
6494,215292,leafhopper,leafhopper,0,1,leafhopper,https://www.inaturalist.org/observations/368051777,"2026-07-06 03:48:06"
6495,215290,leafhopper,leafhopper,0,1,leafhopper,https://www.inaturalist.org/observations/368051141,"2026-07-06 03:48:06"
6496,215289,moths,Neuroptera,0,1,Neuroptera,https://www.inaturalist.org/observations/368051125,"2026-07-06 03:48:06"
6497,215286,other,Psocodea,0,0,Psocodea,https://www.inaturalist.org/observations/368051079,"2026-07-06 03:48:06"
6498,215284,spider,spider,0,1,spider,https://www.inaturalist.org/observations/368050286,"2026-07-06 03:48:06"
6499,215282,caterpillar,caterpillar,0,1,caterpillar,https://www.inaturalist.org/observations/368050252,"2026-07-06 03:48:06"
6500,215278,leafhopper,leafhopper,0,1,leafhopper,https://www.inaturalist.org/observations/368050177,"2026-07-06 03:48:06"
6501,215277,moths,Neuroptera,0,0,Neuroptera,https://www.inaturalist.org/observations/368050145,"2026-07-06 03:48:06"
6502,215276,aphid,Psocodea,0,1,Psocodea,https://www.inaturalist.org/observations/368049496,"2026-07-06 03:48:06"
6503,215274,spider,spider,0,0,spider,https://www.inaturalist.org/observations/368049446,"2026-07-06 03:48:06"
6504,215266,leafhopper,leafhopper,0,1,leafhopper,https://www.inaturalist.org/observations/368048781,"2026-07-06 03:48:06"
6505,215254,beetle,beetle,0,1,beetle,https://www.inaturalist.org/observations/368048689,"2026-07-06 03:48:06"
6506,215253,spider,spider,0,1,spider,https://www.inaturalist.org/observations/368048096,"2026-07-06 03:48:06"
6507,215252,spider,spider,0,1,spider,https://www.inaturalist.org/observations/368048067,"2026-07-06 03:48:06"
6508,215251,leafhopper,leafhopper,0,1,leafhopper,https://www.inaturalist.org/observations/368048049,"2026-07-06 03:48:06"
6509,215250,leafhopper,leafhopper,0,1,leafhopper,https://www.inaturalist.org/observations/368048028,"2026-07-06 03:48:06"
6510,215249,beetle,beetle,0,2,beetle,https://www.inaturalist.org/observations/368048005,"2026-07-06 03:51:05"
6511,215248,bee,bee,0,1,bee,https://www.inaturalist.org/observations/368047420,"2026-07-06 03:51:05"
6512,215247,spider,spider,0,1,spider,https://www.inaturalist.org/observations/368047404,"2026-07-06 03:51:05"
6513,215239,other,Blattodea,0,1,Blattodea,https://www.inaturalist.org/observations/368046655,"2026-07-06 03:51:05"
6514,215238,spider,spider,0,1,spider,https://www.inaturalist.org/observations/368046622,"2026-07-06 03:51:05"
6515,215237,leafhopper,leafhopper,0,1,leafhopper,https://www.inaturalist.org/observations/368046592,"2026-07-06 03:51:05"
6516,215236,leafhopper,leafhopper,0,1,leafhopper,https://www.inaturalist.org/observations/368046061,"2026-07-06 03:51:05"
6517,215235,leafhopper,leafhopper,0,1,leafhopper,https://www.inaturalist.org/observations/368046045,"2026-07-06 03:51:05"
6518,215234,leafhopper,leafhopper,0,1,leafhopper,https://www.inaturalist.org/observations/368046013,"2026-07-06 03:51:05"
6519,215226,leafhopper,leafhopper,0,1,leafhopper,https://www.inaturalist.org/observations/368045370,"2026-07-06 03:51:05"
6520,215223,leafhopper,leafhopper,0,1,leafhopper,https://www.inaturalist.org/observations/368044682,"2026-07-06 03:51:05"
6521,215220,fly,fly,0,4,fly,https://www.inaturalist.org/observations/368044600,"2026-07-06 03:51:05"
6522,215215,leafhopper,leafhopper,0,1,leafhopper,https://www.inaturalist.org/observations/368043632,"2026-07-06 03:51:05"
6523,215214,leafhopper,leafhopper,0,1,leafhopper,https://www.inaturalist.org/observations/368043597,"2026-07-06 03:51:05"
6524,215212,beetle,beetle,0,0,beetle,https://www.inaturalist.org/observations/368042903,"2026-07-06 03:51:05"
6525,215208,leafhopper,leafhopper,0,1,leafhopper,https://www.inaturalist.org/observations/368042782,"2026-07-06 03:51:05"
6526,215206,bee,bee,0,1,bee,https://www.inaturalist.org/observations/368042167,"2026-07-06 03:51:05"
6527,215204,leafhopper,leafhopper,0,1,leafhopper,https://www.inaturalist.org/observations/368042150,"2026-07-06 03:51:05"
6528,215202,caterpillar,caterpillar,0,1,caterpillar,https://www.inaturalist.org/observations/368041488,"2026-07-06 03:51:05"
6529,215201,aphid,aphid,0,0,aphid,https://www.inaturalist.org/observations/368041470,"2026-07-06 03:51:05"
6530,215200,aphid,aphid,0,1,aphid,https://www.inaturalist.org/observations/368041441,"2026-07-06 03:51:05"
6531,215198,beetle,spider,0,3,spider,https://www.inaturalist.org/observations/368040768,"2026-07-06 03:51:05"
6532,215196,leafhopper,leafhopper,0,1,leafhopper,https://www.inaturalist.org/observations/368040746,"2026-07-06 03:51:05"
6533,215192,caterpillar,caterpillar,0,1,caterpillar,https://www.inaturalist.org/observations/368040019,"2026-07-06 03:51:05"
6534,215191,leafhopper,leafhopper,0,1,leafhopper,https://www.inaturalist.org/observations/368039965,"2026-07-06 03:51:05"
6535,215188,beetle,beetle,0,3,beetle,https://www.inaturalist.org/observations/368039909,"2026-07-06 03:51:05"
6536,215165,beetle,Thysanoptera,0,2,Thysanoptera,https://www.inaturalist.org/observations/368035399,"2026-07-06 03:54:06"
6537,215159,leafhopper,leafhopper,0,1,leafhopper,https://www.inaturalist.org/observations/368034070,"2026-07-06 03:54:06"
6538,215158,truebugs,truebugs,0,2,truebugs,https://www.inaturalist.org/observations/368034044,"2026-07-06 03:54:06"
6539,215156,leafhopper,leafhopper,0,1,leafhopper,https://www.inaturalist.org/observations/368033583,"2026-07-06 03:54:06"
6540,215155,other,Neuroptera,0,2,Neuroptera,https://www.inaturalist.org/observations/368033549,"2026-07-06 03:54:06"
6541,215153,leafhopper,leafhopper,0,1,leafhopper,https://www.inaturalist.org/observations/368033510,"2026-07-06 03:54:06"
6542,215150,bee,bee,0,1,bee,https://www.inaturalist.org/observations/368032987,"2026-07-06 03:54:06"
6543,215147,truebugs,truebugs,0,2,truebugs,https://www.inaturalist.org/observations/368032886,"2026-07-06 03:54:06"
6544,215140,leafhopper,leafhopper,0,1,leafhopper,https://www.inaturalist.org/observations/368032143,"2026-07-06 03:54:06"
6545,215139,truebugs,truebugs,0,1,truebugs,https://www.inaturalist.org/observations/368031537,"2026-07-06 03:54:06"
6546,215129,truebugs,truebugs,0,2,truebugs,https://www.inaturalist.org/observations/368030657,"2026-07-06 03:54:06"
6547,215128,leafhopper,leafhopper,0,1,leafhopper,https://www.inaturalist.org/observations/368029916,"2026-07-06 03:54:06"
6548,215127,leafhopper,leafhopper,0,1,leafhopper,https://www.inaturalist.org/observations/368029899,"2026-07-06 03:54:06"
6549,215125,leafhopper,leafhopper,0,1,leafhopper,https://www.inaturalist.org/observations/368029844,"2026-07-06 03:54:06"
6550,215124,spider,spider,0,1,spider,https://www.inaturalist.org/observations/368029819,"2026-07-06 03:57:05"
6551,215123,truebugs,truebugs,0,2,truebugs,https://www.inaturalist.org/observations/368028960,"2026-07-06 03:57:05"
6552,215117,bee,bee,0,1,bee,https://www.inaturalist.org/observations/368027474,"2026-07-06 03:57:05"
6553,215115,spider,"daddylonglegs, spider",0,3,daddylonglegs,https://www.inaturalist.org/observations/368027448,"2026-07-06 03:57:05"
6554,215108,truebugs,truebugs,0,2,truebugs,https://www.inaturalist.org/observations/368026896,"2026-07-06 03:57:05"
6555,215095,spider,spider,0,1,spider,https://www.inaturalist.org/observations/368022245,"2026-07-06 03:57:05"
6556,215092,fly,fly,0,1,fly,https://www.inaturalist.org/observations/368019671,"2026-07-06 03:57:05"
6557,215091,beetle,beetle,0,1,beetle,https://www.inaturalist.org/observations/368019652,"2026-07-06 03:57:05"
6558,215090,beetle,beetle,0,2,beetle,https://www.inaturalist.org/observations/368019623,"2026-07-06 03:57:05"
6559,215084,fly,fly,0,2,fly,https://www.inaturalist.org/observations/368015544,"2026-07-06 03:57:05"
6560,215082,ant,ant,0,1,ant,https://www.inaturalist.org/observations/368015512,"2026-07-06 03:57:05"
6561,215081,ant,ant,0,1,ant,https://www.inaturalist.org/observations/368015497,"2026-07-06 03:57:05"
6562,215080,caterpillar,caterpillar,0,1,caterpillar,https://www.inaturalist.org/observations/367934724,"2026-07-06 03:57:05"
6563,215079,caterpillar,caterpillar,0,1,caterpillar,https://www.inaturalist.org/observations/367934708,"2026-07-06 03:57:05"
6564,215077,spider,spider,0,0,spider,https://www.inaturalist.org/observations/367934254,"2026-07-06 03:57:05"
6565,215054,caterpillar,caterpillar,0,3,caterpillar,https://www.inaturalist.org/observations/367933006,"2026-07-06 03:57:05"
6566,215053,beetle,beetle,0,1,beetle,https://www.inaturalist.org/observations/367932993,"2026-07-06 03:57:05"
6567,215045,spider,spider,0,1,spider,https://www.inaturalist.org/observations/367932408,"2026-07-06 04:00:11"
6568,215014,ant,ant,0,1,ant,https://www.inaturalist.org/observations/367826454,"2026-07-06 04:00:11"
6569,215013,caterpillar,caterpillar,0,1,caterpillar,https://www.inaturalist.org/observations/367762496,"2026-07-06 04:00:11"
6570,215011,caterpillar,caterpillar,0,1,caterpillar,https://www.inaturalist.org/observations/367761496,"2026-07-06 04:00:11"
6571,214995,other,Plecoptera,0,1,Plecoptera,https://www.inaturalist.org/observations/367759742,"2026-07-06 04:00:11"
6572,214993,spider,spider,0,2,spider,https://www.inaturalist.org/observations/367759675,"2026-07-06 04:00:11"
6573,214992,ant,ant,0,1,ant,https://www.inaturalist.org/observations/367758788,"2026-07-06 04:00:11"
6574,214991,unidentified,Trichoptera,0,1,Trichoptera,https://www.inaturalist.org/observations/367758763,"2026-07-06 04:00:11"
6575,214989,unidentified,Plecoptera,0,1,Plecoptera,https://www.inaturalist.org/observations/367758747,"2026-07-06 04:00:11"
6576,214964,beetle,spider,0,1,spider,https://www.inaturalist.org/observations/367753702,"2026-07-06 04:03:05"
6577,214963,bee,"ant, bee",0,1,,https://www.inaturalist.org/observations/367753684,"2026-07-06 04:03:05"
6578,214961,spider,spider,0,1,spider,https://www.inaturalist.org/observations/367753643,"2026-07-06 04:03:05"
6579,214957,spider,spider,0,1,spider,https://www.inaturalist.org/observations/367752906,"2026-07-06 04:03:05"
6580,214955,spider,spider,0,2,spider,https://www.inaturalist.org/observations/367752063,"2026-07-06 04:03:05"
6581,214952,caterpillar,caterpillar,0,0,caterpillar,https://www.inaturalist.org/observations/367752018,"2026-07-06 04:03:05"
6582,214949,unidentified,beetle,0,1,beetle,https://www.inaturalist.org/observations/367751230,"2026-07-06 04:03:05"
6583,214947,spider,spider,0,1,spider,https://www.inaturalist.org/observations/367751176,"2026-07-06 04:03:05"
6584,214943,spider,spider,0,1,spider,https://www.inaturalist.org/observations/367751121,"2026-07-06 04:03:05"
6585,214941,spider,spider,0,1,spider,https://www.inaturalist.org/observations/367750371,"2026-07-06 04:03:05"
6586,214929,spider,spider,0,1,spider,https://www.inaturalist.org/observations/367748449,"2026-07-06 04:03:05"
6587,214318,beetle,"truebugs, beetle",0,2,truebugs,https://www.inaturalist.org/observations/367745054,"2026-07-06 04:03:05"
6588,214268,beetle,"truebugs, beetle",0,2,truebugs,https://www.inaturalist.org/observations/367744143,"2026-07-06 04:06:05"
6589,214241,spider,spider,0,1,spider,https://www.inaturalist.org/observations/367742375,"2026-07-06 04:06:05"
6590,214298,spider,spider,0,2,spider,https://www.inaturalist.org/observations/367740612,"2026-07-06 04:06:05"
6591,214202,beetle,"truebugs, beetle",0,2,truebugs,https://www.inaturalist.org/observations/367739722,"2026-07-06 04:06:05"
6592,214200,spider,spider,0,1,spider,https://www.inaturalist.org/observations/367738803,"2026-07-06 04:06:05"
6593,214199,beetle,beetle,0,1,beetle,https://www.inaturalist.org/observations/367738768,"2026-07-06 04:06:05"
6594,214898,leafhopper,leafhopper,0,1,leafhopper,https://www.inaturalist.org/observations/367737099,"2026-07-06 04:06:05"
6595,214197,beetle,"truebugs, beetle",0,3,truebugs,https://www.inaturalist.org/observations/367737053,"2026-07-06 04:06:05"
6596,214196,beetle,"truebugs, beetle",0,2,truebugs,https://www.inaturalist.org/observations/367737001,"2026-07-06 04:06:05"
6597,214878,leafhopper,leafhopper,0,1,leafhopper,https://www.inaturalist.org/observations/367731118,"2026-07-06 04:06:05"
6598,214874,leafhopper,leafhopper,0,1,leafhopper,https://www.inaturalist.org/observations/367729473,"2026-07-06 04:06:05"
6599,214867,leafhopper,"aphid, leafhopper",0,2,aphid,https://www.inaturalist.org/observations/367727344,"2026-07-06 04:06:05"
6600,214864,spider,spider,0,1,spider,https://www.inaturalist.org/observations/367726420,"2026-07-06 04:06:05"
6601,214842,spider,spider,0,1,spider,https://www.inaturalist.org/observations/367717104,"2026-07-06 04:06:05"
6602,214832,unidentified,bee,0,1,bee,https://www.inaturalist.org/observations/367567010,"2026-07-06 04:09:06"
6603,214768,truebugs,truebugs,0,1,truebugs,https://www.inaturalist.org/observations/367482974,"2026-07-06 04:09:06"
6604,214753,other,"beetle, Psocodea",0,1,,https://www.inaturalist.org/observations/367477251,"2026-07-06 04:09:06"
6605,214748,ant,bee,0,2,bee,https://www.inaturalist.org/observations/367447679,"2026-07-06 04:09:06"
6606,214738,moths,moths,0,1,moths,https://www.inaturalist.org/observations/367440586,"2026-07-06 04:09:06"
6607,214731,moths,moths,0,1,moths,https://www.inaturalist.org/observations/367438024,"2026-07-06 04:09:06"
6608,214716,other,beetle,0,3,beetle,https://www.inaturalist.org/observations/367436227,"2026-07-06 04:09:06"
6609,214715,ant,bee,0,2,bee,https://www.inaturalist.org/observations/367435418,"2026-07-06 04:09:06"
6610,214671,beetle,beetle,0,1,beetle,https://www.inaturalist.org/observations/367431815,"2026-07-06 04:12:06"
6611,214670,spider,spider,0,1,spider,https://www.inaturalist.org/observations/367431795,"2026-07-06 04:12:06"
6612,214667,spider,spider,0,1,spider,https://www.inaturalist.org/observations/367431049,"2026-07-06 04:12:06"
6613,214580,fly,Plecoptera,0,2,Plecoptera,https://www.inaturalist.org/observations/367424300,"2026-07-06 04:12:06"
6614,214566,spider,spider,0,1,spider,https://www.inaturalist.org/observations/367422830,"2026-07-06 04:12:06"
6615,214559,beetle,beetle,0,0,beetle,https://www.inaturalist.org/observations/367421937,"2026-07-06 04:15:05"
6616,214546,leafhopper,leafhopper,0,1,leafhopper,https://www.inaturalist.org/observations/367419037,"2026-07-06 04:15:05"
6617,214533,truebugs,truebugs,0,1,truebugs,https://www.inaturalist.org/observations/367410489,"2026-07-06 04:15:05"
6618,214507,caterpillar,caterpillar,0,3,caterpillar,https://www.inaturalist.org/observations/367403963,"2026-07-06 04:15:05"
6619,214482,spider,spider,0,1,spider,https://www.inaturalist.org/observations/367195730,"2026-07-06 04:15:05"
6620,214416,caterpillar,caterpillar,0,1,caterpillar,https://www.inaturalist.org/observations/367012744,"2026-07-06 04:15:05"
6623,214172,bee,bee,0,2,bee,https://www.inaturalist.org/observations/366344749,"2026-07-06 04:24:05"
6624,214141,bee,bee,0,1,bee,https://www.inaturalist.org/observations/366336661,"2026-07-06 04:24:05"
6625,214116,aphid,aphid,0,1,aphid,https://www.inaturalist.org/observations/366331474,"2026-07-06 04:27:05"
6626,214071,bee,fly,0,1,fly,https://www.inaturalist.org/observations/366320734,"2026-07-06 04:27:05"
6627,214016,aphid,"aphid, truebugs",0,1,,https://www.inaturalist.org/observations/366128341,"2026-07-06 04:30:07"
6628,213915,caterpillar,caterpillar,0,2,caterpillar,https://www.inaturalist.org/observations/366073327,"2026-07-06 04:33:05"
6629,213909,caterpillar,caterpillar,0,2,caterpillar,https://www.inaturalist.org/observations/366072532,"2026-07-06 04:33:06"
6630,213830,caterpillar,caterpillar,0,2,caterpillar,https://www.inaturalist.org/observations/366052505,"2026-07-06 04:33:06"
6631,213829,caterpillar,caterpillar,0,2,caterpillar,https://www.inaturalist.org/observations/366052476,"2026-07-06 04:33:06"
6632,213828,caterpillar,caterpillar,0,2,caterpillar,https://www.inaturalist.org/observations/366052451,"2026-07-06 04:33:06"
6633,213789,caterpillar,caterpillar,0,2,caterpillar,https://www.inaturalist.org/observations/366045634,"2026-07-06 04:36:05"
6634,213744,caterpillar,caterpillar,0,1,caterpillar,https://www.inaturalist.org/observations/366040463,"2026-07-06 04:36:05"
6635,213743,caterpillar,caterpillar,0,2,caterpillar,https://www.inaturalist.org/observations/366040444,"2026-07-06 04:36:05"
6636,213614,bee,bee,0,1,bee,https://www.inaturalist.org/observations/365758184,"2026-07-06 04:42:06"
6637,213456,bee,bee,0,1,bee,https://www.inaturalist.org/observations/365728519,"2026-07-06 04:48:05"
6638,213110,ant,ant,0,1,ant,https://www.inaturalist.org/observations/365171398,"2026-07-06 05:00:06"
6639,212683,bee,bee,0,1,bee,https://www.inaturalist.org/observations/363956963,"2026-07-06 05:15:06"
6640,211731,bee,bee,0,1,bee,https://www.inaturalist.org/observations/362755444,"2026-07-06 05:51:05"
6641,211599,bee,bee,0,1,bee,https://www.inaturalist.org/observations/362140815,"2026-07-06 05:54:05"
6642,211420,bee,bee,0,1,bee,https://www.inaturalist.org/observations/361706916,"2026-07-06 05:57:06"
6643,211409,bee,bee,0,1,bee,https://www.inaturalist.org/observations/361699554,"2026-07-06 06:00:05"
6644,211395,bee,bee,0,1,bee,https://www.inaturalist.org/observations/361695417,"2026-07-06 06:00:05"
6645,210141,bee,bee,0,1,bee,https://www.inaturalist.org/observations/358943462,"2026-07-06 06:48:06"
6646,209762,bee,bee,0,1,bee,https://www.inaturalist.org/observations/358770653,"2026-07-06 07:06:05"
6647,209489,other,Magnoliales,0,1,Magnoliales,https://www.inaturalist.org/observations/358756003,"2026-07-06 07:12:05"
6648,209487,other,Magnoliales,0,1,Magnoliales,https://www.inaturalist.org/observations/358755395,"2026-07-06 07:12:05"
6649,209485,other,Magnoliales,0,1,Magnoliales,https://www.inaturalist.org/observations/358755310,"2026-07-06 07:12:05"
6650,209484,other,Magnoliales,0,1,Magnoliales,https://www.inaturalist.org/observations/358755279,"2026-07-06 07:12:05"
6651,209483,other,Magnoliales,0,1,Magnoliales,https://www.inaturalist.org/observations/358754752,"2026-07-06 07:12:05"
6652,209482,other,Magnoliales,0,1,Magnoliales,https://www.inaturalist.org/observations/358754732,"2026-07-06 07:12:05"
6653,209481,other,Magnoliales,0,1,Magnoliales,https://www.inaturalist.org/observations/358754710,"2026-07-06 07:12:05"
6654,209480,other,Magnoliales,0,1,Magnoliales,https://www.inaturalist.org/observations/358754699,"2026-07-06 07:12:05"
6655,209479,other,Magnoliales,0,1,Magnoliales,https://www.inaturalist.org/observations/358754673,"2026-07-06 07:12:05"
6656,186921,other,Entomobryomorpha,0,1,Entomobryomorpha,https://www.inaturalist.org/observations/280620317,"2026-07-06 08:24:06"
6657,186546,fly,Psocodea,0,2,Psocodea,https://www.inaturalist.org/observations/279729810,"2026-07-06 08:24:06"
6658,182327,ant,Fagales,0,1,,https://www.inaturalist.org/observations/246504386,"2026-07-06 08:36:07"
6659,148804,aphid,truebugs,0,5,truebugs,https://www.inaturalist.org/observations/172496358,"2026-07-06 09:24:06"
6660,136339,other,truebugs,0,1,truebugs,https://www.inaturalist.org/observations/163566153,"2026-07-06 09:42:06"
6661,80135,fly,bee,0,2,bee,https://www.inaturalist.org/observations/52365244,"2026-06-29 09:39:04"
6662,80113,fly,aphid,0,2,aphid,https://www.inaturalist.org/observations/52359818,"2026-06-29 09:39:04"
6663,79982,moths,aphid,0,2,aphid,https://www.inaturalist.org/observations/52249951,"2026-06-29 09:39:04"
6664,77789,fly,aphid,0,2,aphid,https://www.inaturalist.org/observations/49829792,"2026-06-29 09:39:04"
6665,77761,fly,bee,0,2,bee,https://www.inaturalist.org/observations/49747758,"2026-06-29 09:39:04"
6666,77745,fly,Ephemeroptera,0,2,Ephemeroptera,https://www.inaturalist.org/observations/49740997,"2026-06-29 09:39:04"
6667,75905,aphid,Psocodea,0,3,Psocodea,https://www.inaturalist.org/observations/47158580,"2026-06-29 09:42:05"
6668,73205,aphid,beetle,0,3,beetle,https://www.inaturalist.org/observations/32435567,"2026-06-29 09:42:05"
6669,217671,caterpillar,caterpillar,0,1,caterpillar,https://www.inaturalist.org/observations/371607209,"2026-07-06 02:33:06"
6670,217560,moths,moths,0,1,moths,https://www.inaturalist.org/observations/371273211,"2026-07-06 02:33:06"
6671,217559,spider,spider,0,2,spider,https://www.inaturalist.org/observations/371273169,"2026-07-06 02:33:06"
6672,217556,leafhopper,leafhopper,0,1,leafhopper,https://www.inaturalist.org/observations/371266367,"2026-07-06 02:33:06"
6673,217551,spider,spider,0,1,spider,https://www.inaturalist.org/observations/371263262,"2026-07-06 02:33:06"
6674,217550,bee,bee,0,1,bee,https://www.inaturalist.org/observations/371263221,"2026-07-06 02:33:06"
6675,217548,leafhopper,leafhopper,0,2,leafhopper,https://www.inaturalist.org/observations/371263156,"2026-07-06 02:33:06"
6676,217533,beetle,beetle,0,1,beetle,https://www.inaturalist.org/observations/371257462,"2026-07-06 02:36:05"
6677,217532,beetle,beetle,0,2,beetle,https://www.inaturalist.org/observations/371257413,"2026-07-06 02:36:05"
6678,217478,other,Neuroptera,0,1,Neuroptera,https://www.inaturalist.org/observations/370963140,"2026-07-06 02:36:05"
6679,217442,leafhopper,leafhopper,0,1,leafhopper,https://www.inaturalist.org/observations/370907620,"2026-07-06 02:36:05"
6680,217435,other,Neuroptera,0,1,Neuroptera,https://www.inaturalist.org/observations/370903880,"2026-07-06 02:36:05"
6681,217431,beetle,beetle,0,1,beetle,https://www.inaturalist.org/observations/370903788,"2026-07-06 02:36:05"
6682,217421,beetle,beetle,0,1,beetle,https://www.inaturalist.org/observations/370902454,"2026-07-06 02:39:05"
6683,217412,leafhopper,leafhopper,0,1,leafhopper,https://www.inaturalist.org/observations/370899720,"2026-07-06 02:39:05"
6684,217410,leafhopper,leafhopper,0,1,leafhopper,https://www.inaturalist.org/observations/370899132,"2026-07-06 02:39:05"
6685,217400,spider,spider,0,1,spider,https://www.inaturalist.org/observations/370895616,"2026-07-06 02:39:05"
6686,217395,beetle,beetle,0,1,beetle,https://www.inaturalist.org/observations/370894320,"2026-07-06 02:39:05"
6687,217389,beetle,beetle,0,2,beetle,https://www.inaturalist.org/observations/370893571,"2026-07-06 02:39:05"
6688,217382,spider,spider,0,1,spider,https://www.inaturalist.org/observations/370892291,"2026-07-06 02:39:05"
6689,217322,ant,ant,0,1,ant,https://www.inaturalist.org/observations/370709552,"2026-07-06 02:42:06"
6690,217307,caterpillar,caterpillar,0,1,caterpillar,https://www.inaturalist.org/observations/370700016,"2026-07-06 02:42:06"
6691,217213,spider,spider,0,1,spider,https://www.inaturalist.org/observations/370635090,"2026-07-06 02:45:06"
6692,217210,spider,spider,0,1,spider,https://www.inaturalist.org/observations/370635030,"2026-07-06 02:45:06"
6693,217201,spider,spider,0,1,spider,https://www.inaturalist.org/observations/370633370,"2026-07-06 02:45:06"
6694,217199,spider,spider,0,1,spider,https://www.inaturalist.org/observations/370633310,"2026-07-06 02:45:06"
6695,217191,caterpillar,caterpillar,0,0,caterpillar,https://www.inaturalist.org/observations/370630145,"2026-07-06 02:45:06"
6696,217186,spider,spider,0,1,spider,https://www.inaturalist.org/observations/370628899,"2026-07-06 02:45:06"
6697,217176,spider,spider,0,1,spider,https://www.inaturalist.org/observations/370628177,"2026-07-06 02:45:06"
6698,217163,leafhopper,leafhopper,0,1,leafhopper,https://www.inaturalist.org/observations/370625233,"2026-07-06 02:45:06"
6699,217162,leafhopper,leafhopper,0,1,leafhopper,https://www.inaturalist.org/observations/370625214,"2026-07-06 02:45:06"
6700,217159,spider,spider,0,1,spider,https://www.inaturalist.org/observations/370624643,"2026-07-06 02:45:06"
6701,217158,truebugs,truebugs,0,0,truebugs,https://www.inaturalist.org/observations/370624629,"2026-07-06 02:45:06"
6702,217146,spider,spider,0,1,spider,https://www.inaturalist.org/observations/370623248,"2026-07-06 02:45:06"
6703,217132,spider,spider,0,1,spider,https://www.inaturalist.org/observations/370620849,"2026-07-06 02:48:05"
6704,217125,aphid,"truebugs, aphid",0,1,,https://www.inaturalist.org/observations/370618767,"2026-07-06 02:48:05"
6705,217103,spider,spider,0,1,spider,https://www.inaturalist.org/observations/370615969,"2026-07-06 02:48:05"
6706,217082,unidentified,leafhopper,0,2,leafhopper,https://www.inaturalist.org/observations/370614833,"2026-07-06 02:48:05"
6707,217070,leafhopper,leafhopper,0,1,leafhopper,https://www.inaturalist.org/observations/370612870,"2026-07-06 02:48:05"
6708,217069,spider,spider,0,1,spider,https://www.inaturalist.org/observations/370612347,"2026-07-06 02:48:05"
6709,217068,spider,spider,0,1,spider,https://www.inaturalist.org/observations/370612325,"2026-07-06 02:48:05"
6710,217065,spider,spider,0,1,spider,https://www.inaturalist.org/observations/370611716,"2026-07-06 02:48:05"
6711,217055,truebugs,truebugs,0,1,truebugs,https://www.inaturalist.org/observations/370609422,"2026-07-06 02:48:05"
6712,217054,spider,spider,0,1,spider,https://www.inaturalist.org/observations/370609405,"2026-07-06 02:48:05"
6713,217049,spider,spider,0,1,spider,https://www.inaturalist.org/observations/370609319,"2026-07-06 02:48:05"
6714,217022,bee,beetle,0,1,,https://www.inaturalist.org/observations/370461439,"2026-07-06 02:51:05"
6715,217006,grasshopper,"grasshopper, truebugs",0,1,,https://www.inaturalist.org/observations/370452316,"2026-07-06 02:51:05"
6716,217004,grasshopper,"truebugs, grasshopper",0,2,truebugs,https://www.inaturalist.org/observations/370448784,"2026-07-06 02:51:05"
6717,216998,grasshopper,"grasshopper, beetle",0,1,,https://www.inaturalist.org/observations/370446544,"2026-07-06 02:51:05"
6718,216996,grasshopper,"beetle, grasshopper",0,3,beetle,https://www.inaturalist.org/observations/370445105,"2026-07-06 02:51:05"
6719,216987,grasshopper,"grasshopper, beetle",0,1,,https://www.inaturalist.org/observations/370440455,"2026-07-06 02:51:05"
6720,216954,grasshopper,grasshopper,0,2,grasshopper,https://www.inaturalist.org/observations/370413800,"2026-07-06 02:51:05"
6721,216953,bee,bee,0,1,bee,https://www.inaturalist.org/observations/370350338,"2026-07-06 02:51:05"
6722,216951,spider,spider,0,1,spider,https://www.inaturalist.org/observations/370349570,"2026-07-06 02:54:05"
6723,216943,spider,spider,0,1,spider,https://www.inaturalist.org/observations/370348606,"2026-07-06 02:54:05"
6724,216940,leafhopper,leafhopper,0,1,leafhopper,https://www.inaturalist.org/observations/370347868,"2026-07-06 02:54:05"
6725,216936,beetle,truebugs,0,2,truebugs,https://www.inaturalist.org/observations/370347075,"2026-07-06 02:54:05"
6726,216935,leafhopper,leafhopper,0,1,leafhopper,https://www.inaturalist.org/observations/370347044,"2026-07-06 02:54:05"
6727,216934,fly,fly,0,1,fly,https://www.inaturalist.org/observations/370347012,"2026-07-06 02:54:05"
6728,216933,unidentified,"truebugs, leafhopper",0,1,,https://www.inaturalist.org/observations/370346988,"2026-07-06 02:54:05"
6729,216930,leafhopper,leafhopper,0,1,leafhopper,https://www.inaturalist.org/observations/370346189,"2026-07-06 02:54:05"
6730,216929,leafhopper,leafhopper,0,1,leafhopper,https://www.inaturalist.org/observations/370346159,"2026-07-06 02:54:05"
6731,216928,leafhopper,leafhopper,0,2,leafhopper,https://www.inaturalist.org/observations/370346123,"2026-07-06 02:54:05"
6732,216925,leafhopper,leafhopper,0,1,leafhopper,https://www.inaturalist.org/observations/370345463,"2026-07-06 02:54:05"
6733,216923,leafhopper,leafhopper,0,1,leafhopper,https://www.inaturalist.org/observations/370345404,"2026-07-06 02:54:05"
6734,216921,leafhopper,leafhopper,0,1,leafhopper,https://www.inaturalist.org/observations/370343941,"2026-07-06 02:54:05"
6735,216920,leafhopper,leafhopper,0,1,leafhopper,https://www.inaturalist.org/observations/370343919,"2026-07-06 02:54:05"
6736,216919,other,Neuroptera,0,1,Neuroptera,https://www.inaturalist.org/observations/370343286,"2026-07-06 02:54:05"
6737,216918,aphid,"truebugs, aphid",0,1,,https://www.inaturalist.org/observations/370343257,"2026-07-06 02:54:05"
6738,216915,leafhopper,leafhopper,0,1,leafhopper,https://www.inaturalist.org/observations/370343174,"2026-07-06 02:54:05"
6739,216914,leafhopper,leafhopper,0,1,leafhopper,https://www.inaturalist.org/observations/370341918,"2026-07-06 02:54:05"
6740,216913,leafhopper,leafhopper,0,1,leafhopper,https://www.inaturalist.org/observations/370341895,"2026-07-06 02:54:05"
6741,216910,leafhopper,leafhopper,0,1,leafhopper,https://www.inaturalist.org/observations/370341852,"2026-07-06 02:54:05"
6742,216907,leafhopper,leafhopper,0,2,leafhopper,https://www.inaturalist.org/observations/370341138,"2026-07-06 02:54:05"
6743,216900,leafhopper,leafhopper,0,1,leafhopper,https://www.inaturalist.org/observations/370340453,"2026-07-06 02:54:05"
6744,216899,leafhopper,leafhopper,0,1,leafhopper,https://www.inaturalist.org/observations/370340434,"2026-07-06 02:54:05"
6745,216897,spider,spider,0,1,spider,https://www.inaturalist.org/observations/370339591,"2026-07-06 02:54:05"
6746,216893,spider,spider,0,3,spider,https://www.inaturalist.org/observations/370338834,"2026-07-06 02:54:05"
6747,216890,leafhopper,leafhopper,0,1,leafhopper,https://www.inaturalist.org/observations/370338179,"2026-07-06 02:57:05"
6748,216889,leafhopper,leafhopper,0,1,leafhopper,https://www.inaturalist.org/observations/370338158,"2026-07-06 02:57:05"
6749,216888,spider,spider,0,1,spider,https://www.inaturalist.org/observations/370338139,"2026-07-06 02:57:05"
6750,216886,spider,spider,0,1,spider,https://www.inaturalist.org/observations/370337492,"2026-07-06 02:57:05"
6751,216883,spider,spider,0,1,spider,https://www.inaturalist.org/observations/370337429,"2026-07-06 02:57:05"
6752,216882,spider,spider,0,1,spider,https://www.inaturalist.org/observations/370337413,"2026-07-06 02:57:05"
6753,216879,beetle,beetle,0,2,beetle,https://www.inaturalist.org/observations/370336655,"2026-07-06 02:57:05"
6754,216878,leafhopper,leafhopper,0,2,leafhopper,https://www.inaturalist.org/observations/370336018,"2026-07-06 02:57:05"
6755,216876,leafhopper,leafhopper,0,1,leafhopper,https://www.inaturalist.org/observations/370335957,"2026-07-06 02:57:05"
6756,216875,beetle,beetle,0,2,beetle,https://www.inaturalist.org/observations/370335925,"2026-07-06 02:57:05"
6757,216873,leafhopper,leafhopper,0,1,leafhopper,https://www.inaturalist.org/observations/370335253,"2026-07-06 02:57:05"
6758,216871,beetle,beetle,0,1,beetle,https://www.inaturalist.org/observations/370335180,"2026-07-06 02:57:05"
6759,216865,leafhopper,leafhopper,0,1,leafhopper,https://www.inaturalist.org/observations/370333773,"2026-07-06 02:57:05"
6760,216864,leafhopper,leafhopper,0,1,leafhopper,https://www.inaturalist.org/observations/370333731,"2026-07-06 02:57:05"
6761,216863,aphid,"leafhopper, aphid",0,1,,https://www.inaturalist.org/observations/370333698,"2026-07-06 02:57:05"
6762,216860,beetle,beetle,0,3,beetle,https://www.inaturalist.org/observations/370332922,"2026-07-06 02:57:05"
6763,216855,leafhopper,Neuroptera,0,1,Neuroptera,https://www.inaturalist.org/observations/370332212,"2026-07-06 02:57:05"
6764,216852,caterpillar,caterpillar,0,0,caterpillar,https://www.inaturalist.org/observations/370332186,"2026-07-06 02:57:05"
6765,216850,spider,spider,0,1,spider,https://www.inaturalist.org/observations/370331596,"2026-07-06 02:57:05"
6766,216848,aphid,aphid,0,1,aphid,https://www.inaturalist.org/observations/370331546,"2026-07-06 02:57:05"
6767,216846,spider,spider,0,1,spider,https://www.inaturalist.org/observations/370331492,"2026-07-06 02:57:05"
6768,216845,fly,fly,0,1,fly,https://www.inaturalist.org/observations/370330836,"2026-07-06 02:57:05"
6769,216843,beetle,beetle,0,1,beetle,https://www.inaturalist.org/observations/370330773,"2026-07-06 02:57:05"
6770,216841,leafhopper,leafhopper,0,1,leafhopper,https://www.inaturalist.org/observations/370330729,"2026-07-06 02:57:05"
6771,216840,leafhopper,leafhopper,0,1,leafhopper,https://www.inaturalist.org/observations/370330686,"2026-07-06 02:57:05"
6772,216839,leafhopper,leafhopper,0,1,leafhopper,https://www.inaturalist.org/observations/370330065,"2026-07-06 02:57:05"
6773,216835,leafhopper,leafhopper,0,1,leafhopper,https://www.inaturalist.org/observations/370329950,"2026-07-06 02:57:05"
6774,216833,spider,spider,0,1,spider,https://www.inaturalist.org/observations/370329261,"2026-07-06 03:00:06"
6775,216832,spider,spider,0,1,spider,https://www.inaturalist.org/observations/370329231,"2026-07-06 03:00:06"
6776,216828,leafhopper,leafhopper,0,1,leafhopper,https://www.inaturalist.org/observations/370328398,"2026-07-06 03:00:06"
6777,216826,leafhopper,leafhopper,0,1,leafhopper,https://www.inaturalist.org/observations/370328349,"2026-07-06 03:00:06"
6778,216825,leafhopper,leafhopper,0,1,leafhopper,https://www.inaturalist.org/observations/370328320,"2026-07-06 03:00:06"
6779,216821,leafhopper,leafhopper,0,1,leafhopper,https://www.inaturalist.org/observations/370327664,"2026-07-06 03:00:06"
6780,216811,spider,spider,0,1,spider,https://www.inaturalist.org/observations/370326111,"2026-07-06 03:00:06"
6781,216810,beetle,beetle,0,1,beetle,https://www.inaturalist.org/observations/370326069,"2026-07-06 03:00:06"
6782,216809,leafhopper,leafhopper,0,2,leafhopper,https://www.inaturalist.org/observations/370326023,"2026-07-06 03:00:06"
6783,216807,bee,bee,0,1,bee,https://www.inaturalist.org/observations/370325963,"2026-07-06 03:00:06"
6784,216805,other,"Neuroptera, Psocodea",0,2,Neuroptera,https://www.inaturalist.org/observations/370325216,"2026-07-06 03:00:06"
6785,216803,spider,spider,0,1,spider,https://www.inaturalist.org/observations/370325189,"2026-07-06 03:00:06"
6786,216802,spider,spider,0,1,spider,https://www.inaturalist.org/observations/370325166,"2026-07-06 03:00:06"
6787,216790,beetle,beetle,0,1,beetle,https://www.inaturalist.org/observations/370324253,"2026-07-06 03:00:06"
6788,216787,spider,spider,0,1,spider,https://www.inaturalist.org/observations/370323727,"2026-07-06 03:00:06"
6789,216785,leafhopper,Neuroptera,0,1,Neuroptera,https://www.inaturalist.org/observations/370323707,"2026-07-06 03:00:06"
6790,216784,leafhopper,leafhopper,0,3,leafhopper,https://www.inaturalist.org/observations/370323683,"2026-07-06 03:00:06"
6791,216780,leafhopper,leafhopper,0,1,leafhopper,https://www.inaturalist.org/observations/370322941,"2026-07-06 03:00:06"
6792,216772,leafhopper,leafhopper,0,1,leafhopper,https://www.inaturalist.org/observations/370322255,"2026-07-06 03:00:06"
6793,216771,spider,spider,0,1,spider,https://www.inaturalist.org/observations/370322236,"2026-07-06 03:00:06"
6794,216769,unidentified,Thysanoptera,0,2,Thysanoptera,https://www.inaturalist.org/observations/370321469,"2026-07-06 03:00:06"
6795,216767,leafhopper,leafhopper,0,1,leafhopper,https://www.inaturalist.org/observations/370321378,"2026-07-06 03:03:06"
6796,216763,leafhopper,leafhopper,0,1,leafhopper,https://www.inaturalist.org/observations/370320710,"2026-07-06 03:03:06"
6797,216759,spider,spider,0,1,spider,https://www.inaturalist.org/observations/370320668,"2026-07-06 03:03:06"
6798,216756,spider,spider,0,1,spider,https://www.inaturalist.org/observations/370320024,"2026-07-06 03:03:06"
6799,216742,spider,spider,0,1,spider,https://www.inaturalist.org/observations/370318616,"2026-07-06 03:03:06"
6800,216736,beetle,beetle,0,1,beetle,https://www.inaturalist.org/observations/370317919,"2026-07-06 03:03:06"
6801,216726,beetle,beetle,0,3,beetle,https://www.inaturalist.org/observations/370317247,"2026-07-06 03:03:06"
6802,216722,fly,fly,0,1,fly,https://www.inaturalist.org/observations/370317161,"2026-07-06 03:03:06"
6803,216721,spider,spider,0,1,spider,https://www.inaturalist.org/observations/370317149,"2026-07-06 03:03:06"
6804,216717,truebugs,truebugs,0,1,truebugs,https://www.inaturalist.org/observations/370316598,"2026-07-06 03:03:06"
6805,216659,unidentified,Entomobryomorpha,0,1,Entomobryomorpha,https://www.inaturalist.org/observations/370106154,"2026-07-06 03:06:06"
6806,216655,unidentified,Entomobryomorpha,0,1,Entomobryomorpha,https://www.inaturalist.org/observations/370106133,"2026-07-06 03:06:06"
6807,216553,spider,spider,0,1,spider,https://www.inaturalist.org/observations/370057430,"2026-07-06 03:06:06"
6808,216489,aphid,"truebugs, aphid",0,1,,https://www.inaturalist.org/observations/370057409,"2026-07-06 03:06:06"
6809,216470,spider,spider,0,1,spider,https://www.inaturalist.org/observations/370056469,"2026-07-06 03:06:06"
6810,216514,beetle,beetle,0,1,beetle,https://www.inaturalist.org/observations/370055656,"2026-07-06 03:06:06"
6811,216460,spider,spider,0,1,spider,https://www.inaturalist.org/observations/370055565,"2026-07-06 03:06:06"
6812,216436,fly,fly,0,1,fly,https://www.inaturalist.org/observations/370054876,"2026-07-06 03:06:06"
6813,216549,leafhopper,leafhopper,0,1,leafhopper,https://www.inaturalist.org/observations/370050477,"2026-07-06 03:06:06"
6814,216538,aphid,aphid,0,1,aphid,https://www.inaturalist.org/observations/370049598,"2026-07-06 03:06:06"
6815,216533,spider,spider,0,1,spider,https://www.inaturalist.org/observations/370048616,"2026-07-06 03:06:06"
6816,216518,spider,spider,0,1,spider,https://www.inaturalist.org/observations/370046213,"2026-07-06 03:09:05"
6817,216508,spider,spider,0,1,spider,https://www.inaturalist.org/observations/370045501,"2026-07-06 03:09:05"
6818,216503,bee,"bee, ant",0,1,,https://www.inaturalist.org/observations/370044788,"2026-07-06 03:09:05"
6819,216463,leafhopper,moths,0,0,moths,https://www.inaturalist.org/observations/370032323,"2026-07-06 03:09:05"
6820,216458,spider,spider,0,1,spider,https://www.inaturalist.org/observations/370032253,"2026-07-06 03:09:05"
6821,216456,grasshopper,grasshopper,0,2,grasshopper,https://www.inaturalist.org/observations/370032224,"2026-07-06 03:09:05"
6822,216455,spider,spider,0,1,spider,https://www.inaturalist.org/observations/370031534,"2026-07-06 03:09:05"
6823,216453,leafhopper,moths,0,0,moths,https://www.inaturalist.org/observations/370031478,"2026-07-06 03:09:05"
6824,216452,other,Plecoptera,0,0,Plecoptera,https://www.inaturalist.org/observations/370031446,"2026-07-06 03:09:05"
6825,216449,beetle,beetle,0,0,beetle,https://www.inaturalist.org/observations/370030782,"2026-07-06 03:09:05"
6826,216446,grasshopper,grasshopper,0,2,grasshopper,https://www.inaturalist.org/observations/370030728,"2026-07-06 03:09:05"
6827,216444,leafhopper,leafhopper,0,1,leafhopper,https://www.inaturalist.org/observations/370030635,"2026-07-06 03:09:05"
6828,216443,leafhopper,leafhopper,0,1,leafhopper,https://www.inaturalist.org/observations/370029923,"2026-07-06 03:12:06"
6829,216442,leafhopper,leafhopper,0,1,leafhopper,https://www.inaturalist.org/observations/370029898,"2026-07-06 03:12:06"
6830,216441,spider,spider,0,1,spider,https://www.inaturalist.org/observations/370029868,"2026-07-06 03:12:06"
6831,216440,leafhopper,leafhopper,0,1,leafhopper,https://www.inaturalist.org/observations/370029845,"2026-07-06 03:12:06"
6832,216430,leafhopper,leafhopper,0,1,leafhopper,https://www.inaturalist.org/observations/370029001,"2026-07-06 03:12:06"
6833,216426,truebugs,truebugs,0,1,truebugs,https://www.inaturalist.org/observations/370028953,"2026-07-06 03:12:06"
6835,216407,unidentified,truebugs,0,1,truebugs,https://www.inaturalist.org/observations/370026827,"2026-07-06 03:12:06"
6836,216403,other,grasshopper,0,1,grasshopper,https://www.inaturalist.org/observations/370026752,"2026-07-06 03:12:06"
6837,216398,unidentified,Blattodea,0,1,Blattodea,https://www.inaturalist.org/observations/370026023,"2026-07-06 03:12:06"
6838,216397,truebugs,"leafhopper, truebugs",0,2,leafhopper,https://www.inaturalist.org/observations/370025950,"2026-07-06 03:12:06"
6839,216393,truebugs,truebugs,0,1,truebugs,https://www.inaturalist.org/observations/370025485,"2026-07-06 03:12:06"
6841,216325,ant,bee,0,3,bee,https://www.inaturalist.org/observations/370019851,"2026-07-06 03:12:06"
6842,216313,ant,bee,0,1,,https://www.inaturalist.org/observations/370018238,"2026-07-06 03:15:05"
6844,216283,other,fly,0,3,fly,https://www.inaturalist.org/observations/369728360,"2026-07-06 03:15:05"
6845,216263,aphid,"aphid, Neuroptera",0,1,,https://www.inaturalist.org/observations/369720615,"2026-07-06 03:15:05"
6846,216261,spider,spider,0,1,spider,https://www.inaturalist.org/observations/369719926,"2026-07-06 03:15:05"
6847,216258,spider,spider,0,1,spider,https://www.inaturalist.org/observations/369719835,"2026-07-06 03:15:05"
6848,216257,leafhopper,leafhopper,0,1,leafhopper,https://www.inaturalist.org/observations/369719128,"2026-07-06 03:15:05"
6849,216240,spider,spider,0,1,spider,https://www.inaturalist.org/observations/369717462,"2026-07-06 03:18:06"
6850,216237,spider,spider,0,1,spider,https://www.inaturalist.org/observations/369717410,"2026-07-06 03:18:06"
6851,216221,spider,spider,0,2,spider,https://www.inaturalist.org/observations/369714794,"2026-07-06 03:18:06"
6852,216220,spider,spider,0,1,spider,https://www.inaturalist.org/observations/369714760,"2026-07-06 03:18:06"
6853,216219,spider,spider,0,1,spider,https://www.inaturalist.org/observations/369714733,"2026-07-06 03:18:06"
6854,216216,leafhopper,leafhopper,0,1,leafhopper,https://www.inaturalist.org/observations/369713995,"2026-07-06 03:18:06"
6855,216213,aphid,aphid,0,1,aphid,https://www.inaturalist.org/observations/369713924,"2026-07-06 03:18:06"
6856,216210,unidentified,truebugs,0,3,truebugs,https://www.inaturalist.org/observations/369713887,"2026-07-06 03:18:06"
6857,216195,unidentified,leafhopper,0,2,leafhopper,https://www.inaturalist.org/observations/369711336,"2026-07-06 03:18:06"
6858,216167,leafhopper,leafhopper,0,1,leafhopper,https://www.inaturalist.org/observations/369701002,"2026-07-06 03:21:05"
6859,216166,truebugs,truebugs,0,1,truebugs,https://www.inaturalist.org/observations/369700973,"2026-07-06 03:21:05"
6860,216157,leafhopper,leafhopper,0,1,leafhopper,https://www.inaturalist.org/observations/369694549,"2026-07-06 03:21:05"
6861,216154,beetle,beetle,0,1,beetle,https://www.inaturalist.org/observations/369692191,"2026-07-06 03:21:05"
6862,216150,leafhopper,leafhopper,0,1,leafhopper,https://www.inaturalist.org/observations/369690682,"2026-07-06 03:21:05"
6863,216145,truebugs,truebugs,0,1,truebugs,https://www.inaturalist.org/observations/369688391,"2026-07-06 03:21:05"
6864,216143,beetle,beetle,0,1,beetle,https://www.inaturalist.org/observations/369686493,"2026-07-06 03:21:05"
6865,215821,spider,spider,0,2,spider,https://www.inaturalist.org/observations/368638311,"2026-07-06 03:27:05"
6866,215579,ant,ant,0,1,ant,https://www.inaturalist.org/observations/368372690,"2026-07-06 03:39:05"
6867,215554,spider,daddylonglegs,0,3,daddylonglegs,https://www.inaturalist.org/observations/368345964,"2026-07-06 03:39:05"
6868,215535,grasshopper,grasshopper,0,0,grasshopper,https://www.inaturalist.org/observations/368341139,"2026-07-06 03:42:05"
6869,215312,spider,spider,0,1,spider,https://www.inaturalist.org/observations/368053352,"2026-07-06 03:48:06"
6870,215297,spider,spider,0,1,spider,https://www.inaturalist.org/observations/368051818,"2026-07-06 03:48:06"
6871,215137,spider,spider,0,1,spider,https://www.inaturalist.org/observations/368031468,"2026-07-06 03:54:06"
6872,214924,spider,spider,0,1,spider,https://www.inaturalist.org/observations/367747625,"2026-07-06 04:03:05"
6873,214312,caterpillar,caterpillar,0,1,caterpillar,https://www.inaturalist.org/observations/367744234,"2026-07-06 04:03:05"
6874,214845,caterpillar,caterpillar,0,1,caterpillar,https://www.inaturalist.org/observations/367717885,"2026-07-06 04:06:05"
6875,214798,moths,caterpillar,0,3,caterpillar,https://www.inaturalist.org/observations/367518589,"2026-07-06 04:09:06"
6876,214797,moths,"moths, truebugs",0,1,,https://www.inaturalist.org/observations/367513435,"2026-07-06 04:09:06"
6877,214754,other,Sarcoptiformes,0,1,Sarcoptiformes,https://www.inaturalist.org/observations/367478021,"2026-07-06 04:09:06"
6878,214665,spider,spider,0,1,spider,https://www.inaturalist.org/observations/367430975,"2026-07-06 04:12:06"
6879,214609,spider,spider,0,1,spider,https://www.inaturalist.org/observations/367428375,"2026-07-06 04:12:06"
6880,214569,spider,spider,0,1,spider,https://www.inaturalist.org/observations/367423385,"2026-07-06 04:12:06"
6881,214528,grasshopper,grasshopper,0,1,grasshopper,https://www.inaturalist.org/observations/367409771,"2026-07-06 04:15:05"
6882,214501,spider,spider,0,0,spider,https://www.inaturalist.org/observations/367398911,"2026-07-06 04:15:05"
6883,214409,spider,spider,0,1,spider,https://www.inaturalist.org/observations/367009490,"2026-07-06 04:18:06"
6884,213033,unidentified,truebugs,0,2,truebugs,https://www.inaturalist.org/observations/365035866,"2026-07-06 05:03:06"
6885,209439,spider,spider,0,1,spider,https://www.inaturalist.org/observations/358752764,"2026-07-06 07:12:05"
6886,185982,unidentified,truebugs,0,1,truebugs,https://www.inaturalist.org/observations/279247263,"2026-07-06 08:27:06"
6887,145431,other,Psocodea,0,1,Psocodea,https://www.inaturalist.org/observations/169954273,"2026-07-06 09:27:06"
6888,123427,aphid,leafhopper,0,4,leafhopper,https://www.inaturalist.org/observations/124800561,"2026-06-29 09:12:05"
6889,219385,beetle,beetle,0,1,beetle,https://www.inaturalist.org/observations/374023325,"2026-07-06 01:33:06"
6890,219384,fly,fly,0,1,fly,https://www.inaturalist.org/observations/374023280,"2026-07-06 01:33:06"
6891,219380,spider,spider,0,1,spider,https://www.inaturalist.org/observations/374013707,"2026-07-06 01:33:06"
6892,219334,caterpillar,caterpillar,0,1,caterpillar,https://www.inaturalist.org/observations/373551928,"2026-07-06 01:33:06"
6893,219120,spider,truebugs,0,3,truebugs,https://www.inaturalist.org/observations/373401858,"2026-07-06 01:33:06"
6894,219107,bee,beetle,0,3,beetle,https://www.inaturalist.org/observations/373400963,"2026-07-06 01:33:06"
6895,219088,ant,leafhopper,0,3,leafhopper,https://www.inaturalist.org/observations/373397028,"2026-07-06 01:36:05"
6896,219286,beetle,beetle,0,1,beetle,https://www.inaturalist.org/observations/373354008,"2026-07-06 01:36:05"
6897,219285,beetle,beetle,0,1,beetle,https://www.inaturalist.org/observations/373353117,"2026-07-06 01:36:05"
6898,219268,beetle,Entomobryomorpha,0,2,Entomobryomorpha,https://www.inaturalist.org/observations/373263571,"2026-07-06 01:39:06"
6899,219231,spider,spider,0,1,spider,https://www.inaturalist.org/observations/373251524,"2026-07-06 01:39:06"
6900,219219,beetle,beetle,0,1,beetle,https://www.inaturalist.org/observations/373248930,"2026-07-06 01:39:06"
6901,219218,truebugs,truebugs,0,2,truebugs,https://www.inaturalist.org/observations/373248905,"2026-07-06 01:39:06"
6902,219204,beetle,beetle,0,0,beetle,https://www.inaturalist.org/observations/373242790,"2026-07-06 01:39:06"
6903,219194,grasshopper,truebugs,0,2,truebugs,https://www.inaturalist.org/observations/373240298,"2026-07-06 01:42:05"
6904,219185,leafhopper,leafhopper,0,1,leafhopper,https://www.inaturalist.org/observations/373237767,"2026-07-06 01:42:05"
6905,219184,leafhopper,leafhopper,0,1,leafhopper,https://www.inaturalist.org/observations/373237744,"2026-07-06 01:42:05"
6906,219177,spider,spider,0,1,spider,https://www.inaturalist.org/observations/373236967,"2026-07-06 01:42:05"
6907,219175,leafhopper,leafhopper,0,1,leafhopper,https://www.inaturalist.org/observations/373235423,"2026-07-06 01:42:05"
6908,219172,leafhopper,leafhopper,0,1,leafhopper,https://www.inaturalist.org/observations/373234730,"2026-07-06 01:42:05"
6909,219170,aphid,"aphid, leafhopper",0,1,,https://www.inaturalist.org/observations/373233200,"2026-07-06 01:42:05"
6910,219167,truebugs,truebugs,0,1,truebugs,https://www.inaturalist.org/observations/373232416,"2026-07-06 01:42:05"
6911,219163,truebugs,truebugs,0,1,truebugs,https://www.inaturalist.org/observations/373231707,"2026-07-06 01:42:05"
6912,219158,leafhopper,leafhopper,0,2,leafhopper,https://www.inaturalist.org/observations/373230864,"2026-07-06 01:42:05"
6913,219150,spider,spider,0,1,spider,https://www.inaturalist.org/observations/373229106,"2026-07-06 01:42:05"
6914,219149,spider,spider,0,1,spider,https://www.inaturalist.org/observations/373229078,"2026-07-06 01:42:05"
6915,219147,truebugs,truebugs,0,2,truebugs,https://www.inaturalist.org/observations/373227560,"2026-07-06 01:42:05"
6916,219144,leafhopper,leafhopper,0,1,leafhopper,https://www.inaturalist.org/observations/373226103,"2026-07-06 01:42:05"
6917,219142,spider,spider,0,1,spider,https://www.inaturalist.org/observations/373224753,"2026-07-06 01:42:05"
6918,219075,caterpillar,caterpillar,0,1,caterpillar,https://www.inaturalist.org/observations/372989368,"2026-07-06 01:45:06"
6919,219072,spider,spider,0,1,spider,https://www.inaturalist.org/observations/372989282,"2026-07-06 01:45:06"
6920,219069,unidentified,truebugs,0,1,truebugs,https://www.inaturalist.org/observations/372982138,"2026-07-06 01:45:06"
6921,219047,beetle,beetle,0,1,beetle,https://www.inaturalist.org/observations/372973006,"2026-07-06 01:45:06"
6922,218978,spider,spider,0,1,spider,https://www.inaturalist.org/observations/372946768,"2026-07-06 01:45:06"
6923,218964,spider,spider,0,1,spider,https://www.inaturalist.org/observations/372936248,"2026-07-06 01:45:06"
6924,218961,fly,"fly, leafhopper",0,1,,https://www.inaturalist.org/observations/372935458,"2026-07-06 01:45:06"
6925,218959,leafhopper,leafhopper,0,1,leafhopper,https://www.inaturalist.org/observations/372935416,"2026-07-06 01:45:06"
6926,218958,spider,spider,0,1,spider,https://www.inaturalist.org/observations/372934726,"2026-07-06 01:45:06"
6927,218957,beetle,beetle,0,0,beetle,https://www.inaturalist.org/observations/372934699,"2026-07-06 01:45:06"
6928,218955,leafhopper,moths,0,0,moths,https://www.inaturalist.org/observations/372934679,"2026-07-06 01:45:06"
6929,218953,fly,leafhopper,0,2,leafhopper,https://www.inaturalist.org/observations/372934648,"2026-07-06 01:45:06"
6930,218952,spider,spider,0,1,spider,https://www.inaturalist.org/observations/372933810,"2026-07-06 01:45:06"
6931,218951,spider,spider,0,1,spider,https://www.inaturalist.org/observations/372933785,"2026-07-06 01:45:06"
6932,218949,spider,spider,0,1,spider,https://www.inaturalist.org/observations/372933194,"2026-07-06 01:45:06"
6933,218947,leafhopper,leafhopper,0,1,leafhopper,https://www.inaturalist.org/observations/372933151,"2026-07-06 01:45:06"
6934,218942,spider,spider,0,1,spider,https://www.inaturalist.org/observations/372932462,"2026-07-06 01:48:04"
6935,218938,leafhopper,leafhopper,0,1,leafhopper,https://www.inaturalist.org/observations/372931749,"2026-07-06 01:48:04"
6936,218936,spider,spider,0,1,spider,https://www.inaturalist.org/observations/372931691,"2026-07-06 01:48:04"
6937,218934,grasshopper,grasshopper,0,1,grasshopper,https://www.inaturalist.org/observations/372931657,"2026-07-06 01:48:04"
6938,218933,grasshopper,grasshopper,0,1,grasshopper,https://www.inaturalist.org/observations/372931625,"2026-07-06 01:48:04"
6939,218930,beetle,beetle,0,0,beetle,https://www.inaturalist.org/observations/372930222,"2026-07-06 01:48:04"
6940,218922,beetle,beetle,0,0,beetle,https://www.inaturalist.org/observations/372929319,"2026-07-06 01:48:04"
6941,218905,beetle,beetle,0,0,beetle,https://www.inaturalist.org/observations/372926298,"2026-07-06 01:48:04"
6942,218898,caterpillar,caterpillar,0,0,caterpillar,https://www.inaturalist.org/observations/372925548,"2026-07-06 01:48:04"
6943,218897,aphid,aphid,0,0,aphid,https://www.inaturalist.org/observations/372924940,"2026-07-06 01:48:04"
6944,218895,leafhopper,leafhopper,0,1,leafhopper,https://www.inaturalist.org/observations/372924883,"2026-07-06 01:48:04"
6945,218887,spider,spider,0,1,spider,https://www.inaturalist.org/observations/372923407,"2026-07-06 01:48:04"
6946,218886,other,Neuroptera,0,2,Neuroptera,https://www.inaturalist.org/observations/372923373,"2026-07-06 01:48:04"
6947,218857,leafhopper,leafhopper,0,1,leafhopper,https://www.inaturalist.org/observations/372917456,"2026-07-06 01:51:05"
6948,218856,leafhopper,leafhopper,0,1,leafhopper,https://www.inaturalist.org/observations/372916807,"2026-07-06 01:51:05"
6949,218853,spider,spider,0,2,spider,https://www.inaturalist.org/observations/372916284,"2026-07-06 01:51:05"
6950,218850,leafhopper,leafhopper,0,1,leafhopper,https://www.inaturalist.org/observations/372916203,"2026-07-06 01:51:05"
6951,218848,leafhopper,leafhopper,0,1,leafhopper,https://www.inaturalist.org/observations/372915673,"2026-07-06 01:51:05"
6952,218846,ant,ant,0,1,ant,https://www.inaturalist.org/observations/372915633,"2026-07-06 01:51:05"
6953,218845,truebugs,truebugs,0,1,truebugs,https://www.inaturalist.org/observations/372915611,"2026-07-06 01:51:05"
6954,218842,spider,spider,0,1,spider,https://www.inaturalist.org/observations/372914971,"2026-07-06 01:51:05"
6955,218841,spider,spider,0,1,spider,https://www.inaturalist.org/observations/372914949,"2026-07-06 01:51:05"
6956,218839,spider,spider,0,1,spider,https://www.inaturalist.org/observations/372914922,"2026-07-06 01:51:05"
6957,218821,leafhopper,leafhopper,0,1,leafhopper,https://www.inaturalist.org/observations/372635719,"2026-07-06 01:51:05"
6958,218816,leafhopper,leafhopper,0,1,leafhopper,https://www.inaturalist.org/observations/372634665,"2026-07-06 01:51:05"
6959,218812,spider,spider,0,1,spider,https://www.inaturalist.org/observations/372633506,"2026-07-06 01:51:05"
6960,218811,beetle,beetle,0,0,beetle,https://www.inaturalist.org/observations/372633465,"2026-07-06 01:51:05"
6961,218810,caterpillar,caterpillar,0,1,caterpillar,https://www.inaturalist.org/observations/372633432,"2026-07-06 01:51:05"
6962,218809,leafhopper,leafhopper,0,1,leafhopper,https://www.inaturalist.org/observations/372633403,"2026-07-06 01:51:05"
6963,218808,fly,fly,0,0,fly,https://www.inaturalist.org/observations/372632631,"2026-07-06 01:51:05"
6964,218806,leafhopper,leafhopper,0,1,leafhopper,https://www.inaturalist.org/observations/372632563,"2026-07-06 01:54:05"
6965,218805,leafhopper,leafhopper,0,1,leafhopper,https://www.inaturalist.org/observations/372632538,"2026-07-06 01:54:05"
6966,218804,beetle,beetle,0,0,beetle,https://www.inaturalist.org/observations/372632473,"2026-07-06 01:54:05"
6967,218803,spider,spider,0,1,spider,https://www.inaturalist.org/observations/372631614,"2026-07-06 01:54:05"
6968,218799,spider,spider,0,1,spider,https://www.inaturalist.org/observations/372631518,"2026-07-06 01:54:05"
6969,218790,leafhopper,leafhopper,0,1,leafhopper,https://www.inaturalist.org/observations/372629996,"2026-07-06 01:54:05"
6970,218789,beetle,beetle,0,2,beetle,https://www.inaturalist.org/observations/372629965,"2026-07-06 01:54:05"
6971,218787,beetle,beetle,0,0,beetle,https://www.inaturalist.org/observations/372629886,"2026-07-06 01:54:05"
6972,218786,leafhopper,leafhopper,0,1,leafhopper,https://www.inaturalist.org/observations/372629236,"2026-07-06 01:54:05"
6973,218785,beetle,beetle,0,0,beetle,https://www.inaturalist.org/observations/372629200,"2026-07-06 01:54:05"
6974,218780,leafhopper,leafhopper,0,1,leafhopper,https://www.inaturalist.org/observations/372628434,"2026-07-06 01:54:05"
6975,218779,spider,spider,0,1,spider,https://www.inaturalist.org/observations/372628385,"2026-07-06 01:54:05"
6976,218772,leafhopper,leafhopper,0,1,leafhopper,https://www.inaturalist.org/observations/372627420,"2026-07-06 01:54:05"
6977,218769,leafhopper,leafhopper,0,1,leafhopper,https://www.inaturalist.org/observations/372626349,"2026-07-06 01:54:05"
6978,218767,beetle,beetle,0,1,beetle,https://www.inaturalist.org/observations/372626302,"2026-07-06 01:54:05"
6979,218766,beetle,beetle,0,1,beetle,https://www.inaturalist.org/observations/372626266,"2026-07-06 01:54:05"
6980,218760,caterpillar,caterpillar,0,0,caterpillar,https://www.inaturalist.org/observations/372625350,"2026-07-06 01:54:05"
6981,218756,leafhopper,leafhopper,0,1,leafhopper,https://www.inaturalist.org/observations/372625312,"2026-07-06 01:54:05"
6982,218754,leafhopper,leafhopper,0,1,leafhopper,https://www.inaturalist.org/observations/372625280,"2026-07-06 01:54:05"
6983,218752,beetle,beetle,0,1,beetle,https://www.inaturalist.org/observations/372625247,"2026-07-06 01:54:05"
6984,218751,leafhopper,leafhopper,0,1,leafhopper,https://www.inaturalist.org/observations/372625227,"2026-07-06 01:54:05"
6985,218748,leafhopper,leafhopper,0,1,leafhopper,https://www.inaturalist.org/observations/372624259,"2026-07-06 01:54:05"
6986,218747,leafhopper,leafhopper,0,2,leafhopper,https://www.inaturalist.org/observations/372624228,"2026-07-06 01:54:05"
6987,218744,leafhopper,leafhopper,0,2,leafhopper,https://www.inaturalist.org/observations/372623286,"2026-07-06 01:54:05"
6988,218741,leafhopper,leafhopper,0,1,leafhopper,https://www.inaturalist.org/observations/372623184,"2026-07-06 01:57:05"
6989,218732,spider,spider,0,1,spider,https://www.inaturalist.org/observations/372620847,"2026-07-06 01:57:05"
6990,218727,beetle,beetle,0,1,beetle,https://www.inaturalist.org/observations/372618974,"2026-07-06 01:57:05"
6991,218719,beetle,beetle,0,1,beetle,https://www.inaturalist.org/observations/372618242,"2026-07-06 01:57:05"
6992,218716,spider,spider,0,1,spider,https://www.inaturalist.org/observations/372618157,"2026-07-06 01:57:05"
6993,218704,leafhopper,leafhopper,0,1,leafhopper,https://www.inaturalist.org/observations/372617341,"2026-07-06 01:57:05"
6994,218703,leafhopper,leafhopper,0,2,leafhopper,https://www.inaturalist.org/observations/372616581,"2026-07-06 01:57:05"
6995,218701,beetle,beetle,0,1,beetle,https://www.inaturalist.org/observations/372616443,"2026-07-06 01:57:05"
6996,218700,spider,spider,0,1,spider,https://www.inaturalist.org/observations/372616387,"2026-07-06 01:57:05"
6997,218696,spider,spider,0,1,spider,https://www.inaturalist.org/observations/372615627,"2026-07-06 01:57:05"
6998,218695,spider,spider,0,1,spider,https://www.inaturalist.org/observations/372615600,"2026-07-06 01:57:05"
6999,218694,beetle,beetle,0,1,beetle,https://www.inaturalist.org/observations/372615552,"2026-07-06 01:57:05"
7000,218689,leafhopper,leafhopper,0,2,leafhopper,https://www.inaturalist.org/observations/372615494,"2026-07-06 01:57:05"
7001,218683,leafhopper,leafhopper,0,1,leafhopper,https://www.inaturalist.org/observations/372614712,"2026-07-06 01:57:05"
7002,218676,beetle,beetle,0,1,beetle,https://www.inaturalist.org/observations/372613224,"2026-07-06 01:57:05"
7003,218674,beetle,beetle,0,1,beetle,https://www.inaturalist.org/observations/372613181,"2026-07-06 01:57:05"
7004,218665,caterpillar,caterpillar,0,2,caterpillar,https://www.inaturalist.org/observations/372612229,"2026-07-06 02:00:06"
7005,218650,leafhopper,leafhopper,0,1,leafhopper,https://www.inaturalist.org/observations/372608794,"2026-07-06 02:00:06"
7006,218648,beetle,beetle,0,0,beetle,https://www.inaturalist.org/observations/372608730,"2026-07-06 02:00:06"
7007,218643,grasshopper,grasshopper,0,1,grasshopper,https://www.inaturalist.org/observations/372607969,"2026-07-06 02:00:06"
7008,218642,beetle,beetle,0,1,beetle,https://www.inaturalist.org/observations/372607945,"2026-07-06 02:00:06"
7009,218641,beetle,beetle,0,2,beetle,https://www.inaturalist.org/observations/372607916,"2026-07-06 02:00:06"
7010,218637,leafhopper,leafhopper,0,1,leafhopper,https://www.inaturalist.org/observations/372607850,"2026-07-06 02:00:06"
7011,218630,leafhopper,leafhopper,0,1,leafhopper,https://www.inaturalist.org/observations/372607014,"2026-07-06 02:00:06"
7012,218628,leafhopper,leafhopper,0,1,leafhopper,https://www.inaturalist.org/observations/372606246,"2026-07-06 02:00:06"
7013,218626,leafhopper,leafhopper,0,1,leafhopper,https://www.inaturalist.org/observations/372606192,"2026-07-06 02:00:06"
7014,218625,leafhopper,leafhopper,0,1,leafhopper,https://www.inaturalist.org/observations/372606160,"2026-07-06 02:00:06"
7015,218624,leafhopper,leafhopper,0,1,leafhopper,https://www.inaturalist.org/observations/372605379,"2026-07-06 02:00:06"
7016,218622,leafhopper,leafhopper,0,2,leafhopper,https://www.inaturalist.org/observations/372605359,"2026-07-06 02:00:06"
7017,218609,leafhopper,leafhopper,0,2,leafhopper,https://www.inaturalist.org/observations/372603917,"2026-07-06 02:00:06"
7018,218607,leafhopper,leafhopper,0,1,leafhopper,https://www.inaturalist.org/observations/372603871,"2026-07-06 02:00:06"
7019,218606,leafhopper,leafhopper,0,1,leafhopper,https://www.inaturalist.org/observations/372603828,"2026-07-06 02:00:06"
7020,218601,leafhopper,leafhopper,0,1,leafhopper,https://www.inaturalist.org/observations/372603013,"2026-07-06 02:00:06"
7021,218598,leafhopper,leafhopper,0,1,leafhopper,https://www.inaturalist.org/observations/372602380,"2026-07-06 02:00:06"
7022,218595,leafhopper,leafhopper,0,1,leafhopper,https://www.inaturalist.org/observations/372602312,"2026-07-06 02:00:06"
7023,218592,leafhopper,leafhopper,0,1,leafhopper,https://www.inaturalist.org/observations/372601706,"2026-07-06 02:00:06"
7024,218588,leafhopper,leafhopper,0,1,leafhopper,https://www.inaturalist.org/observations/372601675,"2026-07-06 02:00:06"
7025,218584,leafhopper,leafhopper,0,1,leafhopper,https://www.inaturalist.org/observations/372601616,"2026-07-06 02:03:06"
7026,218583,leafhopper,leafhopper,0,1,leafhopper,https://www.inaturalist.org/observations/372601592,"2026-07-06 02:03:06"
7027,218574,truebugs,truebugs,0,1,truebugs,https://www.inaturalist.org/observations/372600877,"2026-07-06 02:03:06"
7028,218568,leafhopper,leafhopper,0,1,leafhopper,https://www.inaturalist.org/observations/372600248,"2026-07-06 02:03:06"
7029,218560,leafhopper,leafhopper,0,1,leafhopper,https://www.inaturalist.org/observations/372599228,"2026-07-06 02:03:06"
7030,218554,beetle,beetle,0,0,beetle,https://www.inaturalist.org/observations/372598464,"2026-07-06 02:03:06"
7031,218548,spider,spider,0,2,spider,https://www.inaturalist.org/observations/372597194,"2026-07-06 02:03:06"
7032,218544,beetle,beetle,0,0,beetle,https://www.inaturalist.org/observations/372597120,"2026-07-06 02:03:06"
7033,218472,moths,moths,0,1,moths,https://www.inaturalist.org/observations/372402385,"2026-07-06 02:06:05"
7034,218471,beetle,beetle,0,0,beetle,https://www.inaturalist.org/observations/372402364,"2026-07-06 02:06:05"
7035,218453,beetle,truebugs,0,2,truebugs,https://www.inaturalist.org/observations/372385526,"2026-07-06 02:06:05"
7036,218433,beetle,Dermaptera,0,2,Dermaptera,https://www.inaturalist.org/observations/372358089,"2026-07-06 02:06:05"
7037,218392,spider,spider,0,2,spider,https://www.inaturalist.org/observations/372352212,"2026-07-06 02:09:05"
7038,218409,beetle,beetle,0,1,beetle,https://www.inaturalist.org/observations/372351417,"2026-07-06 02:09:05"
7039,218408,beetle,beetle,0,4,beetle,https://www.inaturalist.org/observations/372351380,"2026-07-06 02:09:05"
7040,218405,fly,Trichoptera,0,0,Trichoptera,https://www.inaturalist.org/observations/372349491,"2026-07-06 02:09:05"
7041,218404,spider,spider,0,0,spider,https://www.inaturalist.org/observations/372349462,"2026-07-06 02:09:05"
7042,218383,aphid,Psocodea,0,0,Psocodea,https://www.inaturalist.org/observations/372341887,"2026-07-06 02:09:05"
7043,218365,spider,spider,0,2,spider,https://www.inaturalist.org/observations/372337045,"2026-07-06 02:09:05"
7044,218335,ant,spider,0,4,spider,https://www.inaturalist.org/observations/372328238,"2026-07-06 02:09:05"
7045,218328,spider,spider,0,1,spider,https://www.inaturalist.org/observations/372325579,"2026-07-06 02:09:05"
7046,218326,spider,spider,0,1,spider,https://www.inaturalist.org/observations/372325555,"2026-07-06 02:09:05"
7047,218314,ant,truebugs,0,1,,https://www.inaturalist.org/observations/372323838,"2026-07-06 02:12:05"
7048,218313,bee,"bee (sawfly)",0,1,"bee (sawfly)",https://www.inaturalist.org/observations/372323806,"2026-07-06 02:12:05"
7049,218310,bee,"bee (sawfly)",0,1,"bee (sawfly)",https://www.inaturalist.org/observations/372323756,"2026-07-06 02:12:05"
7050,218305,spider,spider,0,1,spider,https://www.inaturalist.org/observations/372323030,"2026-07-06 02:12:05"
7051,218289,beetle,Dermaptera,0,2,Dermaptera,https://www.inaturalist.org/observations/372316942,"2026-07-06 02:12:05"
7052,218279,leafhopper,leafhopper,0,3,leafhopper,https://www.inaturalist.org/observations/372315945,"2026-07-06 02:12:05"
7053,218277,spider,spider,0,1,spider,https://www.inaturalist.org/observations/372315893,"2026-07-06 02:12:05"
7054,218276,beetle,beetle,0,1,beetle,https://www.inaturalist.org/observations/372315166,"2026-07-06 02:12:05"
7055,218273,ant,ant,0,1,ant,https://www.inaturalist.org/observations/372315071,"2026-07-06 02:12:05"
7056,218271,leafhopper,leafhopper,0,1,leafhopper,https://www.inaturalist.org/observations/372315053,"2026-07-06 02:12:05"
7057,218269,other,Psocodea,0,1,Psocodea,https://www.inaturalist.org/observations/372314307,"2026-07-06 02:12:05"
7058,218267,ant,spider,0,7,spider,https://www.inaturalist.org/observations/372314267,"2026-07-06 02:12:05"
7059,218266,spider,spider,0,1,spider,https://www.inaturalist.org/observations/372314249,"2026-07-06 02:12:05"
7060,218265,leafhopper,leafhopper,0,1,leafhopper,https://www.inaturalist.org/observations/372313461,"2026-07-06 02:12:05"
7061,218264,other,Psocodea,0,1,Psocodea,https://www.inaturalist.org/observations/372313430,"2026-07-06 02:12:05"
7062,218260,ant,ant,0,1,ant,https://www.inaturalist.org/observations/372313355,"2026-07-06 02:12:05"
7063,218259,beetle,beetle,0,1,beetle,https://www.inaturalist.org/observations/372312588,"2026-07-06 02:12:05"
7064,218256,grasshopper,grasshopper,0,1,grasshopper,https://www.inaturalist.org/observations/372312501,"2026-07-06 02:12:05"
7065,218239,spider,spider,0,1,spider,https://www.inaturalist.org/observations/372306440,"2026-07-06 02:15:05"
7066,218238,leafhopper,leafhopper,0,1,leafhopper,https://www.inaturalist.org/observations/372306419,"2026-07-06 02:15:05"
7067,218236,leafhopper,leafhopper,0,1,leafhopper,https://www.inaturalist.org/observations/372305755,"2026-07-06 02:15:05"
7068,218233,spider,spider,0,2,spider,https://www.inaturalist.org/observations/372305657,"2026-07-06 02:15:05"
7069,218229,leafhopper,leafhopper,0,1,leafhopper,https://www.inaturalist.org/observations/372304800,"2026-07-06 02:15:05"
7070,218226,daddylonglegs,daddylonglegs,0,1,daddylonglegs,https://www.inaturalist.org/observations/372303851,"2026-07-06 02:15:05"
7071,218225,spider,spider,0,1,spider,https://www.inaturalist.org/observations/372303826,"2026-07-06 02:15:05"
7072,218222,beetle,beetle,0,1,beetle,https://www.inaturalist.org/observations/372303021,"2026-07-06 02:15:05"
7073,218214,spider,spider,0,1,spider,https://www.inaturalist.org/observations/372298625,"2026-07-06 02:15:05"
7074,218211,beetle,beetle,0,0,beetle,https://www.inaturalist.org/observations/372297879,"2026-07-06 02:15:05"
7075,218208,leafhopper,leafhopper,0,1,leafhopper,https://www.inaturalist.org/observations/372297811,"2026-07-06 02:15:05"
7076,218206,moths,moths,0,0,moths,https://www.inaturalist.org/observations/372297045,"2026-07-06 02:15:05"
7077,218205,truebugs,truebugs,0,1,truebugs,https://www.inaturalist.org/observations/372296998,"2026-07-06 02:15:05"
7078,218202,grasshopper,grasshopper,0,2,grasshopper,https://www.inaturalist.org/observations/372296103,"2026-07-06 02:15:05"
7079,218201,leafhopper,leafhopper,0,1,leafhopper,https://www.inaturalist.org/observations/372296083,"2026-07-06 02:15:05"
7080,218198,spider,spider,0,1,spider,https://www.inaturalist.org/observations/372295333,"2026-07-06 02:15:05"
7081,218194,leafhopper,leafhopper,0,1,leafhopper,https://www.inaturalist.org/observations/372292916,"2026-07-06 02:15:05"
7082,218193,leafhopper,leafhopper,0,1,leafhopper,https://www.inaturalist.org/observations/372292882,"2026-07-06 02:15:05"
7083,218191,beetle,beetle,0,0,beetle,https://www.inaturalist.org/observations/372291154,"2026-07-06 02:15:05"
7084,218189,leafhopper,leafhopper,0,1,leafhopper,https://www.inaturalist.org/observations/372290359,"2026-07-06 02:15:06"
7085,218187,leafhopper,leafhopper,0,1,leafhopper,https://www.inaturalist.org/observations/372290286,"2026-07-06 02:15:06"
7086,218178,spider,spider,0,2,spider,https://www.inaturalist.org/observations/372288356,"2026-07-06 02:18:06"
7087,218170,spider,spider,0,1,spider,https://www.inaturalist.org/observations/372286973,"2026-07-06 02:18:06"
7088,218168,leafhopper,leafhopper,0,1,leafhopper,https://www.inaturalist.org/observations/372286927,"2026-07-06 02:18:06"
7089,218164,leafhopper,leafhopper,0,1,leafhopper,https://www.inaturalist.org/observations/372284445,"2026-07-06 02:18:06"
7090,218150,other,Plecoptera,0,0,Plecoptera,https://www.inaturalist.org/observations/372281849,"2026-07-06 02:18:06"
7091,218149,beetle,beetle,0,0,beetle,https://www.inaturalist.org/observations/372281006,"2026-07-06 02:18:06"
7092,218148,beetle,beetle,0,1,beetle,https://www.inaturalist.org/observations/372280956,"2026-07-06 02:18:06"
7093,218147,leafhopper,moths,0,1,moths,https://www.inaturalist.org/observations/372280903,"2026-07-06 02:18:06"
7094,218134,ant,ant,0,3,ant,https://www.inaturalist.org/observations/372276149,"2026-07-06 02:18:06"
7095,218125,truebugs,truebugs,0,2,truebugs,https://www.inaturalist.org/observations/372273379,"2026-07-06 02:18:06"
7096,218122,caterpillar,caterpillar,0,1,caterpillar,https://www.inaturalist.org/observations/372271284,"2026-07-06 02:18:06"
7097,218116,spider,spider,0,1,spider,https://www.inaturalist.org/observations/372267999,"2026-07-06 02:18:06"
7098,218095,spider,spider,0,1,spider,https://www.inaturalist.org/observations/372107795,"2026-07-06 02:21:05"
7099,218083,spider,spider,0,1,spider,https://www.inaturalist.org/observations/372103563,"2026-07-06 02:21:05"
7100,218068,spider,spider,0,1,spider,https://www.inaturalist.org/observations/372101358,"2026-07-06 02:21:05"
7101,217980,beetle,Neuroptera,0,1,Neuroptera,https://www.inaturalist.org/observations/371996872,"2026-07-06 02:21:05"
7102,217977,spider,spider,0,1,spider,https://www.inaturalist.org/observations/371996852,"2026-07-06 02:21:05"
7103,217962,bee,"bee (sawfly)",0,1,"bee (sawfly)",https://www.inaturalist.org/observations/371993363,"2026-07-06 02:21:05"
7104,217918,beetle,beetle,0,1,beetle,https://www.inaturalist.org/observations/371983654,"2026-07-06 02:24:05"
7105,217909,leafhopper,leafhopper,0,1,leafhopper,https://www.inaturalist.org/observations/371981979,"2026-07-06 02:24:05"
7106,217907,spider,spider,0,1,spider,https://www.inaturalist.org/observations/371981199,"2026-07-06 02:24:05"
7107,217901,beetle,beetle,0,0,beetle,https://www.inaturalist.org/observations/371980191,"2026-07-06 02:24:05"
7108,217884,caterpillar,caterpillar,0,1,caterpillar,https://www.inaturalist.org/observations/371977866,"2026-07-06 02:27:06"
7109,217880,truebugs,truebugs,0,1,truebugs,https://www.inaturalist.org/observations/371977770,"2026-07-06 02:27:06"
7110,217879,bee,bee,0,1,bee,https://www.inaturalist.org/observations/371977045,"2026-07-06 02:27:06"
7111,217878,beetle,beetle,0,2,beetle,https://www.inaturalist.org/observations/371977021,"2026-07-06 02:27:06"
7112,217876,spider,spider,0,1,spider,https://www.inaturalist.org/observations/371976975,"2026-07-06 02:27:06"
7113,217875,beetle,beetle,0,2,beetle,https://www.inaturalist.org/observations/371976955,"2026-07-06 02:27:06"
7114,217872,spider,spider,0,1,spider,https://www.inaturalist.org/observations/371976180,"2026-07-06 02:27:06"
7115,217865,beetle,beetle,0,0,beetle,https://www.inaturalist.org/observations/371975159,"2026-07-06 02:27:06"
7116,217857,grasshopper,grasshopper,0,2,grasshopper,https://www.inaturalist.org/observations/371973547,"2026-07-06 02:27:06"
7117,217844,leafhopper,leafhopper,0,1,leafhopper,https://www.inaturalist.org/observations/371971614,"2026-07-06 02:27:06"
7118,217843,spider,spider,0,1,spider,https://www.inaturalist.org/observations/371970937,"2026-07-06 02:27:06"
7119,217814,spider,spider,0,0,spider,https://www.inaturalist.org/observations/371962868,"2026-07-06 02:30:05"
7120,217809,beetle,beetle,0,0,beetle,https://www.inaturalist.org/observations/371960295,"2026-07-06 02:30:05"
7121,217799,leafhopper,leafhopper,0,1,leafhopper,https://www.inaturalist.org/observations/371953435,"2026-07-06 02:30:05"
7122,217796,leafhopper,leafhopper,0,1,leafhopper,https://www.inaturalist.org/observations/371953417,"2026-07-06 02:30:05"
7123,217792,beetle,beetle,0,0,beetle,https://www.inaturalist.org/observations/371951226,"2026-07-06 02:30:05"
7124,217790,spider,spider,0,0,spider,https://www.inaturalist.org/observations/371950481,"2026-07-06 02:30:05"
7125,217788,spider,spider,0,1,spider,https://www.inaturalist.org/observations/371949684,"2026-07-06 02:30:05"
7126,217787,beetle,beetle,0,0,beetle,https://www.inaturalist.org/observations/371948839,"2026-07-06 02:30:05"
7127,217783,spider,spider,0,0,spider,https://www.inaturalist.org/observations/371947950,"2026-07-06 02:30:05"
7128,217721,beetle,leafhopper,0,3,leafhopper,https://www.inaturalist.org/observations/371787811,"2026-07-06 02:30:05"
7129,217574,bee,fly,0,1,,https://www.inaturalist.org/observations/371777506,"2026-07-06 02:33:06"
7130,217646,leafhopper,"truebugs, leafhopper",0,2,truebugs,https://www.inaturalist.org/observations/371600708,"2026-07-06 02:33:06"
7131,217549,leafhopper,leafhopper,0,1,leafhopper,https://www.inaturalist.org/observations/371263193,"2026-07-06 02:33:06"
7132,217433,beetle,beetle,0,0,beetle,https://www.inaturalist.org/observations/370903839,"2026-07-06 02:36:05"
7133,217409,beetle,beetle,0,0,beetle,https://www.inaturalist.org/observations/370899106,"2026-07-06 02:39:05"
7134,217403,beetle,beetle,0,0,beetle,https://www.inaturalist.org/observations/370896311,"2026-07-06 02:39:05"
7135,217392,ant,ant,0,1,ant,https://www.inaturalist.org/observations/370894268,"2026-07-06 02:39:05"
7136,217388,ant,ant,0,1,ant,https://www.inaturalist.org/observations/370893548,"2026-07-06 02:39:05"
7137,217381,ant,ant,0,1,ant,https://www.inaturalist.org/observations/370892255,"2026-07-06 02:39:05"
7138,217346,leafhopper,truebugs,0,1,,https://www.inaturalist.org/observations/370738157,"2026-07-06 02:42:06"
7139,217315,grasshopper,"grasshopper, truebugs",0,1,,https://www.inaturalist.org/observations/370705189,"2026-07-06 02:42:06"
7140,217205,spider,spider,0,0,spider,https://www.inaturalist.org/observations/370634290,"2026-07-06 02:45:06"
7141,217198,beetle,beetle,0,0,beetle,https://www.inaturalist.org/observations/370632619,"2026-07-06 02:45:06"
7142,217168,aphid,aphid,0,0,aphid,https://www.inaturalist.org/observations/370625926,"2026-07-06 02:45:06"
7143,217165,daddylonglegs,daddylonglegs,0,0,daddylonglegs,https://www.inaturalist.org/observations/370625268,"2026-07-06 02:45:06"
7144,217140,other,Psocodea,0,1,Psocodea,https://www.inaturalist.org/observations/370622495,"2026-07-06 02:45:06"
7145,217117,beetle,beetle,0,0,beetle,https://www.inaturalist.org/observations/370618257,"2026-07-06 02:48:05"
7146,217114,spider,spider,0,0,spider,https://www.inaturalist.org/observations/370618186,"2026-07-06 02:48:05"
7147,217075,truebugs,truebugs,0,0,truebugs,https://www.inaturalist.org/observations/370612974,"2026-07-06 02:48:05"
7148,217051,beetle,beetle,0,0,beetle,https://www.inaturalist.org/observations/370609350,"2026-07-06 02:48:05"
7149,216949,other,Psocodea,0,0,Psocodea,https://www.inaturalist.org/observations/370349524,"2026-07-06 02:54:05"
7150,216948,beetle,beetle,0,0,beetle,https://www.inaturalist.org/observations/370349505,"2026-07-06 02:54:05"
7151,216924,caterpillar,caterpillar,0,0,caterpillar,https://www.inaturalist.org/observations/370345426,"2026-07-06 02:54:05"
7152,216909,unidentified,fly,0,1,fly,https://www.inaturalist.org/observations/370341209,"2026-07-06 02:54:05"
7153,216874,caterpillar,caterpillar,0,0,caterpillar,https://www.inaturalist.org/observations/370335304,"2026-07-06 02:57:05"
7154,216820,moths,moths,0,1,moths,https://www.inaturalist.org/observations/370327639,"2026-07-06 03:00:06"
7155,216744,beetle,beetle,0,0,beetle,https://www.inaturalist.org/observations/370319225,"2026-07-06 03:03:06"
7156,216743,beetle,beetle,0,0,beetle,https://www.inaturalist.org/observations/370318645,"2026-07-06 03:03:06"
7157,216700,unidentified,fly,0,1,fly,https://www.inaturalist.org/observations/370313000,"2026-07-06 03:03:06"
7158,216484,beetle,beetle,0,0,beetle,https://www.inaturalist.org/observations/370056541,"2026-07-06 03:06:06"
7159,216435,beetle,beetle,0,0,beetle,https://www.inaturalist.org/observations/370054850,"2026-07-06 03:06:06"
7160,216537,beetle,beetle,0,0,beetle,https://www.inaturalist.org/observations/370049558,"2026-07-06 03:06:06"
7161,216521,beetle,beetle,0,0,beetle,https://www.inaturalist.org/observations/370047072,"2026-07-06 03:09:05"
7162,216519,beetle,beetle,0,0,beetle,https://www.inaturalist.org/observations/370047025,"2026-07-06 03:09:05"
7163,216494,beetle,beetle,0,0,beetle,https://www.inaturalist.org/observations/370034742,"2026-07-06 03:09:05"
7164,216462,spider,spider,0,1,spider,https://www.inaturalist.org/observations/370032286,"2026-07-06 03:09:05"
7165,216231,beetle,beetle,0,1,beetle,https://www.inaturalist.org/observations/369716501,"2026-07-06 03:18:06"
7166,216228,beetle,beetle,0,0,beetle,https://www.inaturalist.org/observations/369716452,"2026-07-06 03:18:06"
7167,216196,beetle,beetle,0,0,beetle,https://www.inaturalist.org/observations/369711365,"2026-07-06 03:18:06"
7168,215735,truebugs,truebugs,0,0,truebugs,https://www.inaturalist.org/observations/368625613,"2026-07-06 03:33:06"
7169,215629,spider,spider,0,1,spider,https://www.inaturalist.org/observations/368501618,"2026-07-06 03:36:05"
7170,215549,beetle,beetle,0,0,beetle,https://www.inaturalist.org/observations/368343598,"2026-07-06 03:39:05"
7171,215536,unidentified,aphid,0,0,aphid,https://www.inaturalist.org/observations/368341183,"2026-07-06 03:42:05"
7172,215275,beetle,beetle,0,0,beetle,https://www.inaturalist.org/observations/368049473,"2026-07-06 03:48:06"
7173,214722,ant,bee,0,1,,https://www.inaturalist.org/observations/367436329,"2026-07-06 04:09:06"
7174,214346,spider,spider,0,2,spider,https://www.inaturalist.org/observations/366816927,"2026-07-06 04:18:06"
7175,214344,spider,spider,0,1,spider,https://www.inaturalist.org/observations/366815164,"2026-07-06 04:18:06"
7176,213774,spider,spider,0,1,spider,https://www.inaturalist.org/observations/366043487,"2026-07-06 04:36:05"
7177,213760,spider,spider,0,1,spider,https://www.inaturalist.org/observations/366041822,"2026-07-06 04:36:05"
7178,213690,spider,spider,0,1,spider,https://www.inaturalist.org/observations/366030472,"2026-07-06 04:39:06"
7179,213679,spider,spider,0,1,spider,https://www.inaturalist.org/observations/366028914,"2026-07-06 04:39:06"
7180,213416,spider,spider,0,1,spider,https://www.inaturalist.org/observations/365724527,"2026-07-06 04:51:06"
7181,213220,spider,spider,0,1,spider,https://www.inaturalist.org/observations/365430008,"2026-07-06 04:57:05"
7182,213185,spider,spider,0,1,spider,https://www.inaturalist.org/observations/365425631,"2026-07-06 04:57:05"
7183,213055,spider,spider,0,1,spider,https://www.inaturalist.org/observations/365045234,"2026-07-06 05:00:06"
7184,213054,spider,spider,0,1,spider,https://www.inaturalist.org/observations/365045190,"2026-07-06 05:00:06"
7185,213007,spider,spider,0,1,spider,https://www.inaturalist.org/observations/365028431,"2026-07-06 05:03:06"
7186,212472,spider,spider,0,1,spider,https://www.inaturalist.org/observations/363642791,"2026-07-06 05:24:06"
7187,211931,spider,spider,0,1,spider,https://www.inaturalist.org/observations/363069345,"2026-07-06 05:42:06"
7188,207737,unidentified,beetle,0,1,beetle,https://www.inaturalist.org/observations/312523299,"2026-07-06 07:39:06"
7189,207732,unidentified,beetle,0,1,beetle,https://www.inaturalist.org/observations/312521240,"2026-07-06 07:39:06"
7190,207462,unidentified,beetle,0,1,beetle,https://www.inaturalist.org/observations/311317661,"2026-07-06 07:39:06"
7191,203391,ant,ant,0,1,ant,https://www.inaturalist.org/observations/298905309,"2026-07-06 07:51:05"
7192,152546,spider,truebugs,0,1,,https://www.inaturalist.org/observations/175207381,"2026-07-06 09:18:06"
7193,75557,unidentified,beetle,0,3,beetle,https://www.inaturalist.org/observations/46223709,"2026-06-29 09:42:05"
7194,220600,ant,ant,0,1,ant,https://www.inaturalist.org/observations/375997461,"2026-07-06 00:45:06"
7195,220599,fly,fly,0,1,fly,https://www.inaturalist.org/observations/375997435,"2026-07-06 00:45:06"
7196,220579,fly,fly,0,1,fly,https://www.inaturalist.org/observations/375996690,"2026-07-06 00:45:06"
7197,220578,truebugs,truebugs,0,2,truebugs,https://www.inaturalist.org/observations/375996663,"2026-07-06 00:45:06"
7198,220560,fly,fly,0,2,fly,https://www.inaturalist.org/observations/375995816,"2026-07-06 00:45:06"
7199,220680,ant,ant,0,1,ant,https://www.inaturalist.org/observations/375992962,"2026-07-06 00:45:06"
7200,220548,beetle,"beetle, ant",0,1,,https://www.inaturalist.org/observations/375992928,"2026-07-06 00:45:06"
7201,220552,fly,"bee, fly",0,3,bee,https://www.inaturalist.org/observations/375992214,"2026-07-06 00:45:06"
7202,220550,spider,spider,0,2,spider,https://www.inaturalist.org/observations/375991452,"2026-07-06 00:45:06"
7203,220549,ant,ant,0,1,ant,https://www.inaturalist.org/observations/375991432,"2026-07-06 00:45:06"
7204,220814,bee,"bee (sawfly)",0,1,"bee (sawfly)",https://www.inaturalist.org/observations/375901979,"2026-07-06 00:45:06"
7205,220795,bee,fly,0,2,fly,https://www.inaturalist.org/observations/375856058,"2026-07-06 00:48:07"
7206,220783,fly,fly,0,1,fly,https://www.inaturalist.org/observations/375824689,"2026-07-06 00:48:07"
7207,220775,bee,"moths, bee (sawfly)",0,2,moths,https://www.inaturalist.org/observations/375822772,"2026-07-06 00:48:07"
7208,220763,moths,"bee, moths",0,2,bee,https://www.inaturalist.org/observations/375817933,"2026-07-06 00:48:07"
7209,220759,beetle,beetle,0,2,beetle,https://www.inaturalist.org/observations/375817240,"2026-07-06 00:48:07"
7210,220739,fly,fly,0,1,fly,https://www.inaturalist.org/observations/375641175,"2026-07-06 00:48:07"
7211,220738,spider,spider,0,1,spider,https://www.inaturalist.org/observations/375641145,"2026-07-06 00:48:07"
7212,220737,grasshopper,grasshopper,0,1,grasshopper,https://www.inaturalist.org/observations/375640515,"2026-07-06 00:48:07"
7213,220736,truebugs,truebugs,0,1,truebugs,https://www.inaturalist.org/observations/375640470,"2026-07-06 00:48:07"
7214,220735,beetle,beetle,0,2,beetle,https://www.inaturalist.org/observations/375640448,"2026-07-06 00:48:07"
7215,220734,ant,ant,0,1,ant,https://www.inaturalist.org/observations/375640421,"2026-07-06 00:48:07"
7216,220733,beetle,beetle,0,2,beetle,https://www.inaturalist.org/observations/375640388,"2026-07-06 00:48:07"
7217,220732,truebugs,truebugs,0,2,truebugs,https://www.inaturalist.org/observations/375635058,"2026-07-06 00:48:07"
7218,220731,beetle,beetle,0,1,beetle,https://www.inaturalist.org/observations/375634987,"2026-07-06 00:48:07"
7219,220727,ant,ant,0,2,ant,https://www.inaturalist.org/observations/375612485,"2026-07-06 00:48:07"
7220,220726,beetle,beetle,0,1,beetle,https://www.inaturalist.org/observations/375612467,"2026-07-06 00:48:07"
7221,220720,truebugs,truebugs,0,1,truebugs,https://www.inaturalist.org/observations/375607287,"2026-07-06 00:48:07"
7222,220719,spider,spider,0,2,spider,https://www.inaturalist.org/observations/375604592,"2026-07-06 00:48:07"
7223,220717,grasshopper,grasshopper,0,1,grasshopper,https://www.inaturalist.org/observations/375600939,"2026-07-06 00:48:07"
7224,220715,spider,spider,0,2,spider,https://www.inaturalist.org/observations/375599997,"2026-07-06 00:48:07"
7225,220714,ant,ant,0,2,ant,https://www.inaturalist.org/observations/375599180,"2026-07-06 00:48:07"
7226,220713,beetle,"Dermaptera, beetle",0,2,Dermaptera,https://www.inaturalist.org/observations/375598466,"2026-07-06 00:48:07"
7227,220712,fly,fly,0,1,fly,https://www.inaturalist.org/observations/375596774,"2026-07-06 00:51:05"
7228,220637,spider,spider,0,0,spider,https://www.inaturalist.org/observations/375512261,"2026-07-06 00:51:05"
7229,220633,truebugs,truebugs,0,1,truebugs,https://www.inaturalist.org/observations/375511399,"2026-07-06 00:51:05"
7230,220626,beetle,beetle,0,1,beetle,https://www.inaturalist.org/observations/375510062,"2026-07-06 00:54:05"
7231,220624,beetle,beetle,0,1,beetle,https://www.inaturalist.org/observations/375510008,"2026-07-06 00:54:05"
7232,220615,truebugs,truebugs,0,1,truebugs,https://www.inaturalist.org/observations/375508683,"2026-07-06 00:54:05"
7233,220614,other,Neuroptera,0,1,Neuroptera,https://www.inaturalist.org/observations/375508661,"2026-07-06 00:54:05"
7234,220612,spider,spider,0,1,spider,https://www.inaturalist.org/observations/375508074,"2026-07-06 00:54:05"
7235,220608,spider,spider,0,1,spider,https://www.inaturalist.org/observations/375507920,"2026-07-06 00:54:05"
7236,220607,beetle,beetle,0,1,beetle,https://www.inaturalist.org/observations/375507323,"2026-07-06 00:54:05"
7237,220593,beetle,beetle,0,1,beetle,https://www.inaturalist.org/observations/375505569,"2026-07-06 00:54:05"
7238,220590,spider,spider,0,1,spider,https://www.inaturalist.org/observations/375504939,"2026-07-06 00:54:05"
7239,220583,leafhopper,leafhopper,0,1,leafhopper,https://www.inaturalist.org/observations/375504226,"2026-07-06 00:54:05"
7240,220568,beetle,beetle,0,1,beetle,https://www.inaturalist.org/observations/375502747,"2026-07-06 00:54:05"
7241,220566,spider,spider,0,1,spider,https://www.inaturalist.org/observations/375502240,"2026-07-06 00:54:05"
7242,220247,grasshopper,grasshopper,0,2,grasshopper,https://www.inaturalist.org/observations/375283987,"2026-07-06 00:57:05"
7243,220246,grasshopper,grasshopper,0,1,grasshopper,https://www.inaturalist.org/observations/375283959,"2026-07-06 00:57:05"
7244,220135,truebugs,leafhopper,0,2,leafhopper,https://www.inaturalist.org/observations/375277747,"2026-07-06 00:57:05"
7245,220230,spider,spider,0,1,spider,https://www.inaturalist.org/observations/375276916,"2026-07-06 00:57:05"
7246,220229,beetle,beetle,0,1,beetle,https://www.inaturalist.org/observations/375276900,"2026-07-06 00:57:05"
7247,220497,spider,spider,0,1,spider,https://www.inaturalist.org/observations/375255087,"2026-07-06 00:57:05"
7248,220404,spider,spider,0,1,spider,https://www.inaturalist.org/observations/375230374,"2026-07-06 00:57:05"
7249,220357,truebugs,grasshopper,0,1,grasshopper,https://www.inaturalist.org/observations/375217447,"2026-07-06 01:00:04"
7250,220340,spider,spider,0,2,spider,https://www.inaturalist.org/observations/375212161,"2026-07-06 01:00:04"
7251,220323,truebugs,truebugs,0,1,truebugs,https://www.inaturalist.org/observations/375207673,"2026-07-06 01:00:04"
7252,220090,fly,fly,0,1,fly,https://www.inaturalist.org/observations/375093197,"2026-07-06 01:03:06"
7253,220075,beetle,beetle,0,1,beetle,https://www.inaturalist.org/observations/375062946,"2026-07-06 01:03:06"
7254,220294,beetle,truebugs,0,3,truebugs,https://www.inaturalist.org/observations/375013304,"2026-07-06 01:03:06"
7255,220289,spider,spider,0,1,spider,https://www.inaturalist.org/observations/374974889,"2026-07-06 01:03:06"
7256,220285,truebugs,truebugs,0,2,truebugs,https://www.inaturalist.org/observations/374933743,"2026-07-06 01:03:06"
7257,220278,leafhopper,leafhopper,0,1,leafhopper,https://www.inaturalist.org/observations/374932846,"2026-07-06 01:03:06"
7258,220275,leafhopper,leafhopper,0,1,leafhopper,https://www.inaturalist.org/observations/374932001,"2026-07-06 01:03:06"
7259,220266,leafhopper,leafhopper,0,1,leafhopper,https://www.inaturalist.org/observations/374930387,"2026-07-06 01:03:06"
7260,220260,other,Thysanoptera,0,1,Thysanoptera,https://www.inaturalist.org/observations/374929612,"2026-07-06 01:03:06"
7261,220256,truebugs,truebugs,0,0,truebugs,https://www.inaturalist.org/observations/374928772,"2026-07-06 01:03:06"
7262,220253,truebugs,truebugs,0,1,truebugs,https://www.inaturalist.org/observations/374927896,"2026-07-06 01:03:06"
7263,220241,leafhopper,leafhopper,0,1,leafhopper,https://www.inaturalist.org/observations/374924498,"2026-07-06 01:03:06"
7264,220237,caterpillar,caterpillar,0,0,caterpillar,https://www.inaturalist.org/observations/374924379,"2026-07-06 01:06:05"
7265,220236,unidentified,truebugs,0,1,truebugs,https://www.inaturalist.org/observations/374923618,"2026-07-06 01:06:05"
7266,220226,spider,spider,0,1,spider,https://www.inaturalist.org/observations/374922874,"2026-07-06 01:06:05"
7267,220225,spider,spider,0,1,spider,https://www.inaturalist.org/observations/374922836,"2026-07-06 01:06:05"
7268,220215,spider,spider,0,1,spider,https://www.inaturalist.org/observations/374921177,"2026-07-06 01:06:05"
7269,220211,beetle,beetle,0,1,beetle,https://www.inaturalist.org/observations/374921102,"2026-07-06 01:06:05"
7270,220210,beetle,beetle,0,1,beetle,https://www.inaturalist.org/observations/374920455,"2026-07-06 01:06:05"
7271,220209,leafhopper,leafhopper,0,1,leafhopper,https://www.inaturalist.org/observations/374920431,"2026-07-06 01:06:05"
7272,220205,leafhopper,leafhopper,0,1,leafhopper,https://www.inaturalist.org/observations/374919453,"2026-07-06 01:06:05"
7273,220204,truebugs,truebugs,0,1,truebugs,https://www.inaturalist.org/observations/374919394,"2026-07-06 01:06:05"
7274,220197,beetle,beetle,0,2,beetle,https://www.inaturalist.org/observations/374918240,"2026-07-06 01:06:05"
7275,220191,truebugs,truebugs,0,1,truebugs,https://www.inaturalist.org/observations/374917441,"2026-07-06 01:06:05"
7276,220184,leafhopper,leafhopper,0,1,leafhopper,https://www.inaturalist.org/observations/374917383,"2026-07-06 01:06:05"
7277,220172,leafhopper,leafhopper,0,1,leafhopper,https://www.inaturalist.org/observations/374915680,"2026-07-06 01:06:05"
7278,220163,leafhopper,leafhopper,0,1,leafhopper,https://www.inaturalist.org/observations/374914045,"2026-07-06 01:09:05"
7279,220158,beetle,beetle,0,2,beetle,https://www.inaturalist.org/observations/374913840,"2026-07-06 01:09:05"
7280,220155,beetle,beetle,0,1,beetle,https://www.inaturalist.org/observations/374913182,"2026-07-06 01:09:05"
7281,220154,caterpillar,caterpillar,0,0,caterpillar,https://www.inaturalist.org/observations/374913146,"2026-07-06 01:09:05"
7282,220153,caterpillar,caterpillar,0,0,caterpillar,https://www.inaturalist.org/observations/374913125,"2026-07-06 01:09:05"
7283,220147,leafhopper,leafhopper,0,1,leafhopper,https://www.inaturalist.org/observations/374912451,"2026-07-06 01:09:05"
7284,220145,leafhopper,leafhopper,0,1,leafhopper,https://www.inaturalist.org/observations/374912398,"2026-07-06 01:09:05"
7285,220143,caterpillar,caterpillar,0,1,caterpillar,https://www.inaturalist.org/observations/374911667,"2026-07-06 01:09:05"
7286,220140,unidentified,truebugs,0,1,truebugs,https://www.inaturalist.org/observations/374911588,"2026-07-06 01:09:05"
7287,220139,fly,fly,0,1,fly,https://www.inaturalist.org/observations/374911559,"2026-07-06 01:09:05"
7288,220137,spider,spider,0,1,spider,https://www.inaturalist.org/observations/374911524,"2026-07-06 01:09:05"
7289,220131,other,Thysanoptera,0,1,Thysanoptera,https://www.inaturalist.org/observations/374909973,"2026-07-06 01:09:05"
7290,220128,beetle,beetle,0,0,beetle,https://www.inaturalist.org/observations/374909896,"2026-07-06 01:09:05"
7291,220123,truebugs,spider,0,0,spider,https://www.inaturalist.org/observations/374909213,"2026-07-06 01:09:05"
7292,220110,fly,fly,0,1,fly,https://www.inaturalist.org/observations/374908201,"2026-07-06 01:09:05"
7293,220103,leafhopper,leafhopper,0,1,leafhopper,https://www.inaturalist.org/observations/374907400,"2026-07-06 01:09:05"
7294,220102,leafhopper,leafhopper,0,1,leafhopper,https://www.inaturalist.org/observations/374907375,"2026-07-06 01:09:05"
7295,220086,leafhopper,leafhopper,0,1,leafhopper,https://www.inaturalist.org/observations/374905359,"2026-07-06 01:12:05"
7296,220084,caterpillar,caterpillar,0,2,caterpillar,https://www.inaturalist.org/observations/374905335,"2026-07-06 01:12:05"
7297,220074,spider,spider,0,0,spider,https://www.inaturalist.org/observations/374904617,"2026-07-06 01:12:06"
7298,220069,bee,bee,0,1,bee,https://www.inaturalist.org/observations/374903894,"2026-07-06 01:12:06"
7299,220068,beetle,beetle,0,1,beetle,https://www.inaturalist.org/observations/374903867,"2026-07-06 01:12:06"
7300,220057,beetle,beetle,0,2,beetle,https://www.inaturalist.org/observations/374902525,"2026-07-06 01:12:06"
7301,220056,beetle,beetle,0,2,beetle,https://www.inaturalist.org/observations/374901858,"2026-07-06 01:12:06"
7302,220055,beetle,beetle,0,0,beetle,https://www.inaturalist.org/observations/374901835,"2026-07-06 01:12:06"
7303,220054,beetle,beetle,0,0,beetle,https://www.inaturalist.org/observations/374901814,"2026-07-06 01:12:06"
7304,220053,truebugs,truebugs,0,1,truebugs,https://www.inaturalist.org/observations/374901788,"2026-07-06 01:12:06"
7305,220047,beetle,beetle,0,0,beetle,https://www.inaturalist.org/observations/374901160,"2026-07-06 01:12:06"
7306,220022,unidentified,fly,0,1,fly,https://www.inaturalist.org/observations/374892103,"2026-07-06 01:15:06"
7307,220003,caterpillar,caterpillar,0,1,caterpillar,https://www.inaturalist.org/observations/374722685,"2026-07-06 01:15:06"
7308,219991,ant,ant,0,1,ant,https://www.inaturalist.org/observations/374711149,"2026-07-06 01:15:06"
7309,219985,beetle,"Dermaptera, beetle",0,2,Dermaptera,https://www.inaturalist.org/observations/374705906,"2026-07-06 01:15:06"
7310,219975,caterpillar,"bee (sawfly)",0,1,,https://www.inaturalist.org/observations/374678607,"2026-07-06 01:15:06"
7311,219961,spider,spider,0,1,spider,https://www.inaturalist.org/observations/374675279,"2026-07-06 01:15:06"
7312,219916,spider,spider,0,1,spider,https://www.inaturalist.org/observations/374654306,"2026-07-06 01:15:06"
7313,219892,truebugs,truebugs,0,1,truebugs,https://www.inaturalist.org/observations/374637424,"2026-07-06 01:15:06"
7314,219891,spider,spider,0,1,spider,https://www.inaturalist.org/observations/374637392,"2026-07-06 01:15:06"
7315,219889,beetle,beetle,0,3,beetle,https://www.inaturalist.org/observations/374637320,"2026-07-06 01:15:06"
7316,219859,beetle,beetle,0,0,beetle,https://www.inaturalist.org/observations/374627993,"2026-07-06 01:18:05"
7317,219857,beetle,beetle,0,2,beetle,https://www.inaturalist.org/observations/374627286,"2026-07-06 01:18:05"
7318,219846,spider,spider,0,0,spider,https://www.inaturalist.org/observations/374625281,"2026-07-06 01:18:05"
7319,219845,spider,spider,0,1,spider,https://www.inaturalist.org/observations/374625258,"2026-07-06 01:18:05"
7320,219843,spider,spider,0,2,spider,https://www.inaturalist.org/observations/374625206,"2026-07-06 01:18:05"
7321,219802,beetle,beetle,0,0,beetle,https://www.inaturalist.org/observations/374618652,"2026-07-06 01:21:05"
7322,219801,leafhopper,leafhopper,0,1,leafhopper,https://www.inaturalist.org/observations/374617881,"2026-07-06 01:21:05"
7323,219796,spider,spider,0,1,spider,https://www.inaturalist.org/observations/374617811,"2026-07-06 01:21:05"
7324,219788,beetle,beetle,0,0,beetle,https://www.inaturalist.org/observations/374617014,"2026-07-06 01:21:05"
7325,219785,beetle,beetle,0,3,beetle,https://www.inaturalist.org/observations/374616192,"2026-07-06 01:21:05"
7326,219784,beetle,beetle,0,3,beetle,https://www.inaturalist.org/observations/374616164,"2026-07-06 01:21:05"
7327,219782,leafhopper,leafhopper,0,1,leafhopper,https://www.inaturalist.org/observations/374616106,"2026-07-06 01:21:05"
7328,219779,spider,spider,0,1,spider,https://www.inaturalist.org/observations/374615152,"2026-07-06 01:21:05"
7329,219778,truebugs,truebugs,0,1,truebugs,https://www.inaturalist.org/observations/374615122,"2026-07-06 01:21:05"
7330,219772,leafhopper,leafhopper,0,1,leafhopper,https://www.inaturalist.org/observations/374609518,"2026-07-06 01:21:05"
7331,219760,leafhopper,leafhopper,0,1,leafhopper,https://www.inaturalist.org/observations/374604536,"2026-07-06 01:21:05"
7332,219759,spider,spider,0,1,spider,https://www.inaturalist.org/observations/374604516,"2026-07-06 01:21:05"
7333,219750,leafhopper,leafhopper,0,1,leafhopper,https://www.inaturalist.org/observations/374602924,"2026-07-06 01:21:05"
7334,219735,beetle,beetle,0,1,beetle,https://www.inaturalist.org/observations/374595902,"2026-07-06 01:24:05"
7335,219731,leafhopper,leafhopper,0,1,leafhopper,https://www.inaturalist.org/observations/374595230,"2026-07-06 01:24:05"
7336,219727,truebugs,truebugs,0,1,truebugs,https://www.inaturalist.org/observations/374593522,"2026-07-06 01:24:05"
7337,219703,caterpillar,"bee (sawfly), caterpillar",0,2,"bee (sawfly)",https://www.inaturalist.org/observations/374377546,"2026-07-06 01:24:05"
7338,219675,beetle,beetle,0,2,beetle,https://www.inaturalist.org/observations/374367687,"2026-07-06 01:24:05"
7339,219648,other,Psocodea,0,1,Psocodea,https://www.inaturalist.org/observations/374348679,"2026-07-06 01:24:05"
7340,219647,other,Psocodea,0,1,Psocodea,https://www.inaturalist.org/observations/374348659,"2026-07-06 01:24:05"
7341,219643,truebugs,Psocodea,0,1,,https://www.inaturalist.org/observations/374345211,"2026-07-06 01:24:05"
7342,219640,truebugs,Psocodea,0,1,,https://www.inaturalist.org/observations/374343569,"2026-07-06 01:24:05"
7343,219639,truebugs,Psocodea,0,1,,https://www.inaturalist.org/observations/374343538,"2026-07-06 01:24:05"
7344,219635,truebugs,aphid,0,3,aphid,https://www.inaturalist.org/observations/374339930,"2026-07-06 01:24:05"
7345,219632,spider,aphid,0,3,aphid,https://www.inaturalist.org/observations/374339831,"2026-07-06 01:24:05"
7346,219629,truebugs,Psocodea,0,1,,https://www.inaturalist.org/observations/374337945,"2026-07-06 01:27:05"
7347,219623,fly,Psocodea,0,1,,https://www.inaturalist.org/observations/374334271,"2026-07-06 01:27:05"
7348,219611,beetle,beetle,0,1,beetle,https://www.inaturalist.org/observations/374309538,"2026-07-06 01:27:05"
7349,219602,spider,spider,0,1,spider,https://www.inaturalist.org/observations/374308440,"2026-07-06 01:27:05"
7350,219563,truebugs,truebugs,0,1,truebugs,https://www.inaturalist.org/observations/374303216,"2026-07-06 01:30:06"
7351,219555,spider,spider,0,0,spider,https://www.inaturalist.org/observations/374301644,"2026-07-06 01:30:06"
7352,219552,spider,spider,0,0,spider,https://www.inaturalist.org/observations/374301553,"2026-07-06 01:30:06"
7353,219550,ant,ant,0,1,ant,https://www.inaturalist.org/observations/374300838,"2026-07-06 01:30:06"
7354,219536,spider,spider,0,0,spider,https://www.inaturalist.org/observations/374297232,"2026-07-06 01:30:06"
7355,219535,aphid,aphid,0,0,aphid,https://www.inaturalist.org/observations/374297203,"2026-07-06 01:30:06"
7356,219525,truebugs,truebugs,0,1,truebugs,https://www.inaturalist.org/observations/374293490,"2026-07-06 01:30:06"
7357,219524,spider,spider,0,1,spider,https://www.inaturalist.org/observations/374292783,"2026-07-06 01:30:06"
7358,219510,unidentified,fly,0,2,fly,https://www.inaturalist.org/observations/374292069,"2026-07-06 01:30:06"
7359,219502,fly,fly,0,1,fly,https://www.inaturalist.org/observations/374290402,"2026-07-06 01:30:06"
7360,219478,spider,spider,0,1,spider,https://www.inaturalist.org/observations/374284080,"2026-07-06 01:30:06"
7361,219477,spider,spider,0,2,spider,https://www.inaturalist.org/observations/374284057,"2026-07-06 01:30:06"
7362,219474,spider,spider,0,1,spider,https://www.inaturalist.org/observations/374283453,"2026-07-06 01:33:06"
7363,219458,caterpillar,caterpillar,0,1,caterpillar,https://www.inaturalist.org/observations/374279700,"2026-07-06 01:33:06"
7364,219454,spider,spider,0,0,spider,https://www.inaturalist.org/observations/374278544,"2026-07-06 01:33:06"
7365,219451,leafhopper,leafhopper,0,1,leafhopper,https://www.inaturalist.org/observations/374277875,"2026-07-06 01:33:06"
7366,219447,leafhopper,leafhopper,0,1,leafhopper,https://www.inaturalist.org/observations/374277851,"2026-07-06 01:33:06"
7367,218280,beetle,beetle,0,0,beetle,https://www.inaturalist.org/observations/372315968,"2026-07-06 02:12:05"
7368,218268,caterpillar,caterpillar,0,0,caterpillar,https://www.inaturalist.org/observations/372314288,"2026-07-06 02:12:05"
7369,217893,beetle,beetle,0,0,beetle,https://www.inaturalist.org/observations/371979529,"2026-07-06 02:24:05"
7370,217328,spider,spider,0,1,spider,https://www.inaturalist.org/observations/370712833,"2026-07-06 02:42:06"
7371,216947,caterpillar,caterpillar,0,0,caterpillar,https://www.inaturalist.org/observations/370348754,"2026-07-06 02:54:05"
7372,216311,beetle,truebugs,0,2,truebugs,https://www.inaturalist.org/observations/370017655,"2026-07-06 03:15:05"
7373,216259,spider,spider,0,1,spider,https://www.inaturalist.org/observations/369719871,"2026-07-06 03:15:05"
7374,216247,beetle,beetle,0,1,beetle,https://www.inaturalist.org/observations/369718278,"2026-07-06 03:18:06"
7375,215268,caterpillar,caterpillar,0,1,caterpillar,https://www.inaturalist.org/observations/368049427,"2026-07-06 03:48:06"
7376,214908,caterpillar,caterpillar,0,1,caterpillar,https://www.inaturalist.org/observations/367740716,"2026-07-06 04:06:05"
7377,214900,caterpillar,caterpillar,0,1,caterpillar,https://www.inaturalist.org/observations/367737167,"2026-07-06 04:06:05"
7378,213732,ant,ant,0,1,ant,https://www.inaturalist.org/observations/366037709,"2026-07-06 04:36:05"
7379,212575,caterpillar,caterpillar,0,1,caterpillar,https://www.inaturalist.org/observations/363736731,"2026-07-06 05:21:05"
7380,222177,caterpillar,caterpillar,0,1,caterpillar,https://www.inaturalist.org/observations/378473119,"2026-07-06 00:00:06"
7381,222122,caterpillar,"bee (sawfly)",0,2,"bee (sawfly)",https://www.inaturalist.org/observations/377811723,"2026-07-06 00:00:06"
7382,222121,fly,Psocodea,0,2,Psocodea,https://www.inaturalist.org/observations/377807735,"2026-07-06 00:00:06"
7383,222119,fly,Psocodea,0,2,Psocodea,https://www.inaturalist.org/observations/377807646,"2026-07-06 00:00:06"
7384,222118,fly,Psocodea,0,1,,https://www.inaturalist.org/observations/377806895,"2026-07-06 00:00:06"
7385,222112,fly,Psocodea,0,2,Psocodea,https://www.inaturalist.org/observations/377800281,"2026-07-06 00:00:06"
7386,222049,aphid,ant,0,1,,https://www.inaturalist.org/observations/377762065,"2026-07-06 00:03:05"
7387,222068,beetle,beetle,0,1,beetle,https://www.inaturalist.org/observations/377752743,"2026-07-06 00:06:05"
7388,222067,beetle,beetle,0,1,beetle,https://www.inaturalist.org/observations/377752720,"2026-07-06 00:06:05"
7389,222066,leafhopper,leafhopper,0,1,leafhopper,https://www.inaturalist.org/observations/377750410,"2026-07-06 00:06:05"
7390,222065,leafhopper,leafhopper,0,1,leafhopper,https://www.inaturalist.org/observations/377748022,"2026-07-06 00:06:05"
7391,222063,truebugs,truebugs,0,1,truebugs,https://www.inaturalist.org/observations/377747942,"2026-07-06 00:06:05"
7392,222062,spider,spider,0,2,spider,https://www.inaturalist.org/observations/377747919,"2026-07-06 00:06:05"
7393,221973,spider,spider,0,0,spider,https://www.inaturalist.org/observations/377460931,"2026-07-06 00:06:05"
7394,221967,spider,spider,0,0,spider,https://www.inaturalist.org/observations/377459394,"2026-07-06 00:06:05"
7395,221951,spider,spider,0,0,spider,https://www.inaturalist.org/observations/377455357,"2026-07-06 00:06:05"
7396,221945,beetle,beetle,0,0,beetle,https://www.inaturalist.org/observations/377454434,"2026-07-06 00:06:05"
7397,221942,beetle,beetle,0,0,beetle,https://www.inaturalist.org/observations/377453754,"2026-07-06 00:06:05"
7398,221937,spider,spider,0,0,spider,https://www.inaturalist.org/observations/377452996,"2026-07-06 00:09:05"
7399,221936,beetle,beetle,0,0,beetle,https://www.inaturalist.org/observations/377452963,"2026-07-06 00:09:05"
7400,221928,spider,spider,0,0,spider,https://www.inaturalist.org/observations/377451513,"2026-07-06 00:09:05"
7401,221927,truebugs,truebugs,0,0,truebugs,https://www.inaturalist.org/observations/377450829,"2026-07-06 00:09:05"
7402,221926,caterpillar,caterpillar,0,3,caterpillar,https://www.inaturalist.org/observations/377450794,"2026-07-06 00:09:05"
7403,221919,other,Psocodea,0,1,Psocodea,https://www.inaturalist.org/observations/377449273,"2026-07-06 00:09:05"
7404,221901,caterpillar,caterpillar,0,1,caterpillar,https://www.inaturalist.org/observations/377438767,"2026-07-06 00:09:05"
7405,221893,fly,fly,0,1,fly,https://www.inaturalist.org/observations/377436601,"2026-07-06 00:09:05"
7406,221892,caterpillar,caterpillar,0,1,caterpillar,https://www.inaturalist.org/observations/377436561,"2026-07-06 00:09:05"
7407,221883,truebugs,truebugs,0,1,truebugs,https://www.inaturalist.org/observations/377435187,"2026-07-06 00:09:05"
7408,221855,caterpillar,caterpillar,0,1,caterpillar,https://www.inaturalist.org/observations/377427900,"2026-07-06 00:12:05"
7409,221851,beetle,beetle,0,1,beetle,https://www.inaturalist.org/observations/377427034,"2026-07-06 00:12:05"
7410,221849,beetle,beetle,0,1,beetle,https://www.inaturalist.org/observations/377426939,"2026-07-06 00:12:05"
7411,221844,spider,spider,0,1,spider,https://www.inaturalist.org/observations/377424694,"2026-07-06 00:12:05"
7412,221842,ant,ant,0,1,ant,https://www.inaturalist.org/observations/377424635,"2026-07-06 00:12:05"
7413,221834,fly,fly,0,0,fly,https://www.inaturalist.org/observations/377423211,"2026-07-06 00:12:05"
7414,221822,caterpillar,caterpillar,0,1,caterpillar,https://www.inaturalist.org/observations/377420041,"2026-07-06 00:12:05"
7415,221789,truebugs,"beetle, truebugs",0,2,beetle,https://www.inaturalist.org/observations/377192830,"2026-07-06 00:15:06"
7416,221781,spider,spider,0,1,spider,https://www.inaturalist.org/observations/377190328,"2026-07-06 00:15:06"
7417,221778,spider,spider,0,1,spider,https://www.inaturalist.org/observations/377190292,"2026-07-06 00:15:06"
7418,221775,beetle,beetle,0,1,beetle,https://www.inaturalist.org/observations/377188716,"2026-07-06 00:15:06"
7419,221769,spider,spider,0,1,spider,https://www.inaturalist.org/observations/377187840,"2026-07-06 00:15:06"
7420,221752,spider,"Trombidiformes, spider",0,2,Trombidiformes,https://www.inaturalist.org/observations/377185997,"2026-07-06 00:15:06"
7421,221735,spider,spider,0,1,spider,https://www.inaturalist.org/observations/377181929,"2026-07-06 00:15:06"
7422,221692,caterpillar,caterpillar,0,1,caterpillar,https://www.inaturalist.org/observations/377167398,"2026-07-06 00:15:06"
7423,221691,spider,spider,0,1,spider,https://www.inaturalist.org/observations/377167328,"2026-07-06 00:15:06"
7424,221675,beetle,beetle,0,0,beetle,https://www.inaturalist.org/observations/377165039,"2026-07-06 00:18:06"
7425,221674,caterpillar,caterpillar,0,1,caterpillar,https://www.inaturalist.org/observations/377164987,"2026-07-06 00:18:06"
7426,221663,caterpillar,caterpillar,0,1,caterpillar,https://www.inaturalist.org/observations/377162561,"2026-07-06 00:18:06"
7427,221662,other,Anura,0,2,Anura,https://www.inaturalist.org/observations/377162542,"2026-07-06 00:18:06"
7428,221655,other,Thysanoptera,0,1,Thysanoptera,https://www.inaturalist.org/observations/377160904,"2026-07-06 00:18:06"
7429,221653,beetle,beetle,0,1,beetle,https://www.inaturalist.org/observations/377160857,"2026-07-06 00:18:06"
7430,221652,fly,fly,0,1,fly,https://www.inaturalist.org/observations/377160076,"2026-07-06 00:18:06"
7431,221646,beetle,beetle,0,1,beetle,https://www.inaturalist.org/observations/377159096,"2026-07-06 00:18:06"
7432,221645,moths,moths,0,0,moths,https://www.inaturalist.org/observations/377158300,"2026-07-06 00:18:06"
7433,221638,caterpillar,caterpillar,0,1,caterpillar,https://www.inaturalist.org/observations/377157464,"2026-07-06 00:18:06"
7434,221637,ant,ant,0,1,ant,https://www.inaturalist.org/observations/377156818,"2026-07-06 00:18:06"
7435,221636,caterpillar,caterpillar,0,1,caterpillar,https://www.inaturalist.org/observations/377156779,"2026-07-06 00:18:06"
7436,221633,unidentified,Entomobryomorpha,0,1,Entomobryomorpha,https://www.inaturalist.org/observations/377155965,"2026-07-06 00:18:06"
7437,221630,caterpillar,caterpillar,0,1,caterpillar,https://www.inaturalist.org/observations/377155338,"2026-07-06 00:18:06"
7438,221611,truebugs,"truebugs, leafhopper",0,1,,https://www.inaturalist.org/observations/377152920,"2026-07-06 00:21:05"
7439,221603,bee,bee,0,1,bee,https://www.inaturalist.org/observations/377151233,"2026-07-06 00:21:05"
7440,221596,caterpillar,caterpillar,0,1,caterpillar,https://www.inaturalist.org/observations/377150431,"2026-07-06 00:21:05"
7441,221592,beetle,beetle,0,0,beetle,https://www.inaturalist.org/observations/377149592,"2026-07-06 00:21:05"
7442,221588,caterpillar,caterpillar,0,1,caterpillar,https://www.inaturalist.org/observations/377148789,"2026-07-06 00:21:05"
7443,221587,spider,spider,0,1,spider,https://www.inaturalist.org/observations/377147966,"2026-07-06 00:21:05"
7444,221586,beetle,beetle,0,1,beetle,https://www.inaturalist.org/observations/377147942,"2026-07-06 00:21:05"
7445,221583,caterpillar,caterpillar,0,2,caterpillar,https://www.inaturalist.org/observations/377147201,"2026-07-06 00:21:05"
7446,221582,caterpillar,caterpillar,0,2,caterpillar,https://www.inaturalist.org/observations/377147181,"2026-07-06 00:21:05"
7447,221578,caterpillar,caterpillar,0,1,caterpillar,https://www.inaturalist.org/observations/377145760,"2026-07-06 00:21:05"
7448,221577,caterpillar,caterpillar,0,1,caterpillar,https://www.inaturalist.org/observations/377145014,"2026-07-06 00:21:05"
7449,221576,beetle,beetle,0,2,beetle,https://www.inaturalist.org/observations/377144475,"2026-07-06 00:21:05"
7450,221574,beetle,beetle,0,1,beetle,https://www.inaturalist.org/observations/377144459,"2026-07-06 00:21:05"
7451,221568,beetle,beetle,0,1,beetle,https://www.inaturalist.org/observations/377143675,"2026-07-06 00:21:05"
7452,221560,beetle,beetle,0,0,beetle,https://www.inaturalist.org/observations/377140872,"2026-07-06 00:21:05"
7453,221559,spider,spider,0,1,spider,https://www.inaturalist.org/observations/377140853,"2026-07-06 00:21:05"
7454,221553,bee,bee,0,2,bee,https://www.inaturalist.org/observations/377139234,"2026-07-06 00:24:06"
7455,221548,truebugs,truebugs,0,1,truebugs,https://www.inaturalist.org/observations/377138574,"2026-07-06 00:24:06"
7456,221547,leafhopper,leafhopper,0,0,leafhopper,https://www.inaturalist.org/observations/377138527,"2026-07-06 00:24:06"
7457,221541,other,Neuroptera,0,1,Neuroptera,https://www.inaturalist.org/observations/377136965,"2026-07-06 00:24:06"
7458,221538,caterpillar,caterpillar,0,1,caterpillar,https://www.inaturalist.org/observations/377136115,"2026-07-06 00:24:06"
7459,221536,beetle,beetle,0,0,beetle,https://www.inaturalist.org/observations/377136070,"2026-07-06 00:24:06"
7460,221527,spider,spider,0,1,spider,https://www.inaturalist.org/observations/377135170,"2026-07-06 00:24:06"
7461,221522,other,Neuroptera,0,1,Neuroptera,https://www.inaturalist.org/observations/377134360,"2026-07-06 00:24:06"
7462,221519,bee,"bee, ant",0,1,,https://www.inaturalist.org/observations/377133702,"2026-07-06 00:24:06"
7463,221512,spider,spider,0,1,spider,https://www.inaturalist.org/observations/377132924,"2026-07-06 00:24:06"
7464,221511,caterpillar,caterpillar,0,1,caterpillar,https://www.inaturalist.org/observations/377132894,"2026-07-06 00:24:06"
7465,221507,leafhopper,leafhopper,0,1,leafhopper,https://www.inaturalist.org/observations/377131860,"2026-07-06 00:24:06"
7466,221428,beetle,beetle,0,2,beetle,https://www.inaturalist.org/observations/376870524,"2026-07-06 00:27:07"
7467,221423,caterpillar,caterpillar,0,1,caterpillar,https://www.inaturalist.org/observations/376869633,"2026-07-06 00:30:07"
7468,221418,other,Ephemeroptera,0,2,Ephemeroptera,https://www.inaturalist.org/observations/376868945,"2026-07-06 00:30:07"
7469,221415,beetle,beetle,0,1,beetle,https://www.inaturalist.org/observations/376868907,"2026-07-06 00:30:07"
7470,221398,other,Ephemeroptera,0,0,Ephemeroptera,https://www.inaturalist.org/observations/376866016,"2026-07-06 00:30:07"
7471,221397,beetle,beetle,0,0,beetle,https://www.inaturalist.org/observations/376865999,"2026-07-06 00:30:07"
7472,221392,other,"Dermaptera, Blattodea",0,1,,https://www.inaturalist.org/observations/376865188,"2026-07-06 00:30:07"
7473,221382,beetle,beetle,0,0,beetle,https://www.inaturalist.org/observations/376864183,"2026-07-06 00:30:07"
7474,221379,spider,spider,0,0,spider,https://www.inaturalist.org/observations/376863447,"2026-07-06 00:30:07"
7475,221373,beetle,beetle,0,0,beetle,https://www.inaturalist.org/observations/376862617,"2026-07-06 00:30:07"
7476,221307,spider,spider,0,1,spider,https://www.inaturalist.org/observations/376858463,"2026-07-06 00:33:06"
7477,221304,spider,spider,0,1,spider,https://www.inaturalist.org/observations/376857845,"2026-07-06 00:33:06"
7478,221302,fly,fly,0,1,fly,https://www.inaturalist.org/observations/376856899,"2026-07-06 00:33:06"
7479,221294,grasshopper,grasshopper,0,0,grasshopper,https://www.inaturalist.org/observations/376853404,"2026-07-06 00:33:06"
7480,221292,spider,spider,0,1,spider,https://www.inaturalist.org/observations/376853358,"2026-07-06 00:33:06"
7481,221269,spider,spider,0,0,spider,https://www.inaturalist.org/observations/376843066,"2026-07-06 00:33:06"
7482,221263,beetle,beetle,0,0,beetle,https://www.inaturalist.org/observations/376838569,"2026-07-06 00:33:06"
7483,221261,beetle,beetle,0,2,beetle,https://www.inaturalist.org/observations/376838537,"2026-07-06 00:33:06"
7484,221252,beetle,beetle,0,0,beetle,https://www.inaturalist.org/observations/376837208,"2026-07-06 00:33:06"
7485,221248,beetle,beetle,0,1,beetle,https://www.inaturalist.org/observations/376835566,"2026-07-06 00:36:05"
7486,221246,beetle,beetle,0,0,beetle,https://www.inaturalist.org/observations/376834318,"2026-07-06 00:36:05"
7487,221238,ant,ant,0,2,ant,https://www.inaturalist.org/observations/376823373,"2026-07-06 00:36:05"
7488,221237,spider,spider,0,1,spider,https://www.inaturalist.org/observations/376822072,"2026-07-06 00:36:05"
7489,221233,spider,spider,0,2,spider,https://www.inaturalist.org/observations/376819048,"2026-07-06 00:36:05"
7490,221231,caterpillar,caterpillar,0,1,caterpillar,https://www.inaturalist.org/observations/376818025,"2026-07-06 00:36:05"
7491,221230,spider,spider,0,0,spider,https://www.inaturalist.org/observations/376818012,"2026-07-06 00:36:05"
7492,221229,beetle,beetle,0,0,beetle,https://www.inaturalist.org/observations/376816894,"2026-07-06 00:36:05"
7493,221219,truebugs,bee,0,3,bee,https://www.inaturalist.org/observations/376659223,"2026-07-06 00:36:05"
7494,221216,truebugs,Psocodea,0,1,,https://www.inaturalist.org/observations/376658520,"2026-07-06 00:36:05"
7495,221215,truebugs,aphid,0,1,,https://www.inaturalist.org/observations/376658504,"2026-07-06 00:36:05"
7496,221214,truebugs,"aphid, Psocodea",0,2,,https://www.inaturalist.org/observations/376658479,"2026-07-06 00:36:05"
7497,221213,fly,bee,0,1,,https://www.inaturalist.org/observations/376657578,"2026-07-06 00:36:05"
7498,221212,fly,Psocodea,0,2,Psocodea,https://www.inaturalist.org/observations/376656806,"2026-07-06 00:36:05"
7499,221210,fly,"truebugs, aphid",0,2,,https://www.inaturalist.org/observations/376654954,"2026-07-06 00:36:05"
7500,221209,truebugs,Psocodea,0,1,,https://www.inaturalist.org/observations/376654901,"2026-07-06 00:36:05"
7501,221208,truebugs,Psocodea,0,1,,https://www.inaturalist.org/observations/376654153,"2026-07-06 00:36:05"
7502,221207,truebugs,Entomobryomorpha,0,2,Entomobryomorpha,https://www.inaturalist.org/observations/376654113,"2026-07-06 00:36:05"
7503,221205,fly,bee,0,1,,https://www.inaturalist.org/observations/376653068,"2026-07-06 00:36:05"
7504,221181,other,Neuroptera,0,1,Neuroptera,https://www.inaturalist.org/observations/376583834,"2026-07-06 00:36:05"
7505,221173,caterpillar,caterpillar,0,1,caterpillar,https://www.inaturalist.org/observations/376581900,"2026-07-06 00:36:05"
7506,221160,truebugs,beetle,0,1,,https://www.inaturalist.org/observations/376577379,"2026-07-06 00:36:05"
7507,221151,spider,daddylonglegs,0,3,daddylonglegs,https://www.inaturalist.org/observations/376576230,"2026-07-06 00:36:05"
7508,221117,leafhopper,leafhopper,0,1,leafhopper,https://www.inaturalist.org/observations/376561949,"2026-07-06 00:39:05"
7509,221095,beetle,beetle,0,1,beetle,https://www.inaturalist.org/observations/376558164,"2026-07-06 00:39:05"
7510,221084,beetle,beetle,0,0,beetle,https://www.inaturalist.org/observations/376557290,"2026-07-06 00:39:05"
7511,221079,beetle,beetle,0,0,beetle,https://www.inaturalist.org/observations/376556498,"2026-07-06 00:39:05"
7512,221072,ant,ant,0,1,ant,https://www.inaturalist.org/observations/376555668,"2026-07-06 00:42:06"
7513,221058,ant,ant,0,1,ant,https://www.inaturalist.org/observations/376549468,"2026-07-06 00:42:06"
7514,221046,caterpillar,caterpillar,0,1,caterpillar,https://www.inaturalist.org/observations/376544843,"2026-07-06 00:42:06"
7515,221038,ant,ant,0,1,ant,https://www.inaturalist.org/observations/376541121,"2026-07-06 00:42:06"
7516,221035,leafhopper,leafhopper,0,1,leafhopper,https://www.inaturalist.org/observations/376538561,"2026-07-06 00:42:06"
7517,221032,leafhopper,leafhopper,0,1,leafhopper,https://www.inaturalist.org/observations/376538529,"2026-07-06 00:42:06"
7518,221017,spider,spider,0,1,spider,https://www.inaturalist.org/observations/376534711,"2026-07-06 00:42:06"
7519,221007,other,Polydesmida,0,1,Polydesmida,https://www.inaturalist.org/observations/376532145,"2026-07-06 00:42:06"
7520,221004,truebugs,truebugs,0,1,truebugs,https://www.inaturalist.org/observations/376530815,"2026-07-06 00:42:06"
7521,221001,spider,spider,0,0,spider,https://www.inaturalist.org/observations/376530173,"2026-07-06 00:42:06"
7522,220997,spider,spider,0,0,spider,https://www.inaturalist.org/observations/376530113,"2026-07-06 00:45:06"
7523,220996,truebugs,truebugs,0,2,truebugs,https://www.inaturalist.org/observations/376530096,"2026-07-06 00:45:06"
7524,220988,other,Polydesmida,0,1,Polydesmida,https://www.inaturalist.org/observations/376526765,"2026-07-06 00:45:06"
7525,220987,spider,spider,0,1,spider,https://www.inaturalist.org/observations/376526727,"2026-07-06 00:45:06"
7526,220889,bee,fly,0,2,fly,https://www.inaturalist.org/observations/376210900,"2026-07-06 00:45:06"
7527,220639,leafhopper,leafhopper,0,1,leafhopper,https://www.inaturalist.org/observations/375512840,"2026-07-06 00:51:05"
7528,220587,leafhopper,leafhopper,0,1,leafhopper,https://www.inaturalist.org/observations/375504812,"2026-07-06 00:54:05"
7529,220401,leafhopper,leafhopper,0,1,leafhopper,https://www.inaturalist.org/observations/375229519,"2026-07-06 00:57:05"
7530,220381,leafhopper,leafhopper,0,1,leafhopper,https://www.inaturalist.org/observations/375225649,"2026-07-06 01:00:04"
7531,220335,leafhopper,leafhopper,0,1,leafhopper,https://www.inaturalist.org/observations/375210768,"2026-07-06 01:00:04"
7532,220322,leafhopper,leafhopper,0,1,leafhopper,https://www.inaturalist.org/observations/375207654,"2026-07-06 01:03:06"
7533,220320,leafhopper,leafhopper,0,1,leafhopper,https://www.inaturalist.org/observations/375207137,"2026-07-06 01:03:06"
7534,220317,leafhopper,leafhopper,0,1,leafhopper,https://www.inaturalist.org/observations/375206448,"2026-07-06 01:03:06"
7535,219885,ant,bee,0,1,,https://www.inaturalist.org/observations/374635340,"2026-07-06 01:15:06"
7536,219882,grasshopper,grasshopper,0,1,grasshopper,https://www.inaturalist.org/observations/374634422,"2026-07-06 01:15:06"
7537,219685,beetle,truebugs,0,1,,https://www.inaturalist.org/observations/374585413,"2026-07-06 01:24:05"
7538,216527,ant,ant,0,1,ant,https://www.inaturalist.org/observations/370047842,"2026-07-06 03:06:06"
7539,214541,other,beetle,0,1,beetle,https://www.inaturalist.org/observations/367411914,"2026-07-06 04:15:05"
7540,212378,spider,spider,0,1,spider,https://www.inaturalist.org/observations/363541264,"2026-07-06 05:27:05"
7541,186892,ant,Fagales,0,1,,https://www.inaturalist.org/observations/280595470,"2026-07-06 08:24:06"
7542,148050,other,moths,0,1,moths,https://www.inaturalist.org/observations/171946115,"2026-07-06 09:24:06"
